open,close,dir,entry,sl,tp,exit,r,reason,hold_min
2022-01-05 05:30,2022-01-05 06:00,buy,1816.59,1815.24,1817.99,1815.24,-1.000,sl,45
2022-01-05 08:30,2022-01-05 08:30,buy,1817.13,1815.95,1818.27,1815.95,-1.000,sl,15
2022-01-05 11:30,2022-01-05 11:30,buy,1818.59,1816.72,1820.78,1818.15,-0.235,lock_stop,15
2022-01-06 02:30,2022-01-06 02:45,sell,1807.70,1809.41,1805.77,1809.41,-1.000,sl,30
2022-01-06 05:30,2022-01-06 06:00,sell,1807.83,1809.51,1805.94,1805.94,1.127,tp,45
2022-01-06 07:00,2022-01-06 07:15,sell,1805.17,1806.59,1803.67,1806.59,-1.000,sl,30
2022-01-06 07:45,2022-01-06 08:15,sell,1804.00,1805.56,1802.29,1802.29,1.099,tp,45
2022-01-06 10:30,2022-01-06 11:30,sell,1797.47,1799.96,1794.36,1794.36,1.249,tp,75
2022-01-06 14:45,2022-01-06 14:45,sell,1795.95,1798.99,1792.01,1792.01,1.295,tp,15
2022-01-07 03:15,2022-01-07 03:15,sell,1789.91,1791.19,1788.62,1791.19,-1.000,sl,15
2022-01-07 07:45,2022-01-07 08:00,sell,1791.33,1792.40,1790.34,1790.34,0.918,tp,30
2022-01-07 08:30,2022-01-07 08:45,sell,1789.29,1790.41,1788.24,1790.41,-1.000,sl,30
2022-01-07 10:15,2022-01-07 10:15,sell,1787.59,1789.16,1785.86,1789.16,-1.000,sl,15
2022-01-10 11:00,2022-01-10 12:00,buy,1796.66,1794.75,1798.91,1798.91,1.174,tp,75
2022-01-10 13:30,2022-01-10 14:00,buy,1801.24,1799.20,1803.68,1799.20,-1.000,sl,45
2022-01-10 19:45,2022-01-10 23:30,buy,1799.21,1796.80,1802.20,1801.72,1.041,time,240
2022-01-11 02:15,2022-01-11 03:00,buy,1803.83,1802.42,1805.33,1802.42,-1.000,sl,60
2022-01-11 03:30,2022-01-11 05:15,buy,1805.78,1804.19,1807.53,1807.53,1.106,tp,120
2022-01-11 08:00,2022-01-11 08:30,buy,1808.70,1807.36,1810.08,1807.36,-1.000,sl,45
2022-01-11 18:00,2022-01-11 18:30,buy,1811.94,1808.63,1816.28,1816.28,1.311,tp,45
2022-01-11 19:45,2022-01-11 22:00,buy,1817.04,1813.85,1821.20,1821.20,1.304,tp,150
2022-01-11 22:45,2022-01-11 22:45,buy,1822.21,1820.62,1823.97,1822.97,0.477,lock_target,15
2022-01-12 07:30,2022-01-12 07:30,buy,1819.82,1818.68,1820.90,1820.90,0.950,tp,15
2022-01-12 14:45,2022-01-12 15:15,buy,1818.92,1817.42,1820.55,1820.55,1.084,tp,45
2022-01-13 03:45,2022-01-13 03:45,buy,1826.78,1825.64,1827.87,1825.64,-1.000,sl,15
2022-01-13 06:15,2022-01-13 07:15,buy,1826.15,1824.90,1827.40,1827.40,0.999,tp,75
2022-01-13 07:45,2022-01-13 07:45,buy,1827.97,1826.81,1829.08,1826.81,-1.000,sl,15
2022-01-13 11:15,2022-01-13 11:30,sell,1819.49,1821.71,1816.79,1821.71,-1.000,sl,30
2022-01-14 02:15,2022-01-14 02:15,sell,1819.97,1821.22,1818.72,1821.22,-1.000,sl,15
2022-01-14 04:30,2022-01-14 07:30,buy,1825.50,1823.75,1827.50,1827.50,1.142,tp,195
2022-01-14 08:00,2022-01-14 08:00,buy,1827.99,1826.68,1829.32,1826.68,-1.000,sl,15
2022-01-14 13:30,2022-01-14 13:45,sell,1820.13,1822.22,1817.62,1822.22,-1.000,sl,30
2022-01-14 18:30,2022-01-14 18:30,sell,1818.24,1821.70,1813.67,1818.74,-0.144,lock_stop,15
2022-01-17 02:15,2022-01-17 02:15,sell,1815.42,1816.71,1814.11,1816.71,-1.000,sl,15
2022-01-17 03:15,2022-01-17 03:30,sell,1813.97,1815.31,1812.58,1815.31,-1.000,sl,30
2022-01-17 09:30,2022-01-17 10:30,buy,1821.49,1820.11,1822.94,1822.94,1.048,tp,75
2022-01-17 21:00,2022-01-17 21:15,sell,1817.95,1818.88,1817.18,1818.88,-1.000,sl,30
2022-01-18 04:00,2022-01-18 04:45,buy,1822.37,1821.25,1823.42,1821.25,-1.000,sl,60
2022-01-18 09:15,2022-01-18 09:30,sell,1814.04,1815.89,1811.88,1815.89,-1.000,sl,30
2022-01-18 11:00,2022-01-18 11:00,sell,1811.79,1814.22,1808.77,1812.95,-0.477,lock_stop,15
2022-01-19 02:15,2022-01-19 02:30,sell,1812.54,1813.91,1811.10,1813.91,-1.000,sl,30
2022-01-19 03:30,2022-01-19 03:30,sell,1812.26,1813.49,1811.04,1813.49,-1.000,sl,15
2022-01-19 04:00,2022-01-19 04:00,sell,1812.05,1813.38,1810.69,1813.38,-1.000,sl,15
2022-01-20 03:00,2022-01-20 03:00,buy,1841.41,1840.05,1842.83,1840.05,-1.000,sl,15
2022-01-20 03:30,2022-01-20 03:30,buy,1843.73,1842.11,1845.53,1842.11,-1.000,sl,15
2022-01-20 10:15,2022-01-20 10:15,buy,1841.70,1840.00,1843.62,1841.33,-0.218,lock_stop,15
2022-01-21 03:15,2022-01-21 03:30,sell,1836.49,1837.93,1834.96,1837.93,-1.000,sl,30
2022-01-21 09:15,2022-01-21 09:15,buy,1842.38,1841.07,1843.71,1841.07,-1.000,sl,15
2022-01-21 10:30,2022-01-21 10:45,sell,1833.16,1835.34,1830.52,1830.52,1.213,tp,30
2022-01-21 14:00,2022-01-21 14:00,sell,1831.78,1833.71,1829.50,1833.71,-1.000,sl,15
2022-01-21 17:30,2022-01-21 18:45,sell,1834.10,1837.44,1829.72,1835.03,-0.279,lock_stop,90
2022-01-24 03:30,2022-01-24 03:30,sell,1832.44,1834.15,1830.50,1834.15,-1.000,sl,15
2022-01-24 07:00,2022-01-24 09:00,buy,1838.21,1836.72,1839.81,1836.72,-1.000,sl,135
2022-01-24 10:15,2022-01-24 11:00,buy,1840.36,1838.56,1842.44,1842.44,1.153,tp,60
2022-01-24 15:30,2022-01-24 15:30,buy,1841.71,1839.26,1844.77,1839.26,-1.000,sl,15
2022-01-24 23:15,2022-01-24 23:45,buy,1843.31,1841.00,1846.14,1843.16,-0.065,eod,45
2022-01-25 06:00,2022-01-25 08:00,buy,1842.42,1841.01,1843.91,1841.01,-1.000,sl,135
2022-01-25 11:45,2022-01-25 12:00,sell,1837.00,1839.02,1834.60,1839.02,-1.000,sl,30
2022-01-25 17:00,2022-01-25 17:00,buy,1850.63,1847.44,1854.79,1847.44,-1.000,sl,15
2022-01-26 01:45,2022-01-26 02:00,buy,1850.05,1848.59,1851.61,1848.59,-1.000,sl,30
2022-01-26 13:30,2022-01-26 14:30,sell,1844.42,1846.16,1842.43,1846.16,-1.000,sl,75
2022-01-26 16:15,2022-01-26 16:15,sell,1840.18,1842.61,1837.16,1837.16,1.243,tp,15
2022-01-26 19:15,2022-01-26 21:00,sell,1830.32,1834.23,1825.08,1825.08,1.340,tp,120
2022-01-26 21:45,2022-01-26 21:45,sell,1822.26,1825.82,1817.54,1817.54,1.325,tp,15
2022-01-27 03:15,2022-01-27 03:45,sell,1817.79,1819.86,1815.32,1815.32,1.197,tp,45
2022-01-27 04:15,2022-01-27 04:15,sell,1814.82,1816.87,1812.36,1816.87,-1.000,sl,15
2022-01-27 07:30,2022-01-27 08:00,sell,1814.47,1816.39,1812.22,1812.22,1.174,tp,45
2022-01-27 08:45,2022-01-27 09:00,sell,1811.12,1812.78,1809.25,1812.78,-1.000,sl,30
2022-01-27 13:00,2022-01-27 13:30,sell,1811.47,1813.82,1808.57,1808.57,1.234,tp,45
2022-01-27 15:00,2022-01-27 15:30,sell,1806.95,1809.60,1803.61,1803.61,1.264,tp,45
2022-01-28 09:15,2022-01-28 10:00,sell,1796.51,1797.90,1795.05,1795.05,1.051,tp,60
2022-01-28 10:30,2022-01-28 11:00,sell,1793.15,1794.89,1791.16,1791.16,1.141,tp,45
2022-01-31 03:00,2022-01-31 03:00,sell,1786.95,1788.52,1785.21,1788.52,-1.000,sl,15
2022-01-31 05:45,2022-01-31 07:30,sell,1786.98,1788.45,1785.40,1788.45,-1.000,sl,120
2022-01-31 09:30,2022-01-31 09:30,sell,1786.07,1787.56,1784.46,1787.20,-0.757,lock_stop,15
2022-02-01 03:30,2022-02-01 03:30,buy,1798.87,1797.70,1800.00,1797.70,-1.000,sl,15
2022-02-01 06:45,2022-02-01 07:00,buy,1798.58,1797.28,1799.90,1799.90,1.018,tp,30
2022-02-01 07:30,2022-02-01 07:45,buy,1801.99,1800.67,1803.35,1803.35,1.028,tp,30
2022-02-01 11:00,2022-02-01 12:30,buy,1804.95,1803.05,1807.17,1807.17,1.170,tp,105
2022-02-02 04:30,2022-02-02 05:15,sell,1799.00,1800.08,1798.00,1798.00,0.922,tp,60
2022-02-02 09:45,2022-02-02 09:45,sell,1795.07,1796.60,1793.41,1796.60,-1.000,sl,15
2022-02-02 14:30,2022-02-02 15:00,buy,1804.76,1803.07,1806.67,1803.07,-1.000,sl,45
2022-02-03 04:00,2022-02-03 04:15,buy,1808.85,1807.79,1809.81,1807.79,-1.000,sl,30
2022-02-03 09:30,2022-02-03 10:30,sell,1803.77,1804.98,1802.58,1804.98,-1.000,sl,75
2022-02-03 12:30,2022-02-03 12:30,sell,1802.25,1803.90,1800.40,1803.90,-1.000,sl,15
2022-02-04 01:45,2022-02-04 01:45,buy,1806.57,1805.47,1807.60,1805.47,-1.000,sl,15
2022-02-04 03:15,2022-02-04 06:30,buy,1806.83,1805.80,1807.76,1807.76,0.896,tp,210
2022-02-04 09:15,2022-02-04 09:30,buy,1808.07,1806.93,1809.16,1806.93,-1.000,sl,30
2022-02-04 10:45,2022-02-04 10:45,buy,1810.10,1808.68,1811.60,1808.68,-1.000,sl,15
2022-02-07 01:15,2022-02-07 01:30,buy,1809.60,1808.15,1811.15,1811.15,1.069,tp,30
2022-02-07 02:15,2022-02-07 03:00,buy,1812.54,1811.06,1814.14,1811.06,-1.000,sl,60
2022-02-07 09:15,2022-02-07 09:45,buy,1811.65,1810.41,1812.89,1812.89,0.997,tp,45
2022-02-07 13:45,2022-02-07 15:00,buy,1813.12,1811.36,1815.13,1815.13,1.144,tp,90
2022-02-08 04:00,2022-02-08 06:45,buy,1822.40,1821.23,1823.52,1821.23,-1.000,sl,180
2022-02-08 16:00,2022-02-08 16:00,buy,1824.30,1822.35,1826.60,1822.35,-1.000,sl,15
2022-02-08 17:30,2022-02-08 17:30,buy,1827.35,1824.82,1830.52,1826.36,-0.391,lock_stop,15
2022-02-09 03:15,2022-02-09 03:15,buy,1826.61,1825.73,1827.30,1825.73,-1.000,sl,15
2022-02-09 04:15,2022-02-09 04:45,buy,1827.45,1826.47,1828.29,1826.47,-1.000,sl,45
2022-02-09 15:00,2022-02-09 15:00,buy,1828.38,1827.10,1829.68,1829.68,1.013,tp,15
2022-02-09 18:45,2022-02-09 22:30,buy,1833.17,1830.25,1836.92,1832.62,-0.188,time,240
2022-02-10 08:00,2022-02-10 08:15,buy,1834.74,1833.94,1835.32,1833.94,-1.000,sl,30
2022-02-10 09:45,2022-02-10 09:45,buy,1835.35,1834.30,1836.30,1834.30,-1.000,sl,15
2022-02-10 12:45,2022-02-10 12:45,buy,1833.46,1831.75,1835.40,1833.07,-0.228,lock_stop,15
2022-02-11 02:30,2022-02-11 04:30,sell,1824.79,1826.39,1823.02,1826.39,-1.000,sl,135
2022-02-11 06:15,2022-02-11 07:15,sell,1823.91,1825.36,1822.35,1825.36,-1.000,sl,75
2022-02-11 08:45,2022-02-11 08:45,sell,1822.23,1823.70,1820.66,1822.89,-0.451,lock_stop,15
2022-02-14 10:30,2022-02-14 10:30,buy,1858.49,1856.27,1861.20,1856.27,-1.000,sl,15
2022-02-14 15:45,2022-02-14 16:30,buy,1860.56,1857.48,1864.56,1864.56,1.297,tp,60
2022-02-14 17:00,2022-02-14 18:30,buy,1866.72,1862.98,1871.71,1862.98,-1.000,sl,105
2022-02-14 20:30,2022-02-14 20:45,buy,1867.99,1864.79,1872.17,1872.17,1.305,tp,30
2022-02-15 04:45,2022-02-15 05:15,buy,1876.39,1874.72,1878.28,1878.28,1.127,tp,45
2022-02-15 11:30,2022-02-15 11:45,sell,1854.83,1858.62,1849.77,1858.62,-1.000,sl,30
2022-02-15 13:45,2022-02-15 14:15,sell,1852.85,1856.88,1847.44,1847.44,1.345,tp,45
2022-02-15 22:30,2022-02-15 23:45,sell,1852.31,1854.39,1849.82,1853.36,-0.505,eod,90
2022-02-16 03:15,2022-02-16 03:45,sell,1851.23,1852.55,1849.88,1852.55,-1.000,sl,45
2022-02-16 12:00,2022-02-16 12:15,buy,1858.76,1857.20,1860.47,1857.20,-1.000,sl,30
2022-02-16 16:00,2022-02-16 16:00,buy,1858.94,1856.39,1862.14,1858.01,-0.365,lock_stop,15
2022-02-17 02:30,2022-02-17 03:00,buy,1871.50,1869.67,1873.62,1869.67,-1.000,sl,45
2022-02-17 06:00,2022-02-17 06:00,buy,1875.13,1873.16,1877.46,1873.16,-1.000,sl,15
2022-02-17 10:30,2022-02-17 11:00,buy,1884.58,1881.04,1889.27,1889.27,1.323,tp,45
2022-02-17 11:30,2022-02-17 11:45,buy,1893.08,1888.87,1898.77,1888.87,-1.000,sl,30
2022-02-17 15:15,2022-02-17 15:30,buy,1890.05,1887.38,1893.42,1893.42,1.266,tp,30
2022-02-18 01:30,2022-02-18 02:15,buy,1899.84,1898.10,1901.83,1901.83,1.141,tp,60
2022-02-18 12:45,2022-02-18 12:45,sell,1887.26,1889.90,1883.93,1889.90,-1.000,sl,15
2022-02-18 15:30,2022-02-18 15:30,buy,1899.40,1896.47,1903.16,1896.47,-1.000,sl,15
2022-02-18 23:15,2022-02-18 23:45,buy,1897.93,1896.27,1899.79,1897.34,-0.356,eod,45
2022-02-21 01:15,2022-02-21 02:15,buy,1904.54,1902.36,1907.19,1907.19,1.213,tp,75
2022-02-21 09:00,2022-02-21 09:15,sell,1887.70,1890.04,1884.81,1890.04,-1.000,sl,30
2022-02-21 19:45,2022-02-21 20:00,buy,1897.34,1895.57,1899.37,1899.37,1.147,tp,30
2022-02-21 20:30,2022-02-21 20:45,buy,1900.44,1898.69,1902.43,1902.43,1.142,tp,30
2022-02-22 01:15,2022-02-22 01:30,buy,1912.41,1909.50,1916.16,1909.50,-1.000,sl,30
2022-02-22 08:00,2022-02-22 08:30,buy,1910.40,1908.77,1912.22,1908.77,-1.000,sl,45
2022-02-22 09:30,2022-02-22 09:30,buy,1912.48,1910.75,1914.44,1911.45,-0.597,lock_stop,15
2022-02-23 02:00,2022-02-23 02:30,sell,1897.99,1899.78,1895.94,1899.78,-1.000,sl,45
2022-02-23 07:00,2022-02-23 07:15,sell,1896.75,1898.18,1895.23,1895.23,1.063,tp,30
2022-02-23 11:00,2022-02-23 11:00,sell,1892.82,1895.20,1889.88,1895.20,-1.000,sl,15
2022-02-23 17:00,2022-02-23 17:00,buy,1906.40,1903.43,1910.23,1903.43,-1.000,sl,15
2022-02-23 19:15,2022-02-23 19:45,buy,1909.64,1906.76,1913.34,1908.32,-0.458,lock_stop,45
2022-02-24 01:30,2022-02-24 02:45,buy,1910.98,1908.87,1913.52,1913.52,1.204,tp,90
2022-02-24 04:30,2022-02-24 04:45,buy,1914.72,1912.49,1917.43,1917.43,1.219,tp,30
2022-02-25 10:00,2022-02-25 10:15,sell,1913.08,1916.07,1909.22,1909.22,1.291,tp,30
2022-02-25 12:30,2022-02-25 12:30,sell,1907.27,1910.84,1902.54,1910.84,-1.000,sl,15
2022-02-25 13:30,2022-02-25 13:30,sell,1903.41,1907.31,1898.19,1898.19,1.340,tp,15
2022-02-25 15:15,2022-02-25 15:15,sell,1890.29,1895.94,1882.43,1895.94,-1.000,sl,15
2022-02-25 16:00,2022-02-25 19:45,sell,1887.47,1893.97,1878.34,1887.37,0.015,time,240
2022-02-25 23:30,2022-02-25 23:45,sell,1886.99,1889.47,1883.89,1888.25,-0.508,eod,30
2022-02-28 15:00,2022-02-28 15:00,buy,1913.53,1910.14,1917.99,1910.14,-1.000,sl,15
2022-02-28 15:45,2022-02-28 16:30,buy,1915.56,1911.69,1920.74,1911.69,-1.000,sl,60
2022-02-28 23:15,2022-02-28 23:15,buy,1911.02,1908.18,1914.65,1908.22,-0.987,lock_stop,15
2022-03-01 04:15,2022-03-01 04:30,sell,1901.98,1903.76,1899.93,1903.76,-1.000,sl,30
2022-03-01 08:00,2022-03-01 08:00,buy,1907.33,1905.60,1909.30,1905.60,-1.000,sl,15
2022-03-01 09:00,2022-03-01 09:00,buy,1907.98,1906.25,1909.95,1907.80,-0.104,lock_stop,15
2022-03-02 09:15,2022-03-02 09:45,buy,1941.26,1938.38,1944.95,1944.95,1.283,tp,45
2022-03-02 18:15,2022-03-02 18:15,sell,1918.75,1925.21,1909.69,1925.21,-1.000,sl,15
2022-03-02 19:15,2022-03-02 21:00,sell,1915.72,1922.14,1906.71,1922.14,-1.000,sl,120
2022-03-03 03:15,2022-03-03 03:30,sell,1926.82,1929.06,1924.08,1929.06,-1.000,sl,30
2022-03-03 06:45,2022-03-03 07:45,sell,1924.29,1926.38,1921.78,1926.38,-1.000,sl,75
2022-03-03 13:45,2022-03-03 13:45,buy,1936.62,1933.04,1941.37,1933.04,-1.000,sl,15
2022-03-04 02:15,2022-03-04 02:15,buy,1939.47,1937.02,1942.52,1942.52,1.245,tp,15
2022-03-04 02:45,2022-03-04 02:45,buy,1949.87,1946.74,1953.94,1946.74,-1.000,sl,15
2022-03-04 11:15,2022-03-04 11:45,buy,1941.61,1938.51,1945.64,1945.64,1.298,tp,45
2022-03-04 13:00,2022-03-04 14:15,buy,1947.44,1944.02,1951.95,1949.22,0.520,lock_target,90
2022-03-07 01:15,2022-03-07 01:15,buy,1988.16,1983.77,1994.11,1983.77,-1.000,sl,15
2022-03-07 03:15,2022-03-07 03:30,buy,1992.49,1987.29,1999.66,1999.66,1.380,tp,30
2022-03-07 09:45,2022-03-07 10:15,buy,1990.57,1986.31,1996.33,1996.33,1.353,tp,45
2022-03-07 13:00,2022-03-07 13:15,buy,2002.69,1998.20,2008.81,1998.20,-1.000,sl,30
2022-03-07 20:30,2022-03-07 23:45,buy,1992.38,1985.77,2001.68,1997.24,0.735,eod,210
2022-03-08 07:00,2022-03-08 08:00,buy,1991.45,1988.63,1995.05,1995.05,1.278,tp,75
2022-03-08 08:30,2022-03-08 08:30,buy,1997.70,1994.73,2001.53,2001.53,1.289,tp,15
2022-03-09 04:30,2022-03-09 04:45,buy,2049.02,2044.71,2054.86,2054.86,1.355,tp,30
2022-03-09 05:45,2022-03-09 06:45,buy,2056.97,2051.81,2064.08,2051.81,-1.000,sl,75
2022-03-09 12:00,2022-03-09 12:00,sell,2017.63,2024.41,2008.08,2008.08,1.408,tp,15
2022-03-09 15:30,2022-03-09 15:45,sell,1998.08,2006.10,1986.67,1986.67,1.422,tp,30
2022-03-10 02:15,2022-03-10 03:00,sell,1987.70,1992.08,1981.75,1981.75,1.357,tp,60
2022-03-10 10:00,2022-03-10 10:00,sell,1975.06,1979.02,1969.75,1979.02,-1.000,sl,15
2022-03-10 13:15,2022-03-10 15:45,buy,2003.51,1996.47,2013.44,1996.47,-1.000,sl,165
2022-03-10 19:30,2022-03-10 20:15,buy,2000.18,1993.41,2009.71,1993.41,-1.000,sl,60
2022-03-10 22:30,2022-03-10 22:30,buy,2002.07,1997.81,2007.83,2000.53,-0.362,lock_stop,15
2022-03-11 03:15,2022-03-11 03:30,sell,1990.89,1993.97,1986.89,1993.97,-1.000,sl,30
2022-03-11 05:45,2022-03-11 06:30,sell,1991.13,1994.15,1987.23,1987.23,1.293,tp,60
2022-03-11 07:15,2022-03-11 07:30,sell,1985.10,1987.86,1981.59,1981.59,1.273,tp,30
2022-03-11 13:30,2022-03-11 13:30,sell,1980.57,1984.94,1974.64,1974.64,1.357,tp,15
2022-03-14 00:30,2022-03-14 00:45,sell,1973.05,1977.04,1967.69,1977.04,-1.000,sl,30
2022-03-14 02:15,2022-03-14 02:30,sell,1970.18,1974.88,1963.76,1974.88,-1.000,sl,30
2022-03-14 10:15,2022-03-14 10:15,sell,1969.56,1973.02,1965.00,1971.76,-0.637,lock_stop,15
2022-03-15 02:15,2022-03-15 03:15,sell,1949.15,1951.80,1945.80,1945.80,1.264,tp,75
2022-03-15 03:45,2022-03-15 04:00,sell,1941.24,1944.52,1936.95,1944.52,-1.000,sl,30
2022-03-15 07:00,2022-03-15 07:00,sell,1935.85,1938.57,1932.39,1932.39,1.270,tp,15
2022-03-15 08:00,2022-03-15 08:00,sell,1925.84,1928.93,1921.83,1928.93,-1.000,sl,15
2022-03-15 13:00,2022-03-15 13:15,sell,1921.56,1926.28,1915.11,1926.28,-1.000,sl,30
2022-03-15 15:15,2022-03-15 15:30,sell,1918.66,1923.84,1911.52,1923.84,-1.000,sl,30
2022-03-15 16:15,2022-03-15 16:45,sell,1911.90,1918.46,1902.68,1916.11,-0.641,lock_stop,45
2022-03-16 05:30,2022-03-16 08:30,sell,1918.25,1920.86,1914.96,1914.96,1.261,tp,195
2022-03-16 16:15,2022-03-16 16:15,sell,1911.25,1915.83,1905.01,1905.01,1.363,tp,15
2022-03-17 03:30,2022-03-17 03:30,buy,1930.86,1928.51,1933.76,1933.76,1.234,tp,15
2022-03-17 05:30,2022-03-17 06:15,buy,1937.99,1935.35,1941.33,1935.35,-1.000,sl,60
2022-03-17 10:15,2022-03-17 10:15,buy,1936.26,1933.51,1939.77,1939.77,1.273,tp,15
2022-03-17 10:45,2022-03-17 11:00,buy,1941.34,1938.44,1945.06,1938.44,-1.000,sl,30
2022-03-17 12:15,2022-03-17 12:15,buy,1944.32,1940.63,1949.23,1940.63,-1.000,sl,15
2022-03-17 17:00,2022-03-17 18:00,buy,1948.77,1943.35,1956.28,1943.35,-1.000,sl,75
2022-03-18 02:00,2022-03-18 02:30,buy,1944.12,1941.84,1946.91,1941.84,-1.000,sl,45
2022-03-18 05:00,2022-03-18 05:30,sell,1933.45,1936.22,1929.93,1929.93,1.274,tp,45
2022-03-18 15:15,2022-03-18 15:15,sell,1932.16,1936.17,1926.78,1926.78,1.344,tp,15
2022-03-18 18:45,2022-03-18 20:45,sell,1928.74,1933.87,1921.67,1923.72,0.978,lock_target,135
2022-03-21 08:00,2022-03-21 08:00,sell,1925.16,1926.87,1923.22,1923.22,1.134,tp,15
2022-03-21 15:30,2022-03-21 15:30,sell,1921.16,1924.27,1917.13,1924.27,-1.000,sl,15
2022-03-21 16:15,2022-03-21 18:30,buy,1934.58,1931.06,1939.24,1931.06,-1.000,sl,150
2022-03-21 21:00,2022-03-21 22:45,buy,1936.32,1932.87,1940.87,1934.91,-0.409,eod,120
2022-03-22 05:00,2022-03-22 06:45,buy,1935.93,1933.54,1938.89,1933.54,-1.000,sl,120
2022-03-22 07:45,2022-03-22 08:00,buy,1938.13,1936.34,1940.19,1936.34,-1.000,sl,30
2022-03-22 11:00,2022-03-22 11:15,sell,1924.47,1927.53,1920.51,1924.49,-0.007,lock_stop,30
2022-03-23 00:30,2022-03-23 00:45,sell,1919.96,1921.77,1917.86,1921.77,-1.000,sl,30
2022-03-23 02:30,2022-03-23 02:45,sell,1917.50,1919.13,1915.68,1915.68,1.117,tp,30
2022-03-23 07:15,2022-03-23 08:00,sell,1920.60,1922.16,1918.88,1918.88,1.101,tp,60
2022-03-23 08:45,2022-03-23 09:15,sell,1917.76,1919.31,1916.07,1919.31,-1.000,sl,45
2022-03-23 11:30,2022-03-23 11:30,buy,1927.64,1925.15,1930.75,1930.75,1.249,tp,15
2022-03-23 12:15,2022-03-23 13:15,buy,1932.31,1929.61,1935.73,1929.61,-1.000,sl,75
2022-03-23 15:45,2022-03-23 16:15,buy,1934.25,1930.77,1938.84,1930.77,-1.000,sl,45
2022-03-23 19:00,2022-03-23 21:15,buy,1935.71,1932.15,1940.43,1940.43,1.324,tp,150
2022-03-23 21:45,2022-03-23 21:45,buy,1944.62,1942.06,1947.83,1947.83,1.256,tp,15
2022-03-24 02:30,2022-03-24 02:45,buy,1947.79,1946.10,1949.71,1946.10,-1.000,sl,30
2022-03-24 08:15,2022-03-24 08:30,buy,1942.86,1940.66,1945.53,1940.66,-1.000,sl,30
2022-03-24 10:00,2022-03-24 10:15,buy,1944.25,1941.78,1947.33,1943.04,-0.490,lock_stop,30
2022-03-25 02:15,2022-03-25 03:00,buy,1961.05,1959.20,1963.20,1963.20,1.163,tp,60
2022-03-25 04:30,2022-03-25 04:30,buy,1963.95,1961.77,1966.59,1961.77,-1.000,sl,15
2022-03-25 12:45,2022-03-25 13:45,sell,1950.78,1953.72,1947.00,1953.72,-1.000,sl,75
2022-03-25 15:30,2022-03-25 15:45,sell,1947.58,1951.35,1942.55,1951.35,-1.000,sl,30
2022-03-25 19:45,2022-03-25 19:45,sell,1952.76,1956.33,1948.03,1953.48,-0.202,lock_stop,15
2022-03-28 04:30,2022-03-28 04:45,sell,1949.58,1952.02,1946.54,1946.54,1.244,tp,30
2022-03-28 07:00,2022-03-28 08:00,sell,1944.44,1947.62,1940.29,1941.66,0.874,lock_target,75
2022-03-29 07:00,2022-03-29 07:30,sell,1924.93,1927.28,1922.03,1922.03,1.234,tp,45
2022-03-29 10:30,2022-03-29 11:15,sell,1919.91,1922.19,1917.12,1917.12,1.226,tp,60
2022-03-30 04:15,2022-03-30 04:15,buy,1920.30,1918.33,1922.63,1922.63,1.183,tp,15
2022-03-30 05:15,2022-03-30 05:45,buy,1925.11,1922.71,1928.08,1922.71,-1.000,sl,45
2022-03-30 07:45,2022-03-30 08:15,buy,1926.13,1923.44,1929.54,1923.44,-1.000,sl,45
2022-03-30 14:30,2022-03-30 15:00,buy,1923.75,1920.82,1927.53,1927.53,1.287,tp,45
2022-03-30 15:30,2022-03-30 15:30,buy,1928.42,1925.32,1932.44,1925.32,-1.000,sl,15
2022-03-30 16:45,2022-03-30 17:45,buy,1932.84,1928.96,1938.04,1938.04,1.339,tp,75
2022-03-30 22:45,2022-03-30 23:45,buy,1935.31,1932.97,1938.20,1932.97,-1.000,sl,75
2022-03-31 03:00,2022-03-31 03:00,buy,1934.19,1932.71,1935.78,1932.71,-1.000,sl,15
2022-03-31 06:00,2022-03-31 07:15,sell,1924.76,1927.35,1921.50,1921.50,1.259,tp,90
2022-03-31 08:30,2022-03-31 08:45,sell,1919.46,1922.11,1916.11,1922.11,-1.000,sl,30
2022-03-31 12:15,2022-03-31 13:15,sell,1923.60,1926.82,1919.39,1926.82,-1.000,sl,75
2022-03-31 15:30,2022-03-31 16:00,buy,1933.83,1931.02,1937.43,1937.43,1.278,tp,45
2022-03-31 16:45,2022-03-31 18:30,buy,1940.11,1936.63,1944.71,1944.71,1.321,tp,120
2022-03-31 20:15,2022-03-31 21:30,buy,1945.65,1942.21,1950.19,1942.21,-1.000,sl,90
2022-04-01 04:45,2022-04-01 05:00,buy,1938.68,1936.62,1941.15,1936.62,-1.000,sl,30
2022-04-01 07:15,2022-04-01 07:30,buy,1939.46,1937.38,1941.96,1937.38,-1.000,sl,30
2022-04-01 10:00,2022-04-01 12:00,sell,1932.22,1934.47,1929.46,1934.47,-1.000,sl,135
2022-04-04 05:00,2022-04-04 05:15,sell,1922.46,1924.21,1920.46,1920.46,1.143,tp,30
2022-04-04 05:45,2022-04-04 07:15,sell,1918.73,1920.65,1916.47,1916.47,1.174,tp,105
2022-04-05 06:15,2022-04-05 06:30,sell,1927.21,1928.80,1925.45,1928.80,-1.000,sl,30
2022-04-05 07:15,2022-04-05 07:15,sell,1926.67,1928.29,1924.86,1928.29,-1.000,sl,15
2022-04-05 10:00,2022-04-05 10:00,buy,1932.97,1931.20,1935.01,1931.20,-1.000,sl,15
2022-04-06 02:45,2022-04-06 03:45,sell,1920.83,1922.72,1918.61,1918.61,1.170,tp,75
2022-04-06 07:45,2022-04-06 08:30,sell,1920.58,1922.82,1917.84,1922.82,-1.000,sl,60
2022-04-06 09:15,2022-04-06 09:30,sell,1918.93,1920.92,1916.56,1920.92,-1.000,sl,30
2022-04-06 10:15,2022-04-06 10:15,sell,1916.59,1918.99,1913.62,1918.99,-1.000,sl,15
2022-04-06 16:45,2022-04-06 17:00,buy,1929.46,1925.44,1934.87,1925.44,-1.000,sl,30
2022-04-07 02:15,2022-04-07 03:00,sell,1922.52,1924.96,1919.48,1924.96,-1.000,sl,60
2022-04-07 05:15,2022-04-07 05:45,sell,1921.99,1923.97,1919.65,1923.97,-1.000,sl,45
2022-04-07 15:00,2022-04-07 15:00,buy,1930.90,1928.61,1933.71,1933.71,1.227,tp,15
2022-04-07 18:00,2022-04-07 18:00,buy,1936.90,1932.87,1942.31,1932.87,-1.000,sl,15
2022-04-08 02:45,2022-04-08 05:15,buy,1933.56,1931.59,1935.89,1931.59,-1.000,sl,165
2022-04-08 13:15,2022-04-08 14:00,buy,1933.94,1931.78,1936.55,1931.78,-1.000,sl,60
2022-04-08 15:15,2022-04-08 15:15,buy,1938.16,1935.90,1940.92,1935.90,-1.000,sl,15
2022-04-11 01:15,2022-04-11 01:30,buy,1949.23,1947.14,1951.74,1947.14,-1.000,sl,30
2022-04-11 09:00,2022-04-11 09:15,buy,1945.43,1942.97,1948.50,1942.97,-1.000,sl,30
2022-04-11 11:15,2022-04-11 11:15,buy,1949.14,1946.44,1952.57,1952.57,1.269,tp,15
2022-04-11 11:45,2022-04-11 13:30,buy,1956.95,1953.64,1961.30,1953.64,-1.000,sl,120
2022-04-11 15:00,2022-04-11 15:15,buy,1960.87,1958.03,1964.51,1964.51,1.280,tp,30
2022-04-11 15:45,2022-04-11 16:00,buy,1965.94,1962.63,1970.27,1962.63,-1.000,sl,30
2022-04-12 05:00,2022-04-12 05:45,buy,1955.28,1953.29,1957.64,1957.64,1.186,tp,60
2022-04-12 06:45,2022-04-12 08:45,buy,1959.19,1957.00,1961.85,1957.00,-1.000,sl,135
2022-04-12 13:30,2022-04-12 14:15,buy,1956.58,1953.88,1960.01,1953.88,-1.000,sl,60
2022-04-12 15:15,2022-04-12 15:15,buy,1959.62,1956.79,1963.24,1956.79,-1.000,sl,15
2022-04-12 15:45,2022-04-12 15:45,buy,1965.54,1961.68,1970.71,1970.71,1.338,tp,15
2022-04-12 18:00,2022-04-12 19:00,buy,1975.97,1969.68,1984.78,1969.68,-1.000,sl,75
2022-04-13 05:00,2022-04-13 06:00,buy,1969.48,1967.45,1971.91,1971.91,1.193,tp,75
2022-04-13 08:45,2022-04-13 08:45,buy,1973.61,1971.67,1975.89,1971.67,-1.000,sl,15
2022-04-13 11:30,2022-04-13 12:45,buy,1975.08,1972.19,1978.80,1978.80,1.284,tp,90
2022-04-13 15:15,2022-04-13 15:15,buy,1980.61,1977.90,1984.05,1977.90,-1.000,sl,15
2022-04-13 19:00,2022-04-13 20:00,buy,1981.22,1977.49,1986.20,1977.49,-1.000,sl,75
2022-04-14 05:00,2022-04-14 05:30,buy,1980.00,1978.38,1981.81,1978.38,-1.000,sl,45
2022-04-14 12:15,2022-04-14 13:45,sell,1969.10,1971.98,1965.41,1971.98,-1.000,sl,105
2022-04-14 17:00,2022-04-14 17:00,sell,1961.89,1966.55,1955.53,1963.98,-0.449,lock_stop,15
2022-04-18 01:45,2022-04-18 02:30,buy,1978.39,1976.33,1980.85,1980.85,1.196,tp,60
2022-04-18 03:00,2022-04-18 03:15,buy,1986.96,1984.50,1990.02,1984.50,-1.000,sl,30
2022-04-18 08:15,2022-04-18 08:45,buy,1986.42,1984.33,1988.93,1984.33,-1.000,sl,45
2022-04-18 09:30,2022-04-18 10:45,buy,1988.97,1986.70,1991.75,1991.75,1.225,tp,90
2022-04-18 11:15,2022-04-18 11:15,buy,1993.12,1990.71,1996.11,1990.71,-1.000,sl,15
2022-04-18 15:15,2022-04-18 15:30,buy,1993.94,1991.96,1996.28,1996.28,1.184,tp,30
2022-04-18 21:00,2022-04-18 22:00,sell,1978.05,1981.58,1973.38,1981.58,-1.000,sl,75
2022-04-19 07:45,2022-04-19 08:30,sell,1975.13,1976.83,1973.21,1973.21,1.132,tp,60
2022-04-19 12:30,2022-04-19 13:00,sell,1975.53,1978.24,1972.09,1978.24,-1.000,sl,45
2022-04-19 15:45,2022-04-19 15:45,sell,1969.83,1973.03,1965.65,1965.65,1.305,tp,15
2022-04-19 16:15,2022-04-19 16:30,sell,1962.28,1966.19,1957.05,1966.19,-1.000,sl,30
2022-04-19 17:45,2022-04-19 19:30,sell,1951.96,1957.72,1943.95,1957.72,-1.000,sl,120
2022-04-19 21:30,2022-04-19 22:00,sell,1953.20,1955.90,1949.77,1949.77,1.269,tp,45
2022-04-19 22:30,2022-04-19 22:45,sell,1945.32,1947.84,1942.16,1947.84,-1.000,sl,30
2022-04-20 03:15,2022-04-20 04:00,sell,1947.41,1949.25,1945.28,1949.25,-1.000,sl,60
2022-04-20 04:30,2022-04-20 04:45,sell,1943.75,1946.04,1940.95,1946.04,-1.000,sl,30
2022-04-20 15:30,2022-04-20 15:30,sell,1946.67,1949.62,1942.87,1947.75,-0.366,lock_stop,15
2022-04-21 08:15,2022-04-21 08:15,sell,1949.82,1951.44,1948.01,1951.44,-1.000,sl,15
2022-04-21 11:15,2022-04-21 11:30,sell,1947.32,1949.63,1944.48,1944.48,1.229,tp,30
2022-04-21 14:15,2022-04-21 14:15,sell,1939.85,1942.94,1935.84,1942.94,-1.000,sl,15
2022-04-21 14:45,2022-04-21 15:15,sell,1938.45,1941.97,1933.79,1941.97,-1.000,sl,45
2022-04-21 18:45,2022-04-21 18:45,sell,1938.62,1942.70,1933.13,1940.02,-0.343,lock_stop,15
2022-04-22 07:30,2022-04-22 09:00,buy,1952.30,1949.94,1955.22,1955.22,1.235,tp,105
2022-04-22 12:15,2022-04-22 13:15,sell,1942.28,1945.21,1938.51,1938.51,1.287,tp,75
2022-04-25 03:30,2022-04-25 04:15,sell,1927.97,1930.28,1925.13,1925.13,1.230,tp,60
2022-04-25 05:15,2022-04-25 07:30,sell,1923.71,1926.13,1920.70,1920.70,1.242,tp,150
2022-04-26 10:30,2022-04-26 11:00,sell,1898.47,1901.38,1894.73,1901.38,-1.000,sl,45
2022-04-26 13:15,2022-04-26 13:15,buy,1907.20,1904.12,1911.20,1904.12,-1.000,sl,15
2022-04-26 14:00,2022-04-26 14:00,buy,1909.68,1906.65,1913.60,1906.65,-1.000,sl,15
2022-04-27 03:00,2022-04-27 03:15,buy,1906.72,1904.61,1909.25,1904.61,-1.000,sl,30
2022-04-27 06:00,2022-04-27 07:30,sell,1898.66,1900.86,1895.99,1895.99,1.216,tp,105
2022-04-27 11:15,2022-04-27 11:15,sell,1891.02,1894.66,1886.18,1894.66,-1.000,sl,15
2022-04-27 16:15,2022-04-27 16:30,sell,1894.43,1898.35,1889.18,1889.18,1.340,tp,30
2022-04-27 22:15,2022-04-27 23:45,sell,1886.06,1888.57,1882.92,1885.53,0.211,eod,105
2022-04-28 02:00,2022-04-28 02:45,sell,1884.57,1886.22,1882.72,1886.22,-1.000,sl,60
2022-04-28 04:15,2022-04-28 04:15,sell,1882.28,1884.14,1880.12,1884.14,-1.000,sl,15
2022-04-28 05:15,2022-04-28 05:15,sell,1880.88,1883.06,1878.24,1882.94,-0.946,lock_stop,15
2022-04-29 03:15,2022-04-29 04:00,buy,1896.90,1895.35,1898.60,1898.60,1.096,tp,60
2022-04-29 07:15,2022-04-29 09:00,buy,1905.36,1902.71,1908.72,1908.72,1.264,tp,120
2022-05-02 03:30,2022-05-02 03:45,sell,1893.99,1896.34,1891.09,1891.09,1.234,tp,30
2022-05-02 05:15,2022-05-02 05:15,sell,1888.50,1891.08,1885.25,1885.25,1.258,tp,15
2022-05-03 04:45,2022-05-03 05:15,sell,1859.73,1861.55,1857.63,1861.55,-1.000,sl,45
2022-05-03 07:45,2022-05-03 07:45,sell,1860.79,1862.84,1858.34,1858.34,1.195,tp,15
2022-05-03 10:15,2022-05-03 10:15,sell,1853.68,1856.48,1850.11,1856.48,-1.000,sl,15
2022-05-03 11:45,2022-05-03 12:00,sell,1851.90,1855.33,1847.37,1855.33,-1.000,sl,30
2022-05-03 17:00,2022-05-03 17:00,buy,1871.48,1867.36,1877.03,1867.36,-1.000,sl,15
2022-05-04 02:15,2022-05-04 02:30,buy,1869.44,1867.72,1871.39,1867.72,-1.000,sl,30
2022-05-04 05:15,2022-05-04 05:45,sell,1862.04,1863.86,1859.94,1863.86,-1.000,sl,45
2022-05-04 10:45,2022-05-04 10:45,buy,1871.22,1868.83,1874.19,1870.82,-0.167,lock_stop,15
2022-05-05 02:15,2022-05-05 02:45,buy,1887.30,1883.07,1893.03,1893.03,1.352,tp,45
2022-05-05 03:15,2022-05-05 04:00,buy,1894.92,1891.96,1898.73,1898.73,1.289,tp,60
2022-05-06 03:00,2022-05-06 03:15,sell,1874.05,1875.96,1871.81,1875.96,-1.000,sl,30
2022-05-06 04:00,2022-05-06 04:00,sell,1872.17,1874.08,1869.93,1869.93,1.173,tp,15
2022-05-06 04:45,2022-05-06 04:45,sell,1867.10,1869.57,1864.03,1869.57,-1.000,sl,15
2022-05-06 09:00,2022-05-06 09:00,sell,1873.89,1875.67,1871.84,1875.67,-1.000,sl,15
2022-05-06 10:00,2022-05-06 10:00,sell,1873.07,1874.95,1870.88,1874.95,-1.000,sl,15
2022-05-09 03:15,2022-05-09 03:30,sell,1878.91,1881.23,1876.06,1881.23,-1.000,sl,30
2022-05-09 05:15,2022-05-09 07:45,sell,1876.00,1878.39,1873.03,1873.03,1.239,tp,165
2022-05-09 08:15,2022-05-09 09:45,sell,1872.21,1874.31,1869.69,1869.69,1.202,tp,105
2022-05-09 10:30,2022-05-09 10:45,sell,1868.78,1871.11,1865.91,1871.11,-1.000,sl,30
2022-05-09 11:45,2022-05-09 13:15,sell,1865.27,1868.29,1861.37,1861.37,1.293,tp,105
2022-05-09 17:30,2022-05-09 17:45,sell,1858.70,1863.26,1852.49,1863.26,-1.000,sl,30
2022-05-09 21:00,2022-05-09 23:45,sell,1855.98,1859.47,1851.37,1854.13,0.530,eod,180
2022-05-10 14:45,2022-05-10 14:45,buy,1863.28,1860.59,1866.69,1860.59,-1.000,sl,15
2022-05-10 17:45,2022-05-10 17:45,sell,1854.25,1858.00,1849.24,1849.24,1.333,tp,15
2022-05-10 22:45,2022-05-10 23:45,sell,1839.12,1842.37,1834.88,1838.24,0.271,eod,75
2022-05-11 02:45,2022-05-11 04:45,sell,1834.80,1837.22,1831.80,1837.22,-1.000,sl,135
2022-05-11 12:00,2022-05-11 15:15,buy,1851.98,1848.55,1856.50,1848.55,-1.000,sl,210
2022-05-11 16:45,2022-05-11 16:45,buy,1854.86,1849.76,1861.88,1853.24,-0.318,lock_stop,15
2022-05-12 02:30,2022-05-12 02:45,buy,1853.64,1852.26,1855.08,1855.08,1.046,tp,30
2022-05-12 03:45,2022-05-12 04:00,buy,1857.17,1855.47,1859.09,1855.47,-1.000,sl,30
2022-05-12 04:45,2022-05-12 05:15,buy,1858.24,1856.22,1860.65,1856.22,-1.000,sl,45
2022-05-12 10:15,2022-05-12 10:30,sell,1846.90,1849.72,1843.30,1849.72,-1.000,sl,30
2022-05-12 14:45,2022-05-12 14:45,sell,1841.03,1844.90,1835.84,1842.47,-0.372,lock_stop,15
2022-05-13 01:30,2022-05-13 01:30,sell,1819.50,1821.62,1816.95,1816.95,1.205,tp,15
2022-05-13 09:30,2022-05-13 10:15,sell,1822.86,1824.97,1820.32,1824.97,-1.000,sl,60
2022-05-13 13:30,2022-05-13 13:45,sell,1817.73,1820.46,1814.27,1820.46,-1.000,sl,30
2022-05-13 15:00,2022-05-13 15:15,sell,1813.75,1816.62,1810.06,1816.62,-1.000,sl,30
2022-05-13 16:00,2022-05-13 16:00,sell,1810.10,1813.64,1805.42,1805.42,1.323,tp,15
2022-05-13 22:30,2022-05-13 22:45,sell,1807.07,1809.37,1804.25,1809.37,-1.000,sl,30
2022-05-16 05:45,2022-05-16 06:00,sell,1810.15,1812.62,1807.07,1812.62,-1.000,sl,30
2022-05-16 06:30,2022-05-16 09:00,sell,1809.60,1811.98,1806.65,1806.65,1.238,tp,165
2022-05-16 10:45,2022-05-16 10:45,sell,1794.71,1798.04,1790.34,1798.04,-1.000,sl,15
2022-05-16 20:00,2022-05-16 21:45,buy,1815.92,1812.60,1820.28,1820.28,1.312,tp,120
2022-05-16 22:15,2022-05-16 23:45,buy,1824.23,1821.42,1827.81,1824.79,0.200,eod,105
2022-05-17 02:30,2022-05-17 02:45,buy,1826.54,1824.53,1828.94,1828.94,1.190,tp,30
2022-05-17 08:45,2022-05-17 08:45,buy,1826.50,1824.78,1828.45,1828.45,1.136,tp,15
2022-05-18 04:45,2022-05-18 06:00,sell,1812.31,1814.09,1810.26,1810.26,1.149,tp,90
2022-05-18 06:30,2022-05-18 08:00,sell,1808.13,1810.43,1805.31,1810.43,-1.000,sl,105
2022-05-18 14:45,2022-05-18 14:45,sell,1811.73,1814.32,1808.47,1808.47,1.258,tp,15
2022-05-18 18:45,2022-05-18 19:15,buy,1824.13,1819.90,1829.86,1819.90,-1.000,sl,45
2022-05-18 22:15,2022-05-18 22:15,buy,1821.48,1818.98,1824.61,1818.98,-1.000,sl,15
2022-05-19 08:15,2022-05-19 10:00,sell,1813.83,1815.43,1812.06,1812.06,1.109,tp,120
2022-05-19 12:15,2022-05-19 12:15,buy,1827.33,1824.18,1831.42,1824.18,-1.000,sl,15
2022-05-19 13:00,2022-05-19 15:30,buy,1829.90,1826.22,1834.80,1834.80,1.330,tp,165
2022-05-19 17:15,2022-05-19 18:15,buy,1844.57,1839.91,1850.93,1848.88,0.925,lock_target,75
2022-05-20 02:30,2022-05-20 02:45,buy,1844.43,1843.00,1845.95,1843.00,-1.000,sl,30
2022-05-20 06:45,2022-05-20 07:15,buy,1841.14,1839.41,1843.11,1843.11,1.139,tp,45
2022-05-20 08:45,2022-05-20 08:45,buy,1846.78,1845.01,1848.81,1845.01,-1.000,sl,15
2022-05-20 09:45,2022-05-20 10:15,buy,1848.20,1846.17,1850.62,1846.17,-1.000,sl,45
2022-05-20 17:15,2022-05-20 17:15,sell,1833.80,1837.42,1829.00,1836.46,-0.735,lock_stop,15
2022-05-23 03:45,2022-05-23 04:45,buy,1851.05,1848.87,1853.70,1848.87,-1.000,sl,75
2022-05-23 06:15,2022-05-23 08:45,buy,1854.85,1852.33,1858.00,1858.00,1.252,tp,165
2022-05-23 11:30,2022-05-23 12:30,buy,1860.40,1857.48,1864.16,1864.16,1.286,tp,75
2022-05-24 04:00,2022-05-24 04:00,sell,1851.74,1853.00,1850.48,1850.48,1.004,tp,15
2022-05-24 05:00,2022-05-24 06:00,sell,1849.73,1851.24,1848.09,1851.24,-1.000,sl,75
2022-05-24 10:15,2022-05-24 10:45,buy,1856.89,1855.02,1859.07,1859.07,1.165,tp,45
2022-05-24 16:00,2022-05-24 16:45,buy,1860.42,1858.01,1863.41,1863.41,1.241,tp,60
2022-05-25 03:00,2022-05-25 03:00,buy,1867.62,1866.44,1868.77,1866.44,-1.000,sl,15
2022-05-25 08:45,2022-05-25 09:15,sell,1858.92,1860.55,1857.10,1857.10,1.116,tp,45
2022-05-25 11:30,2022-05-25 11:30,sell,1855.00,1857.37,1852.07,1857.37,-1.000,sl,15
2022-05-25 13:15,2022-05-25 15:15,sell,1854.11,1856.55,1851.08,1856.55,-1.000,sl,135
2022-05-25 16:15,2022-05-25 16:15,sell,1850.82,1853.74,1847.06,1852.66,-0.630,lock_stop,15
2022-05-26 01:15,2022-05-26 04:45,sell,1852.80,1854.77,1850.47,1850.47,1.183,tp,225
2022-05-26 07:30,2022-05-26 07:30,sell,1848.00,1849.76,1845.98,1845.98,1.146,tp,15
2022-05-27 02:15,2022-05-27 03:00,buy,1852.55,1851.24,1853.88,1851.24,-1.000,sl,60
2022-05-27 05:00,2022-05-27 05:00,buy,1856.27,1854.34,1858.55,1854.34,-1.000,sl,15
2022-05-27 10:15,2022-05-27 11:00,buy,1856.33,1854.26,1858.80,1858.80,1.198,tp,60
2022-05-30 02:00,2022-05-30 02:00,sell,1850.71,1851.96,1849.46,1849.46,0.999,tp,15
2022-05-30 07:00,2022-05-30 08:30,buy,1860.82,1858.64,1863.46,1863.46,1.213,tp,105
2022-05-31 02:30,2022-05-31 03:15,sell,1852.62,1854.14,1850.96,1850.96,1.090,tp,60
2022-05-31 04:00,2022-05-31 04:00,sell,1846.28,1848.23,1843.97,1848.23,-1.000,sl,15
2022-05-31 11:30,2022-05-31 11:45,buy,1856.90,1855.04,1859.06,1855.04,-1.000,sl,30
2022-05-31 12:45,2022-05-31 14:00,sell,1849.93,1852.19,1847.17,1847.17,1.223,tp,90
2022-05-31 17:15,2022-05-31 17:15,sell,1846.30,1850.03,1841.34,1841.34,1.332,tp,15
2022-05-31 21:30,2022-05-31 22:00,sell,1841.38,1843.82,1838.34,1839.46,0.786,lock_target,45
2022-06-01 02:45,2022-06-01 03:00,sell,1836.37,1838.06,1834.46,1834.46,1.131,tp,30
2022-06-01 04:45,2022-06-01 04:45,sell,1833.35,1834.96,1831.55,1834.96,-1.000,sl,15
2022-06-01 08:15,2022-06-01 09:00,sell,1830.97,1832.91,1828.68,1832.91,-1.000,sl,60
2022-06-01 12:00,2022-06-01 13:30,sell,1829.96,1832.78,1826.36,1832.78,-1.000,sl,105
2022-06-01 19:15,2022-06-01 19:30,buy,1848.11,1844.48,1852.93,1847.27,-0.231,lock_stop,30
2022-06-02 03:30,2022-06-02 03:30,buy,1849.01,1847.74,1850.29,1847.74,-1.000,sl,15
2022-06-02 08:45,2022-06-02 09:15,buy,1848.67,1847.09,1850.41,1850.41,1.104,tp,45
2022-06-02 09:45,2022-06-02 10:00,buy,1851.35,1849.66,1853.26,1853.26,1.130,tp,30
2022-06-02 12:30,2022-06-02 13:15,buy,1853.89,1851.99,1856.11,1856.11,1.171,tp,60
2022-06-03 03:45,2022-06-03 03:45,buy,1871.74,1870.32,1873.24,1873.24,1.059,tp,15
2022-06-03 12:30,2022-06-03 13:00,sell,1863.41,1865.23,1861.31,1865.23,-1.000,sl,45
2022-06-03 15:00,2022-06-03 15:00,sell,1863.58,1865.38,1861.51,1865.38,-1.000,sl,15
2022-06-03 15:45,2022-06-03 15:45,sell,1858.51,1861.18,1855.13,1861.18,-1.000,sl,15
2022-06-03 18:15,2022-06-03 19:00,sell,1856.20,1860.32,1850.64,1850.64,1.348,tp,60
2022-06-03 20:30,2022-06-03 21:30,sell,1847.21,1850.29,1843.21,1850.29,-1.000,sl,75
2022-06-06 08:30,2022-06-06 08:30,sell,1854.21,1855.44,1852.98,1855.44,-1.000,sl,15
2022-06-06 16:45,2022-06-06 17:30,sell,1849.96,1852.83,1846.29,1846.29,1.282,tp,60
2022-06-06 18:15,2022-06-06 22:00,sell,1843.21,1846.49,1838.92,1842.13,0.329,time,240
2022-06-07 01:15,2022-06-07 01:30,sell,1840.42,1841.64,1839.22,1841.64,-1.000,sl,30
2022-06-07 02:30,2022-06-07 02:30,sell,1839.17,1840.35,1838.02,1838.02,0.972,tp,15
2022-06-07 09:00,2022-06-07 09:15,sell,1838.60,1840.40,1836.52,1840.40,-1.000,sl,30
2022-06-07 13:45,2022-06-07 14:45,buy,1849.86,1847.53,1852.73,1847.53,-1.000,sl,75
2022-06-08 03:00,2022-06-08 03:00,buy,1853.80,1852.51,1855.11,1852.51,-1.000,sl,15
2022-06-08 06:45,2022-06-08 07:30,sell,1846.78,1848.40,1844.97,1848.40,-1.000,sl,60
2022-06-08 15:30,2022-06-08 15:30,sell,1845.85,1848.28,1842.83,1848.28,-1.000,sl,15
2022-06-09 06:30,2022-06-09 08:45,buy,1854.42,1852.95,1856.00,1852.95,-1.000,sl,150
2022-06-09 09:45,2022-06-09 10:15,sell,1849.64,1851.19,1847.94,1851.19,-1.000,sl,45
2022-06-09 11:30,2022-06-09 11:30,sell,1847.87,1849.97,1845.34,1849.00,-0.538,lock_stop,15
2022-06-10 02:00,2022-06-10 03:45,sell,1846.39,1847.57,1845.24,1847.57,-1.000,sl,120
2022-06-10 04:30,2022-06-10 04:30,sell,1844.87,1846.11,1843.64,1846.11,-1.000,sl,15
2022-06-10 07:45,2022-06-10 08:15,sell,1843.95,1845.50,1842.26,1844.79,-0.544,lock_stop,45
2022-06-13 01:15,2022-06-13 01:30,buy,1877.90,1875.47,1880.93,1875.47,-1.000,sl,30
2022-06-13 08:30,2022-06-13 08:30,buy,1866.04,1864.14,1868.26,1864.14,-1.000,sl,15
2022-06-13 10:45,2022-06-13 10:45,sell,1855.96,1858.79,1852.34,1857.30,-0.474,lock_stop,15
2022-06-14 01:15,2022-06-14 01:30,sell,1815.96,1819.20,1811.72,1819.20,-1.000,sl,30
2022-06-14 12:00,2022-06-14 13:00,sell,1825.64,1828.69,1821.69,1821.69,1.295,tp,75
2022-06-14 13:30,2022-06-14 13:45,sell,1820.29,1823.73,1815.75,1823.73,-1.000,sl,30
2022-06-14 15:00,2022-06-14 15:15,sell,1816.96,1820.51,1812.26,1820.51,-1.000,sl,30
2022-06-14 17:00,2022-06-14 18:45,sell,1815.82,1819.58,1810.81,1810.81,1.334,tp,120
2022-06-14 21:45,2022-06-14 22:00,sell,1808.68,1810.98,1805.85,1805.85,1.229,tp,30
2022-06-15 08:45,2022-06-15 09:15,buy,1817.88,1815.99,1820.09,1820.09,1.169,tp,45
2022-06-15 09:45,2022-06-15 09:45,buy,1821.97,1819.83,1824.56,1819.83,-1.000,sl,15
2022-06-15 10:45,2022-06-15 10:45,buy,1824.20,1821.61,1827.46,1821.61,-1.000,sl,15
2022-06-15 12:45,2022-06-15 14:15,buy,1825.31,1822.07,1829.55,1829.55,1.307,tp,105
2022-06-15 14:45,2022-06-15 15:00,buy,1833.64,1830.49,1837.74,1830.49,-1.000,sl,30
2022-06-15 21:45,2022-06-15 21:45,buy,1838.37,1833.24,1845.43,1833.24,-1.000,sl,15
2022-06-15 22:30,2022-06-15 22:30,buy,1841.08,1834.80,1849.87,1834.80,-1.000,sl,15
2022-06-16 12:15,2022-06-16 12:15,buy,1836.14,1832.82,1840.50,1832.82,-1.000,sl,15
2022-06-16 18:15,2022-06-16 18:30,buy,1837.47,1832.74,1843.94,1843.94,1.368,tp,30
2022-06-16 19:30,2022-06-16 23:00,buy,1849.15,1844.85,1854.98,1854.98,1.355,tp,225
2022-06-16 23:45,2022-06-16 23:45,buy,1856.12,1853.78,1859.00,1856.47,0.150,eod,15
2022-06-17 08:15,2022-06-17 09:00,buy,1847.41,1845.17,1850.15,1845.17,-1.000,sl,60
2022-06-17 10:45,2022-06-17 12:00,buy,1849.41,1847.09,1852.27,1852.27,1.231,tp,90
2022-06-17 15:45,2022-06-17 16:00,buy,1850.83,1848.07,1854.34,1848.07,-1.000,sl,30
2022-06-17 20:30,2022-06-17 23:30,sell,1837.95,1841.21,1833.69,1841.21,-1.000,sl,195
2022-06-20 05:15,2022-06-20 05:30,sell,1836.39,1838.78,1833.44,1838.78,-1.000,sl,30
2022-06-20 20:00,2022-06-20 20:30,sell,1835.68,1837.43,1833.67,1837.43,-1.000,sl,45
2022-06-21 08:45,2022-06-21 08:45,sell,1835.78,1837.28,1834.16,1834.16,1.083,tp,15
2022-06-21 14:00,2022-06-21 15:00,sell,1833.24,1835.59,1830.34,1835.59,-1.000,sl,75
2022-06-21 21:00,2022-06-21 22:15,sell,1833.21,1835.97,1829.70,1829.70,1.273,tp,90
2022-06-22 03:15,2022-06-22 04:00,sell,1828.08,1830.17,1825.57,1830.17,-1.000,sl,60
2022-06-22 05:15,2022-06-22 06:00,sell,1825.99,1828.20,1823.30,1828.20,-1.000,sl,60
2022-06-22 08:00,2022-06-22 08:00,sell,1825.46,1827.52,1823.00,1825.75,-0.141,lock_stop,15
2022-06-23 05:15,2022-06-23 05:45,sell,1832.68,1834.39,1830.74,1834.39,-1.000,sl,45
2022-06-23 08:15,2022-06-23 08:30,sell,1831.40,1833.04,1829.56,1833.04,-1.000,sl,30
2022-06-23 12:45,2022-06-23 12:45,sell,1830.85,1833.35,1827.73,1832.01,-0.465,lock_stop,15
2022-06-24 01:30,2022-06-24 02:15,sell,1822.69,1824.63,1820.40,1824.63,-1.000,sl,60
2022-06-24 09:45,2022-06-24 10:00,sell,1822.17,1823.91,1820.18,1823.91,-1.000,sl,30
2022-06-24 14:45,2022-06-24 14:45,sell,1822.74,1825.16,1819.73,1824.93,-0.904,lock_stop,15
2022-06-27 01:15,2022-06-27 01:15,buy,1834.55,1832.23,1837.40,1832.23,-1.000,sl,15
2022-06-27 04:30,2022-06-27 08:15,buy,1833.77,1831.22,1836.96,1836.69,1.147,time,240
2022-06-27 10:00,2022-06-27 10:15,buy,1838.52,1836.87,1840.36,1840.36,1.120,tp,30
2022-06-27 17:15,2022-06-27 18:00,sell,1827.25,1830.21,1823.43,1823.43,1.289,tp,60
2022-06-28 11:45,2022-06-28 11:45,buy,1829.55,1827.69,1831.71,1827.69,-1.000,sl,15
2022-06-28 13:45,2022-06-28 14:15,sell,1823.45,1825.39,1821.16,1821.16,1.179,tp,45
2022-06-29 02:30,2022-06-29 03:15,sell,1818.51,1819.62,1817.46,1819.62,-1.000,sl,60
2022-06-29 09:30,2022-06-29 09:30,sell,1819.62,1821.06,1818.08,1818.08,1.067,tp,15
2022-06-29 14:30,2022-06-29 14:45,buy,1827.32,1824.53,1830.88,1824.53,-1.000,sl,30
2022-06-29 15:45,2022-06-29 16:30,buy,1830.99,1827.50,1835.60,1827.50,-1.000,sl,60
2022-06-30 06:45,2022-06-30 07:30,sell,1817.36,1818.93,1815.63,1815.63,1.103,tp,60
2022-06-30 10:45,2022-06-30 11:00,sell,1813.84,1815.65,1811.76,1815.65,-1.000,sl,30
2022-06-30 12:45,2022-06-30 14:30,sell,1811.37,1813.69,1808.52,1808.52,1.230,tp,120
2022-06-30 22:15,2022-06-30 22:30,sell,1805.65,1808.25,1802.37,1808.25,-1.000,sl,30
2022-07-01 03:45,2022-07-01 03:45,sell,1804.02,1805.62,1802.25,1805.62,-1.000,sl,15
2022-07-01 06:15,2022-07-01 06:45,sell,1803.75,1805.55,1801.68,1801.68,1.153,tp,45
2022-07-01 08:45,2022-07-01 08:45,sell,1796.17,1798.25,1793.68,1798.25,-1.000,sl,15
2022-07-01 10:15,2022-07-01 10:15,sell,1793.89,1796.66,1790.36,1796.66,-1.000,sl,15
2022-07-01 13:15,2022-07-01 14:15,sell,1792.20,1795.11,1788.46,1788.46,1.285,tp,75
2022-07-01 14:45,2022-07-01 14:45,sell,1785.20,1787.97,1781.68,1787.97,-1.000,sl,15
2022-07-01 21:15,2022-07-01 22:45,buy,1807.22,1803.87,1811.62,1805.38,-0.549,lock_stop,105
2022-07-04 01:15,2022-07-04 02:15,buy,1810.87,1808.79,1813.36,1808.79,-1.000,sl,75
2022-07-04 03:30,2022-07-04 03:30,buy,1811.09,1809.38,1813.03,1809.38,-1.000,sl,15
2022-07-04 17:45,2022-07-04 17:45,buy,1810.52,1808.46,1812.98,1809.91,-0.296,lock_stop,15
2022-07-05 02:00,2022-07-05 02:45,buy,1809.48,1808.34,1810.57,1808.34,-1.000,sl,60
2022-07-05 04:45,2022-07-05 05:45,buy,1811.25,1809.65,1813.02,1809.65,-1.000,sl,75
2022-07-05 07:30,2022-07-05 07:30,buy,1811.95,1810.29,1813.81,1811.52,-0.259,lock_stop,15
2022-07-06 05:00,2022-07-06 05:00,sell,1768.25,1770.12,1766.07,1770.12,-1.000,sl,15
2022-07-06 07:45,2022-07-06 08:30,sell,1767.24,1769.44,1764.57,1764.57,1.216,tp,60
2022-07-06 09:00,2022-07-06 09:00,sell,1763.16,1765.33,1760.52,1765.33,-1.000,sl,15
2022-07-06 11:45,2022-07-06 13:00,sell,1765.45,1768.67,1761.24,1761.24,1.306,tp,90
2022-07-06 17:15,2022-07-06 17:45,sell,1753.81,1758.28,1747.73,1747.73,1.360,tp,45
2022-07-06 18:15,2022-07-06 18:45,sell,1737.47,1743.26,1729.41,1733.69,0.653,lock_target,45
2022-07-07 05:00,2022-07-07 05:00,sell,1737.15,1738.77,1735.35,1738.77,-1.000,sl,15
2022-07-07 10:00,2022-07-07 10:45,sell,1743.21,1745.21,1740.83,1745.21,-1.000,sl,60
2022-07-07 16:00,2022-07-07 16:00,sell,1739.33,1742.04,1735.89,1740.85,-0.560,lock_stop,15
2022-07-08 01:45,2022-07-08 02:30,sell,1739.31,1740.56,1738.06,1740.56,-1.000,sl,60
2022-07-08 10:30,2022-07-08 10:30,sell,1739.88,1741.95,1737.41,1737.41,1.198,tp,15
2022-07-08 15:45,2022-07-08 15:45,sell,1736.43,1739.82,1731.97,1739.82,-1.000,sl,15
2022-07-08 17:45,2022-07-08 18:15,buy,1748.83,1744.18,1755.18,1744.18,-1.000,sl,45
2022-07-11 01:30,2022-07-11 02:45,buy,1743.89,1742.37,1745.55,1742.37,-1.000,sl,90
2022-07-11 09:00,2022-07-11 10:00,sell,1740.19,1741.67,1738.60,1738.60,1.077,tp,75
2022-07-11 10:30,2022-07-11 10:45,sell,1738.23,1739.83,1736.46,1736.46,1.108,tp,30
2022-07-11 13:00,2022-07-11 13:45,sell,1734.94,1737.13,1732.27,1737.13,-1.000,sl,60
2022-07-11 19:30,2022-07-11 22:30,sell,1735.42,1738.41,1731.55,1731.55,1.291,tp,195
2022-07-12 03:45,2022-07-12 04:00,sell,1731.89,1733.15,1730.63,1730.63,1.004,tp,30
2022-07-12 07:15,2022-07-12 09:30,sell,1730.52,1734.49,1725.19,1734.49,-1.000,sl,150
2022-07-12 13:45,2022-07-12 13:45,sell,1732.00,1734.75,1728.51,1734.75,-1.000,sl,15
2022-07-12 14:30,2022-07-12 14:30,buy,1738.66,1735.70,1742.48,1735.70,-1.000,sl,15
2022-07-12 16:30,2022-07-12 16:45,sell,1729.23,1732.39,1725.11,1729.69,-0.146,lock_stop,30
2022-07-13 03:15,2022-07-13 03:45,sell,1724.29,1725.44,1723.19,1723.19,0.957,tp,45
2022-07-13 07:45,2022-07-13 09:15,sell,1725.40,1727.15,1723.40,1723.40,1.143,tp,105
2022-07-14 01:15,2022-07-14 01:45,buy,1736.34,1733.94,1739.32,1733.94,-1.000,sl,45
2022-07-14 04:45,2022-07-14 05:15,sell,1726.69,1728.68,1724.33,1728.68,-1.000,sl,45
2022-07-14 08:00,2022-07-14 08:00,sell,1727.81,1730.19,1724.86,1728.41,-0.252,lock_stop,15
2022-07-15 06:30,2022-07-15 07:15,sell,1708.48,1710.72,1705.74,1710.72,-1.000,sl,60
2022-07-15 09:15,2022-07-15 09:30,sell,1706.83,1709.27,1703.80,1703.80,1.244,tp,30
2022-07-15 13:15,2022-07-15 13:30,sell,1701.34,1703.60,1698.58,1703.60,-1.000,sl,30
2022-07-18 02:00,2022-07-18 02:45,buy,1709.21,1707.85,1710.63,1710.63,1.042,tp,60
2022-07-18 04:15,2022-07-18 05:00,buy,1712.67,1710.78,1714.89,1714.89,1.170,tp,60
2022-07-19 02:45,2022-07-19 02:45,sell,1706.82,1708.12,1705.49,1708.12,-1.000,sl,15
2022-07-19 03:30,2022-07-19 03:30,sell,1706.02,1707.41,1704.57,1707.41,-1.000,sl,15
2022-07-19 12:00,2022-07-19 12:00,buy,1713.54,1711.53,1715.93,1712.92,-0.308,lock_stop,15
2022-07-20 02:30,2022-07-20 03:15,sell,1710.47,1711.65,1709.33,1711.65,-1.000,sl,60
2022-07-20 08:30,2022-07-20 09:00,sell,1709.82,1711.33,1708.18,1708.18,1.086,tp,45
2022-07-20 09:45,2022-07-20 10:00,sell,1705.97,1707.63,1704.11,1707.63,-1.000,sl,30
2022-07-20 14:45,2022-07-20 15:00,sell,1706.34,1708.67,1703.46,1708.67,-1.000,sl,30
2022-07-20 19:45,2022-07-20 19:45,sell,1704.57,1707.06,1701.46,1701.46,1.249,tp,15
2022-07-20 21:00,2022-07-20 21:15,sell,1699.89,1702.05,1697.27,1702.05,-1.000,sl,30
2022-07-20 22:45,2022-07-20 23:00,sell,1698.18,1700.32,1695.59,1695.59,1.208,tp,30
2022-07-21 03:15,2022-07-21 03:15,sell,1693.83,1695.39,1692.12,1695.39,-1.000,sl,15
2022-07-21 04:15,2022-07-21 04:15,sell,1690.54,1692.22,1688.65,1692.22,-1.000,sl,15
2022-07-21 09:30,2022-07-21 09:30,sell,1688.70,1690.43,1686.73,1690.43,-1.000,sl,15
2022-07-22 08:45,2022-07-22 09:00,buy,1715.68,1714.26,1717.18,1717.18,1.059,tp,30
2022-07-22 09:30,2022-07-22 09:30,buy,1719.58,1717.96,1721.38,1717.96,-1.000,sl,15
2022-07-22 10:30,2022-07-22 10:30,buy,1719.86,1718.00,1722.02,1718.00,-1.000,sl,15
2022-07-22 12:30,2022-07-22 14:30,buy,1722.34,1719.57,1725.87,1725.87,1.274,tp,135
2022-07-22 17:00,2022-07-22 17:30,buy,1734.96,1731.15,1740.05,1731.15,-1.000,sl,45
2022-07-22 23:45,2022-07-22 23:45,buy,1727.29,1724.68,1730.57,1727.38,0.035,eod,15
2022-07-25 05:30,2022-07-25 06:15,buy,1725.71,1723.77,1728.00,1728.00,1.179,tp,60
2022-07-25 10:30,2022-07-25 10:45,buy,1728.22,1726.44,1730.26,1726.44,-1.000,sl,30
2022-07-25 11:45,2022-07-25 12:15,buy,1729.65,1727.57,1732.15,1732.15,1.200,tp,45
2022-07-25 13:00,2022-07-25 13:00,buy,1735.28,1732.61,1738.66,1732.61,-1.000,sl,15
2022-07-25 16:45,2022-07-25 17:15,sell,1720.80,1723.60,1717.22,1717.22,1.277,tp,45
2022-07-25 17:45,2022-07-25 18:15,sell,1715.44,1718.44,1711.56,1718.44,-1.000,sl,45
2022-07-25 22:00,2022-07-25 22:30,sell,1716.31,1718.17,1714.15,1718.17,-1.000,sl,45
2022-07-26 09:45,2022-07-26 09:45,buy,1724.60,1722.92,1726.49,1726.49,1.128,tp,15
2022-07-26 10:15,2022-07-26 10:45,buy,1727.24,1725.41,1729.36,1725.41,-1.000,sl,45
2022-07-26 13:30,2022-07-26 15:15,sell,1718.65,1720.84,1716.00,1716.00,1.214,tp,120
2022-07-27 04:45,2022-07-27 04:45,sell,1716.65,1718.21,1714.94,1718.21,-1.000,sl,15
2022-07-27 07:45,2022-07-27 07:45,sell,1715.55,1717.16,1713.76,1713.76,1.112,tp,15
2022-07-27 11:15,2022-07-27 13:45,buy,1722.97,1720.73,1725.70,1720.73,-1.000,sl,165
2022-07-27 21:15,2022-07-27 21:30,buy,1724.40,1721.90,1727.52,1721.90,-1.000,sl,30
2022-07-28 02:15,2022-07-28 05:15,buy,1738.07,1735.05,1741.98,1735.05,-1.000,sl,195
2022-07-28 08:45,2022-07-28 09:15,buy,1738.02,1736.32,1739.94,1739.94,1.132,tp,45
2022-07-28 09:45,2022-07-28 10:00,buy,1741.56,1740.07,1743.17,1740.07,-1.000,sl,30
2022-07-28 11:15,2022-07-28 11:30,buy,1747.68,1745.09,1750.94,1745.09,-1.000,sl,30
2022-07-28 15:45,2022-07-28 15:45,buy,1748.29,1744.97,1752.65,1744.97,-1.000,sl,15
2022-07-29 04:00,2022-07-29 04:00,buy,1756.11,1754.84,1757.38,1754.84,-1.000,sl,15
2022-07-29 06:15,2022-07-29 06:45,buy,1758.31,1756.47,1760.44,1760.44,1.160,tp,45
2022-07-29 08:45,2022-07-29 09:15,buy,1764.91,1762.84,1767.39,1767.39,1.198,tp,45
2022-07-29 18:00,2022-07-29 18:45,buy,1763.04,1758.82,1768.74,1765.88,0.673,lock_target,60
2022-08-01 04:30,2022-08-01 04:45,buy,1764.97,1763.21,1766.99,1763.21,-1.000,sl,30
2022-08-01 09:00,2022-08-01 09:00,sell,1758.76,1760.35,1757.00,1760.35,-1.000,sl,15
2022-08-01 10:15,2022-08-01 10:15,buy,1766.74,1764.81,1769.01,1766.31,-0.223,lock_stop,15
2022-08-02 03:30,2022-08-02 03:30,buy,1774.81,1773.49,1776.17,1776.17,1.027,tp,15
2022-08-02 04:00,2022-08-02 04:00,buy,1780.64,1778.93,1782.59,1778.93,-1.000,sl,15
2022-08-02 09:45,2022-08-02 10:00,buy,1775.97,1774.17,1778.04,1774.17,-1.000,sl,30
2022-08-02 13:00,2022-08-02 14:15,buy,1774.91,1772.48,1777.94,1777.94,1.243,tp,90
2022-08-02 15:30,2022-08-02 16:00,buy,1785.46,1782.79,1788.85,1782.79,-1.000,sl,45
2022-08-02 21:15,2022-08-02 22:30,sell,1767.75,1771.09,1763.37,1763.37,1.313,tp,90
2022-08-02 23:00,2022-08-02 23:15,sell,1760.39,1762.99,1757.11,1762.99,-1.000,sl,30
2022-08-03 01:30,2022-08-03 04:00,sell,1757.81,1760.46,1754.46,1760.46,-1.000,sl,165
2022-08-03 13:30,2022-08-03 14:00,sell,1761.01,1763.58,1757.78,1763.58,-1.000,sl,45
2022-08-03 17:15,2022-08-03 17:15,sell,1758.25,1762.09,1753.11,1759.58,-0.346,lock_stop,15
2022-08-04 01:45,2022-08-04 03:30,sell,1763.44,1765.07,1761.62,1765.07,-1.000,sl,120
2022-08-04 04:00,2022-08-04 04:00,buy,1767.68,1766.35,1769.05,1766.35,-1.000,sl,15
2022-08-04 04:30,2022-08-04 04:45,buy,1768.91,1767.47,1770.44,1767.47,-1.000,sl,30
2022-08-05 02:30,2022-08-05 03:45,buy,1793.08,1791.62,1794.65,1794.65,1.073,tp,90
2022-08-05 06:30,2022-08-05 07:15,buy,1793.26,1791.38,1795.45,1791.38,-1.000,sl,60
2022-08-05 13:45,2022-08-05 14:30,sell,1784.67,1786.87,1781.99,1786.87,-1.000,sl,60
2022-08-05 15:45,2022-08-05 15:45,sell,1773.33,1776.29,1769.51,1769.51,1.289,tp,15
2022-08-05 16:15,2022-08-05 16:15,sell,1766.30,1769.95,1761.44,1769.95,-1.000,sl,15
2022-08-05 22:00,2022-08-05 22:15,sell,1772.41,1774.42,1770.03,1774.42,-1.000,sl,30
2022-08-08 03:30,2022-08-08 03:30,sell,1771.52,1773.33,1769.44,1773.33,-1.000,sl,15
2022-08-08 06:15,2022-08-08 08:30,sell,1772.27,1773.97,1770.35,1773.97,-1.000,sl,150
2022-08-08 11:30,2022-08-08 11:30,sell,1773.11,1775.07,1770.79,1773.64,-0.270,lock_stop,15
2022-08-09 02:45,2022-08-09 02:45,buy,1790.12,1788.93,1791.29,1788.93,-1.000,sl,15
2022-08-09 08:45,2022-08-09 08:45,buy,1787.36,1786.17,1788.52,1788.52,0.976,tp,15
2022-08-09 11:15,2022-08-09 12:30,buy,1790.84,1788.64,1793.51,1788.64,-1.000,sl,90
2022-08-09 13:45,2022-08-09 13:45,buy,1794.64,1791.87,1798.17,1791.87,-1.000,sl,15
2022-08-10 07:45,2022-08-10 08:15,sell,1790.11,1791.34,1788.89,1788.89,0.992,tp,45
2022-08-10 09:30,2022-08-10 09:45,sell,1787.74,1789.12,1786.30,1789.12,-1.000,sl,30
2022-08-10 14:15,2022-08-10 14:45,sell,1790.10,1791.98,1787.90,1791.98,-1.000,sl,45
2022-08-10 15:45,2022-08-10 15:45,buy,1806.54,1803.28,1810.80,1803.28,-1.000,sl,15
2022-08-11 04:30,2022-08-11 05:00,sell,1788.48,1789.77,1787.17,1787.17,1.016,tp,45
2022-08-11 05:45,2022-08-11 06:15,sell,1784.71,1786.37,1782.85,1786.37,-1.000,sl,45
2022-08-11 14:45,2022-08-11 15:00,buy,1794.40,1792.40,1796.78,1796.78,1.188,tp,30
2022-08-11 15:30,2022-08-11 15:30,buy,1797.70,1795.71,1800.06,1795.71,-1.000,sl,15
2022-08-11 21:15,2022-08-11 23:45,sell,1787.81,1790.10,1785.00,1790.10,-1.000,sl,165
2022-08-12 05:30,2022-08-12 05:45,sell,1786.31,1787.82,1784.67,1787.82,-1.000,sl,30
2022-08-12 07:30,2022-08-12 07:45,buy,1792.43,1790.97,1794.00,1790.97,-1.000,sl,30
2022-08-12 10:00,2022-08-12 10:00,buy,1793.50,1792.00,1795.13,1792.00,-1.000,sl,15
2022-08-15 04:00,2022-08-15 04:00,buy,1801.47,1800.09,1802.92,1800.09,-1.000,sl,15
2022-08-15 08:30,2022-08-15 10:00,sell,1792.69,1794.22,1791.03,1791.03,1.091,tp,105
2022-08-15 10:30,2022-08-15 10:45,sell,1788.88,1790.40,1787.23,1787.23,1.088,tp,30
2022-08-15 12:00,2022-08-15 12:30,sell,1783.27,1785.26,1780.91,1780.91,1.186,tp,45
2022-08-16 04:00,2022-08-16 04:30,sell,1777.45,1778.67,1776.24,1778.67,-1.000,sl,45
2022-08-16 09:30,2022-08-16 10:00,sell,1780.03,1781.27,1778.79,1778.79,0.997,tp,45
2022-08-16 10:30,2022-08-16 11:00,sell,1777.53,1779.01,1775.93,1775.93,1.079,tp,45
2022-08-16 19:15,2022-08-16 19:15,sell,1773.29,1776.10,1769.70,1776.10,-1.000,sl,15
2022-08-17 03:15,2022-08-17 03:30,sell,1774.76,1775.77,1773.88,1773.88,0.879,tp,30
2022-08-17 08:45,2022-08-17 09:00,buy,1781.44,1780.05,1782.90,1780.05,-1.000,sl,30
2022-08-17 11:15,2022-08-17 11:30,sell,1772.40,1774.22,1770.30,1774.22,-1.000,sl,30
2022-08-17 13:30,2022-08-17 14:15,sell,1771.61,1773.76,1769.00,1769.00,1.210,tp,60
2022-08-17 18:15,2022-08-17 21:00,sell,1762.45,1766.28,1757.33,1766.28,-1.000,sl,180
2022-08-17 23:30,2022-08-17 23:45,sell,1763.33,1765.88,1760.14,1762.00,0.522,eod,30
2022-08-18 05:30,2022-08-18 05:30,sell,1764.02,1765.47,1762.46,1765.47,-1.000,sl,15
2022-08-18 06:45,2022-08-18 08:00,sell,1762.57,1764.11,1760.88,1764.11,-1.000,sl,90
2022-08-18 10:00,2022-08-18 10:00,sell,1761.21,1762.66,1759.66,1762.66,-1.000,sl,15
2022-08-19 02:00,2022-08-19 02:00,sell,1757.02,1758.41,1755.55,1758.41,-1.000,sl,15
2022-08-19 03:15,2022-08-19 03:15,sell,1755.33,1756.73,1753.86,1756.73,-1.000,sl,15
2022-08-19 07:15,2022-08-19 07:15,sell,1752.39,1754.37,1750.04,1752.98,-0.298,lock_stop,15
2022-08-22 07:15,2022-08-22 08:00,sell,1744.74,1746.35,1742.95,1742.95,1.111,tp,60
2022-08-22 09:45,2022-08-22 10:00,sell,1741.71,1743.30,1739.95,1739.95,1.106,tp,30
2022-08-23 09:30,2022-08-23 09:45,sell,1734.85,1736.48,1733.03,1736.48,-1.000,sl,30
2022-08-23 11:15,2022-08-23 11:30,buy,1740.17,1737.98,1742.84,1742.84,1.215,tp,30
2022-08-23 15:30,2022-08-23 15:30,sell,1733.88,1736.26,1730.93,1736.26,-1.000,sl,15
2022-08-23 17:00,2022-08-23 17:00,buy,1747.39,1744.14,1751.64,1751.64,1.308,tp,15
2022-08-24 07:45,2022-08-24 09:00,buy,1746.89,1745.60,1748.20,1745.60,-1.000,sl,90
2022-08-24 11:00,2022-08-24 11:15,buy,1748.13,1746.42,1750.07,1750.07,1.135,tp,30
2022-08-24 11:45,2022-08-24 12:45,buy,1751.25,1749.16,1753.75,1749.16,-1.000,sl,75
2022-08-24 17:30,2022-08-24 17:30,buy,1750.12,1747.08,1754.06,1747.08,-1.000,sl,15
2022-08-24 18:00,2022-08-24 18:30,buy,1752.84,1749.49,1757.24,1752.27,-0.170,lock_stop,45
2022-08-25 03:45,2022-08-25 04:00,buy,1753.57,1752.32,1754.82,1752.32,-1.000,sl,30
2022-08-25 04:30,2022-08-25 05:00,buy,1755.94,1754.53,1757.43,1754.53,-1.000,sl,45
2022-08-25 06:15,2022-08-25 06:15,buy,1757.97,1756.17,1760.04,1756.50,-0.818,lock_stop,15
2022-08-26 02:15,2022-08-26 03:00,sell,1756.35,1757.47,1755.29,1755.29,0.943,tp,60
2022-08-26 04:30,2022-08-26 04:45,sell,1753.85,1755.15,1752.53,1752.53,1.018,tp,30
2022-08-26 10:45,2022-08-26 11:00,sell,1752.64,1754.41,1750.61,1752.14,0.282,lock_target,30
2022-08-29 04:15,2022-08-29 04:15,sell,1730.16,1732.45,1727.35,1727.35,1.227,tp,15
2022-08-29 05:00,2022-08-29 05:15,sell,1723.55,1726.13,1720.31,1726.13,-1.000,sl,30
2022-08-29 07:30,2022-08-29 09:45,sell,1723.22,1725.53,1720.39,1725.53,-1.000,sl,150
2022-08-29 10:45,2022-08-29 11:00,sell,1720.42,1722.38,1718.11,1722.38,-1.000,sl,30
2022-08-29 17:00,2022-08-29 17:15,buy,1740.87,1737.61,1745.13,1745.13,1.308,tp,30
2022-08-30 02:45,2022-08-30 02:45,buy,1738.62,1737.44,1739.77,1739.77,0.971,tp,15
2022-08-30 08:30,2022-08-30 08:30,sell,1733.77,1735.43,1731.90,1735.43,-1.000,sl,15
2022-08-30 09:30,2022-08-30 10:00,sell,1733.08,1734.74,1731.21,1731.21,1.124,tp,45
2022-08-30 10:30,2022-08-30 10:30,sell,1730.30,1732.16,1728.14,1732.16,-1.000,sl,15
2022-08-30 17:30,2022-08-30 17:45,sell,1725.30,1728.27,1721.47,1721.47,1.290,tp,30
2022-08-30 23:00,2022-08-30 23:45,sell,1722.92,1724.52,1721.14,1724.52,-1.000,sl,60
2022-08-31 01:15,2022-08-31 03:00,sell,1722.42,1723.85,1720.90,1723.85,-1.000,sl,120
2022-08-31 04:30,2022-08-31 05:00,sell,1721.87,1723.13,1720.60,1723.13,-1.000,sl,45
2022-08-31 09:15,2022-08-31 10:00,sell,1722.88,1724.53,1721.03,1721.03,1.121,tp,60
2022-08-31 11:30,2022-08-31 12:15,sell,1714.86,1717.25,1711.90,1711.90,1.238,tp,60
2022-08-31 13:00,2022-08-31 13:00,sell,1710.77,1713.28,1707.63,1713.28,-1.000,sl,15
2022-08-31 19:45,2022-08-31 21:30,sell,1716.03,1719.39,1711.61,1711.61,1.314,tp,120
2022-08-31 22:00,2022-08-31 23:45,sell,1710.69,1712.67,1708.34,1710.99,-0.151,eod,120
2022-09-01 01:30,2022-09-01 01:30,sell,1709.29,1711.11,1707.19,1711.11,-1.000,sl,15
2022-09-01 03:45,2022-09-01 04:45,sell,1705.94,1708.01,1703.47,1703.47,1.197,tp,75
2022-09-01 07:45,2022-09-01 08:15,sell,1703.10,1704.63,1701.43,1704.63,-1.000,sl,45
2022-09-01 11:15,2022-09-01 12:15,sell,1702.74,1704.89,1700.14,1704.89,-1.000,sl,75
2022-09-01 15:45,2022-09-01 15:45,sell,1695.41,1698.51,1691.38,1698.51,-1.000,sl,15
2022-09-02 08:45,2022-09-02 09:00,buy,1700.72,1699.50,1701.93,1701.93,0.988,tp,30
2022-09-02 10:45,2022-09-02 11:00,buy,1703.95,1702.33,1705.75,1702.33,-1.000,sl,30
2022-09-02 12:15,2022-09-02 12:30,buy,1705.03,1703.30,1707.01,1707.01,1.140,tp,30
2022-09-02 18:00,2022-09-02 18:15,buy,1717.48,1713.69,1722.55,1713.69,-1.000,sl,30
2022-09-05 04:15,2022-09-05 04:30,buy,1712.83,1711.02,1714.92,1711.02,-1.000,sl,30
2022-09-05 07:30,2022-09-05 08:00,buy,1713.90,1712.09,1715.99,1712.09,-1.000,sl,45
2022-09-05 11:30,2022-09-05 11:30,buy,1713.25,1711.11,1715.83,1712.49,-0.355,lock_stop,15
2022-09-06 02:45,2022-09-06 03:00,buy,1714.36,1713.26,1715.39,1715.39,0.933,tp,30
2022-09-06 03:30,2022-09-06 03:30,buy,1717.63,1716.26,1719.06,1719.06,1.044,tp,15
2022-09-06 04:00,2022-09-06 04:00,buy,1724.21,1722.26,1726.51,1722.26,-1.000,sl,15
2022-09-06 10:00,2022-09-06 10:00,buy,1720.40,1718.57,1722.52,1718.57,-1.000,sl,15
2022-09-06 16:00,2022-09-06 16:15,sell,1707.50,1709.63,1704.93,1709.63,-1.000,sl,30
2022-09-06 17:15,2022-09-06 17:15,sell,1705.09,1708.29,1700.91,1708.29,-1.000,sl,15
2022-09-07 03:30,2022-09-07 03:45,sell,1694.67,1696.44,1692.64,1696.44,-1.000,sl,30
2022-09-07 06:15,2022-09-07 09:00,sell,1693.77,1696.54,1690.24,1696.54,-1.000,sl,180
2022-09-07 13:00,2022-09-07 13:00,buy,1707.22,1704.74,1710.31,1704.74,-1.000,sl,15
2022-09-08 04:30,2022-09-08 04:30,buy,1718.70,1717.41,1720.01,1717.41,-1.000,sl,15
2022-09-08 07:15,2022-09-08 07:30,buy,1716.92,1715.08,1719.06,1715.08,-1.000,sl,30
2022-09-08 09:15,2022-09-08 09:30,buy,1718.93,1717.22,1720.87,1718.58,-0.204,lock_stop,30
2022-09-09 04:45,2022-09-09 05:45,buy,1716.59,1715.05,1718.27,1718.27,1.094,tp,75
2022-09-09 06:30,2022-09-09 09:00,buy,1720.37,1718.55,1722.47,1718.55,-1.000,sl,165
2022-09-09 10:15,2022-09-09 10:15,buy,1726.79,1724.70,1729.30,1729.30,1.201,tp,15
2022-09-09 21:45,2022-09-09 23:45,sell,1714.73,1716.77,1712.29,1716.77,-1.000,sl,135
2022-09-12 05:45,2022-09-12 06:30,sell,1714.06,1715.67,1712.27,1712.27,1.111,tp,60
2022-09-12 10:30,2022-09-12 10:30,buy,1726.47,1724.04,1729.49,1724.04,-1.000,sl,15
2022-09-12 14:45,2022-09-12 15:00,buy,1729.24,1727.08,1731.85,1731.85,1.210,tp,30
2022-09-12 18:45,2022-09-12 20:45,buy,1732.58,1728.95,1737.40,1728.95,-1.000,sl,135
2022-09-13 02:45,2022-09-13 03:00,buy,1726.33,1725.04,1727.64,1725.04,-1.000,sl,30
2022-09-13 04:15,2022-09-13 05:45,sell,1722.53,1724.11,1720.79,1720.79,1.104,tp,105
2022-09-13 12:45,2022-09-13 13:15,buy,1728.02,1726.00,1730.43,1726.00,-1.000,sl,45
2022-09-13 14:00,2022-09-13 14:30,buy,1728.47,1726.43,1730.91,1730.91,1.194,tp,45
2022-09-13 16:00,2022-09-13 16:00,sell,1703.57,1707.82,1697.82,1697.82,1.353,tp,15
2022-09-13 19:00,2022-09-13 20:00,sell,1700.76,1706.39,1692.93,1706.39,-1.000,sl,75
2022-09-13 22:00,2022-09-13 23:45,sell,1702.85,1705.16,1700.00,1702.32,0.229,eod,120
2022-09-14 07:15,2022-09-14 07:30,sell,1699.44,1701.54,1696.91,1701.54,-1.000,sl,30
2022-09-14 10:30,2022-09-14 10:30,sell,1699.03,1701.29,1696.26,1701.29,-1.000,sl,15
2022-09-14 15:00,2022-09-14 15:00,sell,1701.37,1703.37,1698.99,1703.37,-1.000,sl,15
2022-09-15 03:15,2022-09-15 03:15,sell,1696.25,1697.41,1695.13,1697.41,-1.000,sl,15
2022-09-15 04:00,2022-09-15 04:00,sell,1695.40,1696.61,1694.21,1694.21,0.984,tp,15
2022-09-15 06:00,2022-09-15 06:00,sell,1693.38,1694.97,1691.62,1691.62,1.107,tp,15
2022-09-15 07:45,2022-09-15 07:45,sell,1689.67,1691.42,1687.68,1687.68,1.142,tp,15
2022-09-16 02:45,2022-09-16 03:00,sell,1661.71,1663.37,1659.84,1663.37,-1.000,sl,30
2022-09-16 05:00,2022-09-16 05:00,sell,1661.32,1663.29,1658.99,1663.29,-1.000,sl,15
2022-09-16 09:00,2022-09-16 09:00,sell,1662.61,1663.99,1661.17,1663.05,-0.319,lock_stop,15
2022-09-19 01:30,2022-09-19 03:45,buy,1678.08,1676.06,1680.49,1676.06,-1.000,sl,150
2022-09-19 07:15,2022-09-19 07:30,sell,1666.79,1668.82,1664.37,1668.82,-1.000,sl,30
2022-09-19 09:15,2022-09-19 09:15,sell,1665.21,1667.02,1663.12,1665.64,-0.237,lock_stop,15
2022-09-20 03:15,2022-09-20 03:30,buy,1678.98,1677.79,1680.13,1677.79,-1.000,sl,30
2022-09-20 11:30,2022-09-20 15:15,sell,1668.50,1670.83,1665.63,1665.63,1.231,tp,240
2022-09-20 16:30,2022-09-20 16:30,sell,1664.65,1667.21,1661.43,1661.43,1.256,tp,15
2022-09-20 20:30,2022-09-20 20:30,sell,1662.63,1665.10,1659.55,1665.10,-1.000,sl,15
2022-09-21 03:45,2022-09-21 04:00,sell,1663.65,1664.88,1662.43,1664.88,-1.000,sl,30
2022-09-21 06:30,2022-09-21 08:45,sell,1663.19,1664.98,1661.12,1664.98,-1.000,sl,150
2022-09-21 13:15,2022-09-21 13:45,buy,1675.19,1673.06,1677.77,1674.51,-0.319,lock_stop,45
2022-09-22 03:15,2022-09-22 04:00,sell,1662.52,1664.80,1659.72,1659.72,1.226,tp,60
2022-09-22 09:45,2022-09-22 10:00,sell,1658.29,1660.29,1655.91,1655.91,1.188,tp,30
2022-09-23 03:15,2022-09-23 03:15,buy,1673.54,1672.44,1674.56,1672.44,-1.000,sl,15
2022-09-23 03:45,2022-09-23 04:00,buy,1674.09,1673.01,1675.09,1673.01,-1.000,sl,30
2022-09-23 07:15,2022-09-23 07:15,sell,1668.19,1669.98,1666.13,1669.17,-0.547,lock_stop,15
2022-09-26 03:30,2022-09-26 03:30,sell,1642.08,1644.29,1639.39,1639.39,1.217,tp,15
2022-09-26 04:00,2022-09-26 04:00,sell,1627.81,1631.10,1623.50,1631.10,-1.000,sl,15
2022-09-26 07:00,2022-09-26 10:00,sell,1638.25,1642.88,1631.92,1642.88,-1.000,sl,195
2022-09-26 13:00,2022-09-26 13:15,sell,1641.67,1645.65,1636.32,1636.32,1.343,tp,30
2022-09-26 18:45,2022-09-26 19:15,sell,1635.53,1639.46,1630.26,1630.26,1.341,tp,45
2022-09-26 19:45,2022-09-26 19:45,sell,1628.06,1631.66,1623.28,1631.66,-1.000,sl,15
2022-09-26 20:15,2022-09-26 22:00,sell,1625.69,1629.49,1620.62,1629.49,-1.000,sl,120
2022-09-27 09:30,2022-09-27 10:00,buy,1636.81,1634.96,1638.96,1638.96,1.162,tp,45
2022-09-27 10:30,2022-09-27 10:30,buy,1640.47,1638.20,1643.25,1638.20,-1.000,sl,15
2022-09-27 14:30,2022-09-27 14:45,buy,1639.53,1636.91,1642.84,1636.91,-1.000,sl,30
2022-09-27 20:00,2022-09-27 23:45,sell,1629.20,1633.21,1623.82,1629.16,0.010,time,240
2022-09-28 02:45,2022-09-28 02:45,sell,1627.45,1629.02,1625.72,1629.02,-1.000,sl,15
2022-09-28 03:45,2022-09-28 04:45,sell,1625.99,1627.60,1624.19,1624.19,1.113,tp,75
2022-09-28 05:15,2022-09-28 05:30,sell,1623.23,1625.06,1621.12,1625.06,-1.000,sl,30
2022-09-28 08:00,2022-09-28 08:00,sell,1623.29,1624.90,1621.50,1624.90,-1.000,sl,15
2022-09-28 09:15,2022-09-28 09:30,sell,1622.28,1624.38,1619.76,1622.82,-0.257,lock_stop,30
2022-09-29 04:30,2022-09-29 04:30,buy,1658.46,1656.71,1660.45,1656.71,-1.000,sl,15
2022-09-29 15:30,2022-09-29 15:30,buy,1655.90,1652.53,1660.33,1652.53,-1.000,sl,15
2022-09-29 19:15,2022-09-29 19:15,buy,1664.18,1659.22,1670.99,1660.52,-0.739,lock_stop,15
2022-09-30 01:15,2022-09-30 02:45,buy,1662.78,1660.98,1664.85,1660.98,-1.000,sl,105
2022-09-30 08:45,2022-09-30 09:00,buy,1666.60,1664.91,1668.51,1668.51,1.130,tp,30
2022-09-30 10:00,2022-09-30 10:00,buy,1669.94,1667.87,1672.43,1672.43,1.199,tp,15
2022-09-30 15:45,2022-09-30 15:45,buy,1668.53,1665.14,1672.99,1665.14,-1.000,sl,15
2022-09-30 17:00,2022-09-30 17:30,buy,1670.42,1666.75,1675.31,1675.31,1.330,tp,45
2022-10-03 05:00,2022-10-03 05:00,buy,1669.19,1667.76,1670.71,1667.76,-1.000,sl,15
2022-10-03 07:15,2022-10-03 07:15,sell,1662.71,1664.48,1660.69,1664.48,-1.000,sl,15
2022-10-03 12:45,2022-10-03 12:45,sell,1660.11,1662.96,1656.47,1661.60,-0.524,lock_stop,15
2022-10-04 06:45,2022-10-04 06:45,buy,1700.42,1698.48,1702.70,1698.48,-1.000,sl,15
2022-10-04 09:00,2022-10-04 09:45,buy,1703.50,1701.03,1706.59,1706.59,1.247,tp,60
2022-10-04 10:15,2022-10-04 11:15,buy,1709.35,1706.62,1712.81,1706.62,-1.000,sl,75
2022-10-04 13:30,2022-10-04 13:45,buy,1710.81,1707.57,1715.05,1707.57,-1.000,sl,30
2022-10-04 16:00,2022-10-04 16:15,buy,1712.20,1708.78,1716.71,1708.78,-1.000,sl,30
2022-10-05 08:15,2022-10-05 08:15,buy,1722.20,1720.15,1724.64,1720.15,-1.000,sl,15
2022-10-05 09:30,2022-10-05 09:45,buy,1723.29,1720.90,1726.25,1726.25,1.238,tp,30
2022-10-05 11:30,2022-10-05 11:30,sell,1710.99,1714.48,1706.38,1714.48,-1.000,sl,15
2022-10-05 12:45,2022-10-05 13:00,sell,1709.62,1713.16,1704.93,1704.93,1.324,tp,30
2022-10-06 02:30,2022-10-06 03:00,buy,1718.52,1716.98,1720.21,1720.21,1.095,tp,45
2022-10-06 03:30,2022-10-06 03:45,buy,1722.66,1721.03,1724.49,1721.03,-1.000,sl,30
2022-10-06 06:15,2022-10-06 06:30,buy,1724.38,1722.10,1727.18,1722.10,-1.000,sl,30
2022-10-06 14:00,2022-10-06 14:00,sell,1712.89,1715.93,1708.95,1715.93,-1.000,sl,15
2022-10-06 14:30,2022-10-06 14:30,sell,1712.41,1715.66,1708.15,1714.75,-0.719,lock_stop,15
2022-10-07 01:15,2022-10-07 02:00,sell,1711.04,1712.71,1709.16,1712.71,-1.000,sl,60
2022-10-07 09:45,2022-10-07 10:00,sell,1709.21,1711.23,1706.80,1711.23,-1.000,sl,30
2022-10-07 13:15,2022-10-07 13:30,sell,1708.95,1711.64,1705.53,1709.35,-0.148,lock_stop,30
2022-10-10 03:30,2022-10-10 03:45,sell,1695.19,1697.00,1693.11,1693.11,1.154,tp,30
2022-10-10 06:00,2022-10-10 06:15,sell,1691.41,1693.77,1688.49,1688.49,1.235,tp,30
2022-10-11 05:15,2022-10-11 05:15,sell,1662.23,1664.64,1659.24,1664.64,-1.000,sl,15
2022-10-11 12:45,2022-10-11 13:45,sell,1662.62,1665.64,1658.71,1665.64,-1.000,sl,75
2022-10-11 18:45,2022-10-11 20:15,buy,1679.22,1675.46,1684.23,1678.45,-0.205,lock_stop,105
2022-10-12 02:30,2022-10-12 03:00,sell,1664.79,1666.52,1662.82,1662.82,1.138,tp,45
2022-10-12 09:45,2022-10-12 09:45,buy,1674.89,1672.39,1678.01,1672.39,-1.000,sl,15
2022-10-12 16:00,2022-10-12 16:00,buy,1671.91,1669.11,1675.48,1669.11,-1.000,sl,15
2022-10-12 21:15,2022-10-12 21:30,buy,1677.72,1675.02,1681.15,1675.02,-1.000,sl,30
2022-10-13 09:00,2022-10-13 09:00,sell,1668.82,1670.03,1667.63,1670.03,-1.000,sl,15
2022-10-13 09:30,2022-10-13 09:45,sell,1667.76,1669.07,1666.41,1669.07,-1.000,sl,30
2022-10-13 12:15,2022-10-13 12:15,buy,1677.81,1675.53,1680.60,1676.30,-0.663,lock_stop,15
2022-10-14 02:45,2022-10-14 03:00,sell,1663.28,1664.77,1661.68,1664.77,-1.000,sl,30
2022-10-14 04:15,2022-10-14 04:30,sell,1660.41,1661.93,1658.76,1661.93,-1.000,sl,30
2022-10-14 09:30,2022-10-14 09:30,buy,1671.42,1669.31,1673.96,1670.83,-0.280,lock_stop,15
2022-10-17 07:15,2022-10-17 08:00,sell,1648.62,1650.40,1646.57,1650.40,-1.000,sl,60
2022-10-17 08:45,2022-10-17 09:15,buy,1652.79,1651.18,1654.58,1651.18,-1.000,sl,45
2022-10-17 11:00,2022-10-17 11:15,buy,1656.24,1653.62,1659.55,1653.62,-1.000,sl,30
2022-10-18 05:15,2022-10-18 05:30,sell,1649.32,1651.03,1647.39,1651.03,-1.000,sl,30
2022-10-18 17:30,2022-10-18 17:45,sell,1649.60,1652.36,1646.09,1652.36,-1.000,sl,30
2022-10-18 18:30,2022-10-18 18:45,sell,1647.62,1650.69,1643.64,1650.69,-1.000,sl,30
2022-10-19 04:30,2022-10-19 04:30,sell,1650.68,1652.19,1649.04,1652.19,-1.000,sl,15
2022-10-19 05:45,2022-10-19 07:15,sell,1650.28,1652.06,1648.24,1648.24,1.148,tp,105
2022-10-19 07:45,2022-10-19 08:30,sell,1645.96,1647.55,1644.21,1647.55,-1.000,sl,60
2022-10-19 09:30,2022-10-19 09:45,sell,1642.53,1644.24,1640.59,1640.59,1.135,tp,30
2022-10-19 10:15,2022-10-19 10:30,sell,1638.37,1640.51,1635.78,1640.51,-1.000,sl,30
2022-10-19 13:30,2022-10-19 15:15,sell,1635.71,1638.98,1631.43,1631.43,1.309,tp,120
2022-10-19 19:00,2022-10-19 22:45,sell,1630.37,1633.95,1625.62,1629.57,0.223,time,240
2022-10-20 01:45,2022-10-20 02:30,sell,1628.17,1629.41,1626.93,1626.93,0.997,tp,60
2022-10-20 04:15,2022-10-20 05:15,sell,1625.61,1627.13,1623.95,1623.95,1.090,tp,75
2022-10-21 02:15,2022-10-21 02:30,sell,1625.54,1627.10,1623.83,1627.10,-1.000,sl,30
2022-10-21 06:00,2022-10-21 06:30,sell,1625.37,1627.07,1623.44,1623.44,1.133,tp,45
2022-10-21 08:15,2022-10-21 08:30,sell,1619.98,1621.91,1617.71,1621.91,-1.000,sl,30
2022-10-21 10:15,2022-10-21 10:15,sell,1618.00,1620.16,1615.38,1620.16,-1.000,sl,15
2022-10-21 15:15,2022-10-21 15:30,sell,1621.78,1624.32,1618.59,1623.32,-0.605,lock_stop,30
2022-10-24 01:15,2022-10-24 02:15,buy,1659.12,1656.65,1662.20,1656.65,-1.000,sl,75
2022-10-24 02:45,2022-10-24 02:45,buy,1665.38,1662.20,1669.52,1662.20,-1.000,sl,15
2022-10-24 07:45,2022-10-24 07:45,buy,1658.37,1656.50,1660.55,1658.21,-0.086,lock_stop,15
2022-10-25 02:00,2022-10-25 03:15,buy,1652.06,1650.61,1653.62,1653.62,1.070,tp,90
2022-10-25 06:45,2022-10-25 07:45,buy,1652.23,1650.33,1654.45,1650.33,-1.000,sl,75
2022-10-25 09:00,2022-10-25 09:00,sell,1647.94,1649.52,1646.19,1649.52,-1.000,sl,15
2022-10-25 10:30,2022-10-25 11:00,sell,1646.21,1648.18,1643.87,1648.18,-1.000,sl,45
2022-10-25 12:00,2022-10-25 12:45,sell,1643.69,1646.14,1640.64,1640.64,1.245,tp,60
2022-10-26 05:45,2022-10-26 08:30,buy,1655.87,1654.04,1657.99,1657.99,1.159,tp,180
2022-10-26 09:15,2022-10-26 09:45,buy,1662.86,1660.79,1665.34,1665.05,1.059,lock_target,45
2022-10-27 01:45,2022-10-27 02:45,buy,1665.66,1664.28,1667.11,1667.11,1.047,tp,75
2022-10-27 03:15,2022-10-27 03:30,buy,1668.43,1667.02,1669.92,1667.02,-1.000,sl,30
2022-10-27 04:15,2022-10-27 04:15,buy,1670.92,1669.16,1672.93,1669.16,-1.000,sl,15
2022-10-27 08:15,2022-10-27 08:30,buy,1667.05,1665.09,1669.37,1669.37,1.181,tp,30
2022-10-27 10:00,2022-10-27 10:00,sell,1660.47,1662.82,1657.57,1662.82,-1.000,sl,15
2022-10-27 13:45,2022-10-27 14:15,sell,1660.49,1662.90,1657.50,1662.90,-1.000,sl,45
2022-10-27 19:30,2022-10-27 20:00,sell,1658.76,1662.76,1653.39,1660.26,-0.375,lock_stop,45
2022-10-28 04:45,2022-10-28 04:45,buy,1664.08,1662.40,1665.97,1665.97,1.128,tp,15
2022-10-28 10:00,2022-10-28 10:00,sell,1656.74,1658.70,1654.43,1654.43,1.180,tp,15
2022-10-31 02:45,2022-10-31 03:00,sell,1642.38,1643.82,1640.85,1640.85,1.064,tp,30
2022-10-31 07:45,2022-10-31 08:45,sell,1641.83,1643.53,1639.90,1643.53,-1.000,sl,75
2022-10-31 10:15,2022-10-31 10:30,sell,1638.52,1640.53,1636.14,1636.14,1.188,tp,30
2022-10-31 15:30,2022-10-31 15:30,sell,1634.44,1637.08,1631.11,1637.08,-1.000,sl,15
2022-10-31 19:00,2022-10-31 21:15,sell,1636.30,1638.71,1633.30,1633.30,1.241,tp,150
2022-10-31 22:00,2022-10-31 22:45,sell,1631.91,1633.57,1630.04,1633.57,-1.000,sl,60
2022-11-01 01:45,2022-11-01 02:00,sell,1632.12,1633.44,1630.77,1630.77,1.026,tp,30
2022-11-01 07:45,2022-11-01 07:45,buy,1640.31,1638.66,1642.16,1642.16,1.121,tp,15
2022-11-02 02:30,2022-11-02 02:30,buy,1649.03,1647.72,1650.37,1650.37,1.022,tp,15
2022-11-02 03:00,2022-11-02 03:15,buy,1650.67,1649.24,1652.19,1649.24,-1.000,sl,30
2022-11-02 05:00,2022-11-02 06:00,buy,1652.26,1650.36,1654.49,1650.36,-1.000,sl,75
2022-11-02 07:45,2022-11-02 07:45,buy,1652.23,1650.58,1654.08,1650.58,-1.000,sl,15
2022-11-02 10:00,2022-11-02 10:00,buy,1653.12,1651.32,1655.20,1652.97,-0.083,lock_stop,15
2022-11-03 01:15,2022-11-03 02:45,sell,1631.95,1636.11,1626.33,1636.11,-1.000,sl,105
2022-11-03 05:15,2022-11-03 06:00,sell,1635.89,1637.86,1633.56,1637.86,-1.000,sl,60
2022-11-03 08:15,2022-11-03 08:15,sell,1634.60,1636.11,1632.96,1634.87,-0.179,lock_stop,15
2022-11-04 02:15,2022-11-04 02:45,buy,1631.76,1630.60,1632.87,1630.60,-1.000,sl,45
2022-11-04 04:00,2022-11-04 04:15,buy,1634.14,1632.66,1635.73,1635.73,1.077,tp,30
2022-11-04 04:45,2022-11-04 05:00,buy,1636.82,1635.21,1638.60,1638.60,1.111,tp,30
2022-11-04 05:30,2022-11-04 05:30,buy,1640.04,1638.07,1642.37,1638.07,-1.000,sl,15
2022-11-04 06:15,2022-11-04 06:45,buy,1640.91,1638.85,1643.37,1643.37,1.196,tp,45
2022-11-04 07:15,2022-11-04 08:30,buy,1647.84,1645.61,1650.56,1645.61,-1.000,sl,90
2022-11-04 11:30,2022-11-04 11:30,buy,1651.15,1648.49,1654.52,1648.49,-1.000,sl,15
2022-11-04 14:45,2022-11-04 15:00,buy,1656.42,1652.77,1661.28,1661.28,1.329,tp,30
2022-11-04 16:00,2022-11-04 16:30,buy,1667.70,1663.34,1673.61,1673.61,1.357,tp,45
2022-11-07 10:30,2022-11-07 11:00,buy,1673.80,1671.40,1676.77,1676.77,1.239,tp,45
2022-11-07 11:30,2022-11-07 12:45,buy,1680.16,1677.52,1683.50,1677.52,-1.000,sl,90
2022-11-07 16:15,2022-11-07 16:30,buy,1680.28,1677.78,1683.41,1677.78,-1.000,sl,30
2022-11-08 06:30,2022-11-08 07:00,sell,1671.04,1672.60,1669.33,1669.33,1.099,tp,45
2022-11-08 08:00,2022-11-08 08:00,sell,1668.11,1669.45,1666.72,1669.45,-1.000,sl,15
2022-11-08 11:00,2022-11-08 11:15,sell,1666.74,1669.11,1663.81,1669.11,-1.000,sl,30
2022-11-08 16:30,2022-11-08 16:45,buy,1676.46,1674.27,1679.11,1679.11,1.214,tp,30
2022-11-08 17:15,2022-11-08 17:15,buy,1699.04,1695.29,1704.04,1704.04,1.333,tp,15
2022-11-08 17:45,2022-11-08 17:45,buy,1711.21,1706.55,1717.58,1713.11,0.408,lock_target,15
2022-11-09 05:15,2022-11-09 05:30,buy,1711.45,1709.34,1713.98,1709.34,-1.000,sl,30
2022-11-09 09:15,2022-11-09 09:30,buy,1711.78,1710.09,1713.70,1710.09,-1.000,sl,30
2022-11-09 10:15,2022-11-09 10:15,buy,1715.12,1712.94,1717.77,1714.85,-0.124,lock_stop,15
2022-11-10 07:15,2022-11-10 08:15,buy,1711.34,1709.60,1713.33,1709.60,-1.000,sl,75
2022-11-10 15:30,2022-11-10 15:30,buy,1711.94,1709.68,1714.71,1714.71,1.224,tp,15
2022-11-10 16:15,2022-11-10 17:00,buy,1739.13,1734.52,1745.42,1745.42,1.364,tp,60
2022-11-10 17:30,2022-11-10 18:00,buy,1751.19,1745.44,1759.19,1745.44,-1.000,sl,45
2022-11-10 20:45,2022-11-10 23:00,buy,1752.20,1748.48,1757.16,1757.16,1.332,tp,150
2022-11-11 07:15,2022-11-11 07:15,buy,1754.90,1752.88,1757.31,1757.31,1.191,tp,15
2022-11-11 07:45,2022-11-11 08:00,buy,1760.67,1758.21,1763.74,1763.74,1.246,tp,30
2022-11-14 08:00,2022-11-14 08:00,sell,1758.23,1760.39,1755.61,1760.39,-1.000,sl,15
2022-11-14 11:15,2022-11-14 12:30,sell,1758.88,1761.86,1755.04,1755.04,1.290,tp,90
2022-11-14 16:45,2022-11-14 16:45,buy,1765.40,1762.49,1769.14,1769.14,1.285,tp,15
2022-11-14 17:15,2022-11-14 17:15,buy,1775.11,1771.56,1779.81,1771.56,-1.000,sl,15
2022-11-14 20:30,2022-11-14 23:45,buy,1773.77,1770.62,1777.88,1771.09,-0.849,eod,210
2022-11-15 07:15,2022-11-15 07:45,buy,1773.09,1771.33,1775.11,1771.33,-1.000,sl,45
2022-11-15 09:30,2022-11-15 09:30,buy,1777.09,1775.04,1779.54,1779.54,1.195,tp,15
2022-11-15 10:00,2022-11-15 10:00,buy,1783.17,1780.69,1786.27,1780.69,-1.000,sl,15
2022-11-16 02:00,2022-11-16 02:15,buy,1781.04,1778.85,1783.70,1778.85,-1.000,sl,30
2022-11-16 06:15,2022-11-16 06:30,sell,1770.49,1772.73,1767.76,1772.73,-1.000,sl,30
2022-11-16 11:00,2022-11-16 11:30,buy,1779.45,1776.95,1782.57,1782.57,1.250,tp,45
2022-11-16 20:30,2022-11-16 21:30,sell,1772.58,1775.09,1769.45,1775.09,-1.000,sl,75
2022-11-17 03:30,2022-11-17 03:45,sell,1772.35,1773.66,1771.01,1771.01,1.023,tp,30
2022-11-17 04:15,2022-11-17 04:15,sell,1768.53,1770.09,1766.81,1766.81,1.100,tp,15
2022-11-18 01:30,2022-11-18 01:45,sell,1759.43,1760.70,1758.15,1760.70,-1.000,sl,30
2022-11-18 06:00,2022-11-18 06:30,buy,1765.15,1763.36,1767.21,1763.36,-1.000,sl,45
2022-11-18 09:15,2022-11-18 09:15,buy,1766.33,1764.62,1768.27,1764.62,-1.000,sl,15
2022-11-21 03:15,2022-11-21 03:15,sell,1748.49,1749.93,1746.95,1746.95,1.067,tp,15
2022-11-21 04:45,2022-11-21 05:15,sell,1743.96,1746.02,1741.49,1746.02,-1.000,sl,45
2022-11-21 07:45,2022-11-21 07:45,sell,1744.70,1746.30,1742.92,1746.30,-1.000,sl,15
2022-11-21 09:45,2022-11-21 11:00,sell,1742.66,1744.61,1740.36,1740.36,1.179,tp,90
2022-11-21 11:45,2022-11-21 12:00,sell,1737.58,1740.02,1734.55,1740.02,-1.000,sl,30
2022-11-21 17:15,2022-11-21 20:00,sell,1736.54,1739.63,1732.53,1739.63,-1.000,sl,180
2022-11-21 22:00,2022-11-21 22:00,sell,1735.22,1737.35,1732.66,1737.35,-1.000,sl,15
2022-11-22 06:45,2022-11-22 07:15,buy,1745.36,1743.87,1746.97,1743.87,-1.000,sl,45
2022-11-22 10:00,2022-11-22 10:15,buy,1743.40,1741.63,1745.43,1745.43,1.147,tp,30
2022-11-22 11:45,2022-11-22 15:15,buy,1747.73,1745.44,1750.54,1745.44,-1.000,sl,225
2022-11-22 19:45,2022-11-22 23:30,sell,1738.99,1741.22,1736.28,1740.15,-0.521,time,240
2022-11-23 03:30,2022-11-23 03:45,sell,1739.63,1740.85,1738.43,1740.85,-1.000,sl,30
2022-11-23 05:30,2022-11-23 06:00,sell,1738.75,1740.42,1736.87,1736.87,1.126,tp,45
2022-11-23 11:15,2022-11-23 11:15,sell,1735.83,1738.06,1733.11,1738.06,-1.000,sl,15
2022-11-23 15:30,2022-11-23 15:30,sell,1734.14,1736.27,1731.58,1736.27,-1.000,sl,15
2022-11-23 20:30,2022-11-23 20:45,buy,1745.27,1742.94,1748.14,1743.81,-0.627,lock_stop,30
2022-11-24 02:00,2022-11-24 02:15,buy,1752.58,1750.97,1754.36,1754.36,1.111,tp,30
2022-11-24 04:00,2022-11-24 07:30,buy,1755.78,1754.03,1757.78,1754.03,-1.000,sl,225
2022-11-24 09:15,2022-11-24 09:30,buy,1757.06,1755.53,1758.72,1755.53,-1.000,sl,30
2022-11-24 11:15,2022-11-24 11:30,buy,1758.11,1756.05,1760.58,1756.05,-1.000,sl,30
2022-11-24 12:15,2022-11-24 12:15,buy,1758.50,1756.35,1761.10,1756.43,-0.963,lock_stop,15
2022-11-25 03:45,2022-11-25 04:15,buy,1756.70,1755.20,1758.32,1758.32,1.083,tp,45
2022-11-25 06:00,2022-11-25 07:00,buy,1759.87,1758.18,1761.78,1758.18,-1.000,sl,75
2022-11-25 10:00,2022-11-25 10:15,sell,1751.36,1753.23,1749.18,1753.23,-1.000,sl,30
2022-11-25 15:15,2022-11-25 15:15,sell,1749.29,1751.22,1747.02,1747.02,1.176,tp,15
2022-11-28 01:30,2022-11-28 02:15,sell,1750.35,1752.56,1747.67,1752.56,-1.000,sl,60
2022-11-28 03:15,2022-11-28 03:30,sell,1749.06,1751.08,1746.66,1746.66,1.190,tp,30
2022-11-28 10:30,2022-11-28 11:00,buy,1757.30,1754.89,1760.29,1760.29,1.241,tp,45
2022-11-28 12:45,2022-11-28 12:45,buy,1763.83,1761.18,1767.18,1761.18,-1.000,sl,15
2022-11-28 18:15,2022-11-28 22:00,sell,1741.97,1745.71,1736.99,1740.29,0.449,time,240
2022-11-29 06:45,2022-11-29 10:00,buy,1752.87,1750.82,1755.33,1755.33,1.196,tp,210
2022-11-29 10:45,2022-11-29 11:45,buy,1756.59,1754.42,1759.22,1754.42,-1.000,sl,75
2022-11-29 14:00,2022-11-29 14:00,buy,1757.61,1755.38,1760.33,1755.38,-1.000,sl,15
2022-11-29 17:30,2022-11-29 18:00,buy,1757.21,1753.90,1761.55,1753.90,-1.000,sl,45
2022-11-29 22:45,2022-11-29 23:00,sell,1748.54,1750.29,1746.54,1749.18,-0.365,lock_stop,30
2022-11-30 06:00,2022-11-30 08:00,buy,1755.02,1753.25,1757.04,1753.25,-1.000,sl,135
2022-11-30 09:15,2022-11-30 09:30,buy,1756.04,1754.49,1757.75,1754.49,-1.000,sl,30
2022-11-30 10:45,2022-11-30 11:00,buy,1757.83,1755.91,1760.08,1760.08,1.174,tp,30
2022-11-30 14:15,2022-11-30 14:30,buy,1763.52,1761.34,1766.17,1761.34,-1.000,sl,30
2022-11-30 15:30,2022-11-30 15:30,buy,1763.94,1761.66,1766.74,1761.66,-1.000,sl,15
2022-12-01 01:15,2022-12-01 02:00,buy,1770.37,1767.26,1774.41,1774.41,1.299,tp,60
2022-12-01 03:00,2022-12-01 03:15,buy,1778.46,1776.50,1780.78,1776.50,-1.000,sl,30
2022-12-01 06:15,2022-12-01 07:30,buy,1777.79,1775.33,1780.85,1780.85,1.246,tp,90
2022-12-01 13:30,2022-12-01 14:00,buy,1780.45,1777.99,1783.52,1782.03,0.642,lock_target,45
2022-12-02 01:15,2022-12-02 01:30,buy,1804.30,1802.80,1805.92,1802.80,-1.000,sl,30
2022-12-02 08:15,2022-12-02 09:30,buy,1799.43,1797.72,1801.37,1801.37,1.135,tp,90
2022-12-02 15:45,2022-12-02 15:45,sell,1783.42,1786.43,1779.54,1779.54,1.292,tp,15
2022-12-02 21:15,2022-12-02 21:45,sell,1794.32,1797.02,1790.90,1797.02,-1.000,sl,45
2022-12-05 03:15,2022-12-05 03:15,buy,1802.53,1800.62,1804.78,1804.78,1.173,tp,15
2022-12-05 03:45,2022-12-05 06:00,buy,1807.11,1804.88,1809.83,1809.83,1.220,tp,150
2022-12-06 07:45,2022-12-06 07:45,sell,1769.05,1771.32,1766.27,1771.32,-1.000,sl,15
2022-12-06 14:15,2022-12-06 15:00,buy,1780.34,1778.10,1783.08,1778.10,-1.000,sl,60
2022-12-06 20:45,2022-12-06 21:00,sell,1768.53,1770.71,1765.89,1769.34,-0.372,lock_stop,30
2022-12-07 03:15,2022-12-07 03:30,sell,1768.93,1770.15,1767.72,1770.15,-1.000,sl,30
2022-12-07 11:00,2022-12-07 11:00,buy,1775.62,1773.18,1778.66,1773.18,-1.000,sl,15
2022-12-07 15:00,2022-12-07 15:00,buy,1775.34,1773.26,1777.84,1775.27,-0.034,lock_stop,15
2022-12-08 08:00,2022-12-08 08:45,buy,1784.73,1783.18,1786.43,1786.43,1.097,tp,60
2022-12-08 13:45,2022-12-08 15:00,buy,1784.90,1782.99,1787.14,1787.14,1.173,tp,90
2022-12-09 01:15,2022-12-09 02:00,buy,1790.30,1788.95,1791.70,1788.95,-1.000,sl,60
2022-12-09 03:00,2022-12-09 03:00,buy,1790.57,1789.53,1791.50,1791.50,0.898,tp,15
2022-12-09 06:15,2022-12-09 08:30,buy,1796.13,1793.98,1798.72,1793.98,-1.000,sl,150
2022-12-09 12:15,2022-12-09 13:15,buy,1794.10,1791.87,1796.82,1796.82,1.220,tp,75
2022-12-09 13:45,2022-12-09 14:30,buy,1798.74,1796.40,1801.62,1801.62,1.233,tp,60
2022-12-09 18:30,2022-12-09 20:00,buy,1802.80,1797.98,1809.40,1797.98,-1.000,sl,105
2022-12-12 02:45,2022-12-12 03:00,sell,1792.78,1794.29,1791.14,1791.14,1.086,tp,30
2022-12-12 04:00,2022-12-12 04:15,sell,1790.58,1792.33,1788.58,1788.58,1.143,tp,30
2022-12-13 06:00,2022-12-13 07:30,sell,1782.23,1783.72,1780.62,1783.72,-1.000,sl,105
2022-12-13 09:15,2022-12-13 10:15,buy,1787.67,1786.11,1789.38,1786.11,-1.000,sl,75
2022-12-13 13:00,2022-12-13 13:00,buy,1787.56,1785.27,1790.37,1787.18,-0.166,lock_stop,15
2022-12-14 03:15,2022-12-14 03:45,buy,1811.89,1810.44,1813.44,1810.44,-1.000,sl,45
2022-12-14 08:15,2022-12-14 08:45,buy,1811.32,1809.95,1812.75,1812.75,1.043,tp,45
2022-12-14 14:45,2022-12-14 15:00,sell,1804.77,1806.88,1802.22,1806.88,-1.000,sl,30
2022-12-14 16:45,2022-12-14 17:00,buy,1811.86,1809.60,1814.63,1809.60,-1.000,sl,30
2022-12-14 21:15,2022-12-14 21:15,sell,1800.98,1803.92,1797.19,1803.92,-1.000,sl,15
2022-12-15 03:15,2022-12-15 03:15,sell,1803.60,1805.15,1801.90,1801.90,1.096,tp,15
2022-12-15 03:45,2022-12-15 03:45,sell,1799.70,1801.36,1797.84,1797.84,1.123,tp,15
2022-12-16 01:15,2022-12-16 02:00,sell,1776.03,1777.40,1774.59,1777.40,-1.000,sl,60
2022-12-16 09:15,2022-12-16 09:15,buy,1784.80,1783.27,1786.47,1783.27,-1.000,sl,15
2022-12-16 10:00,2022-12-16 10:00,sell,1777.07,1779.04,1774.75,1779.04,-1.000,sl,15
2022-12-19 02:45,2022-12-19 03:00,buy,1794.15,1792.67,1795.74,1792.67,-1.000,sl,30
2022-12-19 10:15,2022-12-19 10:15,buy,1795.75,1793.96,1797.81,1797.81,1.151,tp,15
2022-12-19 18:00,2022-12-19 18:30,sell,1785.89,1788.76,1782.21,1788.76,-1.000,sl,45
2022-12-19 21:30,2022-12-19 23:45,sell,1786.97,1788.89,1784.72,1787.65,-0.354,eod,150
2022-12-20 02:15,2022-12-20 02:45,sell,1785.21,1786.23,1784.31,1786.23,-1.000,sl,45
2022-12-20 08:45,2022-12-20 10:00,buy,1793.27,1790.59,1796.67,1796.67,1.267,tp,90
2022-12-20 10:45,2022-12-20 11:30,buy,1802.04,1799.17,1805.72,1805.72,1.282,tp,60
2022-12-20 13:45,2022-12-20 14:15,buy,1808.90,1806.07,1812.52,1806.07,-1.000,sl,45
2022-12-20 16:45,2022-12-20 16:45,buy,1808.80,1805.68,1812.85,1812.85,1.300,tp,15
2022-12-20 17:15,2022-12-20 17:15,buy,1820.78,1816.92,1825.95,1816.92,-1.000,sl,15
2022-12-21 09:30,2022-12-21 10:45,buy,1815.36,1813.59,1817.39,1817.39,1.147,tp,90
2022-12-21 15:00,2022-12-21 15:15,buy,1815.96,1814.22,1817.95,1817.95,1.141,tp,30
2022-12-22 03:00,2022-12-22 03:00,buy,1818.91,1817.63,1820.21,1817.63,-1.000,sl,15
2022-12-22 12:45,2022-12-22 13:45,sell,1814.75,1816.74,1812.39,1816.74,-1.000,sl,75
2022-12-22 15:45,2022-12-22 15:45,sell,1812.46,1814.78,1809.61,1809.61,1.230,tp,15
2022-12-22 16:30,2022-12-22 17:00,sell,1803.03,1806.21,1798.88,1798.88,1.304,tp,45
2022-12-22 17:30,2022-12-22 20:00,sell,1795.96,1799.95,1790.60,1790.60,1.343,tp,165
2022-12-22 20:45,2022-12-22 21:45,sell,1785.55,1788.31,1782.04,1788.31,-1.000,sl,75
2022-12-23 03:00,2022-12-23 03:00,sell,1791.65,1793.11,1790.08,1793.11,-1.000,sl,15
2022-12-23 05:45,2022-12-23 06:15,sell,1792.26,1794.04,1790.22,1794.04,-1.000,sl,45
2022-12-23 18:15,2022-12-23 18:15,buy,1802.86,1799.60,1807.12,1801.98,-0.270,lock_stop,15
2022-12-27 01:15,2022-12-27 01:30,buy,1801.07,1799.68,1802.53,1802.53,1.049,tp,30
2022-12-27 04:00,2022-12-27 07:45,buy,1804.87,1803.01,1807.03,1807.03,1.164,tp,240
2022-12-28 09:15,2022-12-28 09:15,sell,1807.75,1809.34,1806.00,1809.34,-1.000,sl,15
2022-12-28 10:15,2022-12-28 10:30,sell,1806.07,1808.12,1803.61,1803.61,1.196,tp,30
2022-12-28 11:00,2022-12-28 11:00,sell,1803.09,1805.38,1800.28,1800.28,1.227,tp,15
2022-12-28 17:30,2022-12-28 17:45,sell,1801.52,1804.46,1797.74,1798.23,1.120,lock_target,30
2022-12-29 03:45,2022-12-29 03:45,buy,1808.33,1806.86,1809.91,1806.86,-1.000,sl,15
2022-12-29 07:00,2022-12-29 08:30,buy,1809.24,1807.67,1810.96,1807.67,-1.000,sl,105
2022-12-29 15:30,2022-12-29 15:30,buy,1808.27,1806.34,1810.54,1810.54,1.176,tp,15
2022-12-29 16:45,2022-12-29 17:00,buy,1816.12,1813.26,1819.79,1813.26,-1.000,sl,30
2022-12-29 19:30,2022-12-29 20:30,buy,1818.17,1814.91,1822.43,1817.27,-0.276,lock_stop,75
2022-12-30 03:00,2022-12-30 03:30,buy,1816.42,1815.29,1817.49,1817.49,0.948,tp,45
2022-12-30 05:15,2022-12-30 05:15,buy,1819.33,1818.03,1820.66,1818.03,-1.000,sl,15
2022-12-30 07:45,2022-12-30 09:00,buy,1819.10,1817.75,1820.50,1820.50,1.036,tp,90
2022-12-30 13:30,2022-12-30 14:15,buy,1818.15,1816.25,1820.37,1820.37,1.171,tp,60
2023-01-03 01:15,2023-01-03 01:15,buy,1826.36,1824.52,1828.49,1824.52,-1.000,sl,15
2023-01-03 02:15,2023-01-03 03:00,buy,1831.85,1829.59,1834.62,1829.59,-1.000,sl,60
2023-01-03 04:45,2023-01-03 04:45,buy,1838.49,1835.04,1843.05,1838.41,-0.023,lock_stop,15
2023-01-04 03:30,2023-01-04 03:30,buy,1840.21,1838.67,1841.89,1841.89,1.093,tp,15
2023-01-04 04:00,2023-01-04 05:00,buy,1844.63,1842.73,1846.85,1846.85,1.171,tp,75
2023-01-05 03:30,2023-01-05 04:00,buy,1857.75,1855.88,1859.93,1855.88,-1.000,sl,45
2023-01-05 10:00,2023-01-05 10:00,sell,1849.11,1851.47,1846.20,1846.20,1.235,tp,15
2023-01-05 10:45,2023-01-05 11:00,sell,1844.60,1847.60,1840.72,1847.60,-1.000,sl,30
2023-01-05 13:45,2023-01-05 15:15,sell,1846.11,1848.97,1842.45,1842.45,1.281,tp,105
2023-01-05 16:00,2023-01-05 17:15,sell,1834.59,1838.08,1829.98,1829.98,1.321,tp,90
2023-01-05 17:45,2023-01-05 18:15,sell,1827.24,1831.71,1821.16,1831.71,-1.000,sl,45
2023-01-06 07:15,2023-01-06 08:00,sell,1836.76,1838.64,1834.56,1838.64,-1.000,sl,60
2023-01-06 11:15,2023-01-06 12:30,sell,1835.77,1837.85,1833.27,1837.85,-1.000,sl,90
2023-01-06 15:45,2023-01-06 15:45,buy,1847.68,1844.25,1852.20,1852.20,1.318,tp,15
2023-01-06 17:15,2023-01-06 20:30,buy,1859.10,1853.38,1867.05,1867.05,1.391,tp,210
2023-01-06 21:00,2023-01-06 22:45,buy,1868.95,1866.24,1872.39,1866.24,-1.000,sl,120
2023-01-09 03:30,2023-01-09 03:45,buy,1871.17,1869.06,1873.71,1873.71,1.203,tp,30
2023-01-09 04:15,2023-01-09 04:45,buy,1876.74,1874.30,1879.77,1879.26,1.034,lock_target,45
2023-01-10 02:15,2023-01-10 03:00,sell,1869.48,1871.15,1867.60,1871.15,-1.000,sl,60
2023-01-10 07:45,2023-01-10 08:15,buy,1875.05,1873.25,1877.12,1873.25,-1.000,sl,45
2023-01-10 11:00,2023-01-10 11:00,buy,1875.36,1873.17,1878.01,1875.21,-0.069,lock_stop,15
2023-01-11 03:00,2023-01-11 03:00,buy,1878.27,1877.10,1879.40,1877.10,-1.000,sl,15
2023-01-11 05:45,2023-01-11 07:00,buy,1877.29,1875.33,1879.60,1879.60,1.180,tp,90
2023-01-11 07:45,2023-01-11 07:45,buy,1884.60,1882.70,1886.83,1882.70,-1.000,sl,15
2023-01-11 16:45,2023-01-11 17:30,sell,1874.16,1877.15,1870.30,1870.30,1.291,tp,60
2023-01-12 04:00,2023-01-12 04:15,buy,1880.80,1879.26,1882.48,1882.48,1.093,tp,30
2023-01-12 04:45,2023-01-12 05:15,buy,1884.21,1882.54,1886.08,1882.54,-1.000,sl,45
2023-01-12 11:45,2023-01-12 12:00,buy,1885.09,1883.20,1887.30,1883.20,-1.000,sl,30
2023-01-12 13:15,2023-01-12 14:15,buy,1885.96,1884.12,1888.10,1888.10,1.161,tp,75
2023-01-12 15:45,2023-01-12 15:45,buy,1892.16,1888.40,1897.17,1897.17,1.334,tp,15
2023-01-12 19:15,2023-01-12 19:30,buy,1894.23,1888.19,1902.67,1896.89,0.440,lock_target,30
2023-01-13 02:30,2023-01-13 02:30,buy,1899.96,1898.01,1902.26,1898.01,-1.000,sl,15
2023-01-13 10:00,2023-01-13 10:00,buy,1899.86,1897.76,1902.39,1902.39,1.203,tp,15
2023-01-13 10:45,2023-01-13 11:15,buy,1907.82,1904.95,1911.50,1904.95,-1.000,sl,45
2023-01-13 16:15,2023-01-13 16:30,buy,1902.36,1899.21,1906.47,1906.47,1.302,tp,30
2023-01-13 17:00,2023-01-13 17:00,buy,1911.87,1908.18,1916.78,1908.18,-1.000,sl,15
2023-01-13 17:45,2023-01-13 18:45,buy,1913.51,1909.44,1918.98,1909.44,-1.000,sl,75
2023-01-13 20:15,2023-01-13 23:45,buy,1918.95,1915.48,1923.53,1920.29,0.386,eod,225
2023-01-16 03:30,2023-01-16 03:30,buy,1921.43,1919.31,1923.98,1919.31,-1.000,sl,15
2023-01-16 04:00,2023-01-16 04:45,buy,1924.42,1922.00,1927.43,1927.43,1.242,tp,60
2023-01-16 13:45,2023-01-16 13:45,buy,1919.29,1917.24,1921.74,1917.24,-1.000,sl,15
2023-01-16 14:45,2023-01-16 15:15,sell,1914.45,1916.50,1912.00,1912.00,1.195,tp,45
2023-01-16 19:15,2023-01-16 20:45,sell,1912.88,1914.55,1911.00,1914.55,-1.000,sl,105
2023-01-17 04:30,2023-01-17 06:00,sell,1912.14,1914.52,1909.20,1909.20,1.237,tp,105
2023-01-17 09:00,2023-01-17 09:00,sell,1906.97,1908.94,1904.64,1908.94,-1.000,sl,15
2023-01-17 11:45,2023-01-17 13:45,sell,1906.70,1909.03,1903.82,1909.03,-1.000,sl,135
2023-01-17 19:30,2023-01-17 22:00,sell,1906.88,1910.25,1902.45,1910.25,-1.000,sl,165
2023-01-18 03:00,2023-01-18 03:00,sell,1907.05,1908.35,1905.73,1908.35,-1.000,sl,15
2023-01-18 04:45,2023-01-18 05:30,sell,1904.26,1906.51,1901.51,1901.51,1.222,tp,60
2023-01-18 06:15,2023-01-18 08:00,sell,1897.80,1900.77,1893.98,1900.77,-1.000,sl,120
2023-01-18 14:15,2023-01-18 14:30,buy,1917.31,1915.11,1919.98,1915.11,-1.000,sl,30
2023-01-18 15:00,2023-01-18 15:30,buy,1917.62,1915.40,1920.32,1920.32,1.218,tp,45
2023-01-19 03:30,2023-01-19 04:30,sell,1902.28,1904.34,1899.82,1904.34,-1.000,sl,75
2023-01-19 10:00,2023-01-19 10:15,buy,1911.59,1909.42,1914.22,1914.22,1.212,tp,30
2023-01-19 15:30,2023-01-19 15:30,buy,1912.28,1909.68,1915.56,1909.68,-1.000,sl,15
2023-01-19 16:15,2023-01-19 17:00,buy,1914.71,1911.55,1918.82,1918.82,1.302,tp,60
2023-01-19 17:30,2023-01-19 17:45,buy,1921.76,1917.98,1926.80,1917.98,-1.000,sl,30
2023-01-19 20:45,2023-01-19 21:15,buy,1924.06,1920.94,1928.11,1928.11,1.300,tp,45
2023-01-19 22:15,2023-01-19 22:15,buy,1935.12,1932.10,1939.03,1932.10,-1.000,sl,15
2023-01-20 03:30,2023-01-20 03:30,buy,1934.96,1933.25,1936.90,1933.25,-1.000,sl,15
2023-01-20 09:30,2023-01-20 09:45,buy,1930.32,1928.26,1932.78,1932.78,1.196,tp,30
2023-01-20 10:15,2023-01-20 10:15,buy,1936.20,1933.71,1939.32,1933.71,-1.000,sl,15
2023-01-20 16:45,2023-01-20 16:45,sell,1922.91,1925.73,1919.31,1925.73,-1.000,sl,15
2023-01-20 21:30,2023-01-20 21:45,buy,1930.88,1928.50,1933.82,1929.71,-0.492,lock_stop,30
2023-01-23 02:15,2023-01-23 02:45,buy,1929.44,1927.88,1931.16,1931.16,1.100,tp,45
2023-01-23 04:15,2023-01-23 04:45,buy,1934.90,1933.00,1937.12,1933.00,-1.000,sl,45
2023-01-23 08:45,2023-01-23 09:00,sell,1921.22,1923.23,1918.83,1923.23,-1.000,sl,30
2023-01-23 09:30,2023-01-23 10:30,sell,1920.42,1922.57,1917.82,1922.57,-1.000,sl,75
2023-01-23 14:15,2023-01-23 14:15,sell,1923.43,1925.86,1920.41,1924.82,-0.572,lock_stop,15
2023-01-24 01:30,2023-01-24 02:45,buy,1932.58,1930.87,1934.52,1930.87,-1.000,sl,90
2023-01-24 03:45,2023-01-24 04:00,buy,1935.15,1933.85,1936.48,1936.48,1.019,tp,30
2023-01-24 08:30,2023-01-24 08:30,buy,1936.84,1935.22,1938.64,1938.64,1.114,tp,15
2023-01-24 09:00,2023-01-24 09:00,buy,1939.97,1938.22,1941.96,1938.22,-1.000,sl,15
2023-01-24 14:30,2023-01-24 14:30,buy,1938.84,1936.70,1941.42,1936.70,-1.000,sl,15
2023-01-24 17:00,2023-01-24 17:00,sell,1921.14,1924.23,1917.14,1924.23,-1.000,sl,15
2023-01-24 21:15,2023-01-24 23:45,buy,1936.00,1933.51,1939.10,1937.26,0.507,eod,165
2023-01-25 04:15,2023-01-25 04:30,buy,1939.61,1938.04,1941.34,1938.04,-1.000,sl,30
2023-01-25 07:00,2023-01-25 08:30,sell,1928.28,1930.84,1925.06,1930.84,-1.000,sl,105
2023-01-25 12:15,2023-01-25 12:15,sell,1923.55,1926.30,1920.06,1925.89,-0.852,lock_stop,15
2023-01-26 05:45,2023-01-26 07:15,buy,1947.45,1945.67,1949.49,1945.67,-1.000,sl,105
2023-01-26 17:45,2023-01-26 18:15,sell,1928.43,1932.77,1922.55,1922.55,1.356,tp,45
2023-01-27 04:30,2023-01-27 04:45,sell,1928.11,1929.93,1926.00,1926.00,1.157,tp,30
2023-01-27 05:30,2023-01-27 06:15,sell,1924.80,1926.87,1922.33,1922.33,1.198,tp,60
2023-01-30 03:15,2023-01-30 03:45,sell,1925.35,1927.67,1922.50,1927.67,-1.000,sl,45
2023-01-30 10:30,2023-01-30 11:15,sell,1921.76,1924.24,1918.66,1924.24,-1.000,sl,60
2023-01-30 21:15,2023-01-30 21:15,sell,1921.15,1923.33,1918.50,1923.33,-1.000,sl,15
2023-01-31 05:45,2023-01-31 07:30,sell,1921.20,1923.15,1918.90,1918.90,1.180,tp,120
2023-01-31 08:00,2023-01-31 08:00,sell,1917.06,1918.91,1914.91,1914.91,1.162,tp,15
2023-02-01 06:15,2023-02-01 06:30,buy,1928.34,1926.74,1930.12,1926.74,-1.000,sl,30
2023-02-01 13:15,2023-02-01 13:15,buy,1927.95,1926.03,1930.20,1930.20,1.174,tp,15
2023-02-01 21:45,2023-02-01 22:00,buy,1939.02,1934.60,1945.03,1945.03,1.359,tp,30
2023-02-01 22:30,2023-02-01 22:30,buy,1947.75,1942.11,1955.58,1952.23,0.795,lock_target,15
2023-02-02 01:15,2023-02-02 05:00,buy,1955.95,1949.96,1964.31,1952.76,-0.533,time,240
2023-02-02 09:15,2023-02-02 09:15,buy,1959.76,1957.63,1962.32,1957.63,-1.000,sl,15
2023-02-02 17:00,2023-02-02 17:15,sell,1921.30,1926.11,1914.71,1926.11,-1.000,sl,30
2023-02-03 05:30,2023-02-03 09:00,sell,1915.44,1917.20,1913.42,1917.20,-1.000,sl,225
2023-02-03 09:45,2023-02-03 10:15,sell,1912.03,1914.29,1909.27,1914.29,-1.000,sl,45
2023-02-03 12:30,2023-02-03 12:30,sell,1909.57,1912.60,1905.65,1910.75,-0.390,lock_stop,15
2023-02-06 11:15,2023-02-06 13:30,sell,1873.28,1876.23,1869.48,1869.48,1.288,tp,150
2023-02-06 17:30,2023-02-06 17:45,sell,1867.82,1871.26,1863.29,1863.29,1.318,tp,30
2023-02-07 04:45,2023-02-07 06:15,buy,1874.04,1872.29,1876.05,1872.29,-1.000,sl,105
2023-02-07 08:15,2023-02-07 09:00,buy,1875.48,1873.70,1877.53,1873.70,-1.000,sl,60
2023-02-07 20:00,2023-02-07 20:00,buy,1880.93,1876.13,1887.51,1876.13,-1.000,sl,15
2023-02-08 03:15,2023-02-08 04:15,buy,1877.09,1874.68,1880.08,1874.68,-1.000,sl,75
2023-02-08 09:30,2023-02-08 09:45,buy,1880.01,1878.02,1882.38,1882.38,1.187,tp,30
2023-02-08 22:15,2023-02-08 23:45,sell,1874.80,1877.29,1871.69,1875.55,-0.301,eod,105
2023-02-09 03:15,2023-02-09 03:15,sell,1872.47,1873.85,1871.03,1873.85,-1.000,sl,15
2023-02-09 10:15,2023-02-09 11:15,buy,1883.04,1880.78,1885.80,1880.78,-1.000,sl,75
2023-02-09 13:00,2023-02-09 13:00,buy,1885.89,1883.29,1889.16,1884.13,-0.677,lock_stop,15
2023-02-10 05:30,2023-02-10 06:00,sell,1857.64,1860.20,1854.42,1854.42,1.256,tp,45
2023-02-10 07:00,2023-02-10 07:30,sell,1853.75,1856.18,1850.72,1856.18,-1.000,sl,45
2023-02-10 12:15,2023-02-10 12:45,sell,1861.02,1864.86,1855.89,1864.86,-1.000,sl,45
2023-02-10 16:00,2023-02-10 16:30,buy,1867.26,1864.55,1870.70,1864.55,-1.000,sl,45
2023-02-10 18:30,2023-02-10 19:15,sell,1858.24,1862.43,1852.58,1861.79,-0.847,lock_stop,60
2023-02-13 03:30,2023-02-13 03:30,sell,1858.98,1860.82,1856.85,1860.82,-1.000,sl,15
2023-02-13 06:00,2023-02-13 08:00,sell,1858.58,1860.70,1856.03,1860.70,-1.000,sl,135
2023-02-13 11:30,2023-02-13 12:00,sell,1858.16,1860.94,1854.62,1854.62,1.275,tp,45
2023-02-13 15:30,2023-02-13 16:30,sell,1857.37,1859.96,1854.11,1854.11,1.259,tp,75
2023-02-13 18:15,2023-02-13 20:45,sell,1852.64,1855.72,1848.64,1855.72,-1.000,sl,165
2023-02-14 08:00,2023-02-14 08:30,buy,1859.60,1858.22,1861.04,1861.04,1.045,tp,45
2023-02-14 09:00,2023-02-14 09:15,buy,1862.46,1860.82,1864.30,1860.82,-1.000,sl,30
2023-02-14 11:30,2023-02-14 12:30,buy,1862.07,1859.49,1865.31,1859.49,-1.000,sl,75
2023-02-15 04:00,2023-02-15 04:00,buy,1859.22,1857.64,1860.96,1857.64,-1.000,sl,15
2023-02-15 05:00,2023-02-15 05:30,sell,1851.95,1854.07,1849.39,1849.39,1.205,tp,45
2023-02-15 07:15,2023-02-15 08:30,sell,1846.02,1848.36,1843.13,1843.13,1.233,tp,90
2023-02-15 09:45,2023-02-15 09:45,sell,1837.54,1840.05,1834.40,1835.70,0.733,lock_target,15
2023-02-16 03:00,2023-02-16 03:00,sell,1835.08,1836.51,1833.56,1836.51,-1.000,sl,15
2023-02-16 04:45,2023-02-16 05:15,buy,1842.72,1840.89,1844.84,1840.89,-1.000,sl,45
2023-02-16 08:30,2023-02-16 08:30,sell,1835.01,1836.90,1832.80,1835.05,-0.021,lock_stop,15
2023-02-17 01:45,2023-02-17 02:15,sell,1834.09,1836.40,1831.25,1831.25,1.229,tp,45
2023-02-17 04:00,2023-02-17 04:00,sell,1828.75,1830.83,1826.26,1826.26,1.199,tp,15
2023-02-20 03:30,2023-02-20 03:30,buy,1841.37,1839.57,1843.45,1839.57,-1.000,sl,15
2023-02-20 04:30,2023-02-20 08:00,buy,1842.59,1840.46,1845.15,1845.15,1.206,tp,225
2023-02-20 09:30,2023-02-20 09:30,buy,1845.96,1844.22,1847.94,1844.22,-1.000,sl,15
2023-02-20 10:15,2023-02-20 10:15,buy,1846.62,1844.75,1848.79,1844.75,-1.000,sl,15
2023-02-20 13:45,2023-02-20 13:45,buy,1845.72,1843.69,1848.13,1844.84,-0.435,lock_stop,15
2023-02-21 05:15,2023-02-21 09:00,sell,1838.54,1840.56,1836.14,1838.45,0.045,time,240
2023-02-21 09:30,2023-02-21 10:00,sell,1835.83,1837.73,1833.60,1833.60,1.171,tp,45
2023-02-21 14:15,2023-02-21 15:00,sell,1831.00,1833.50,1827.88,1833.50,-1.000,sl,60
2023-02-21 19:00,2023-02-21 19:45,sell,1832.81,1836.61,1827.74,1836.61,-1.000,sl,60
2023-02-22 08:00,2023-02-22 08:30,buy,1837.23,1835.80,1838.76,1835.80,-1.000,sl,45
2023-02-22 09:45,2023-02-22 09:45,buy,1837.53,1836.06,1839.11,1839.11,1.074,tp,15
2023-02-22 14:30,2023-02-22 14:45,buy,1842.99,1840.35,1846.32,1840.35,-1.000,sl,30
2023-02-22 21:15,2023-02-22 21:45,sell,1828.44,1830.93,1825.33,1825.33,1.249,tp,45
2023-02-23 10:15,2023-02-23 12:15,sell,1827.65,1829.83,1825.01,1825.01,1.213,tp,135
2023-02-23 15:45,2023-02-23 15:45,sell,1819.76,1822.47,1816.31,1822.47,-1.000,sl,15
2023-02-23 23:15,2023-02-23 23:45,sell,1822.22,1823.93,1820.28,1822.27,-0.029,eod,45
2023-02-24 09:45,2023-02-24 10:00,sell,1822.24,1823.96,1820.28,1820.28,1.137,tp,30
2023-02-24 13:45,2023-02-24 15:30,sell,1817.66,1820.25,1814.40,1814.40,1.259,tp,120
2023-02-27 05:00,2023-02-27 05:30,sell,1811.55,1813.09,1809.86,1809.86,1.095,tp,45
2023-02-27 12:00,2023-02-27 12:30,sell,1808.19,1810.28,1805.68,1810.28,-1.000,sl,45
2023-02-27 17:00,2023-02-27 17:30,buy,1818.15,1815.42,1821.63,1815.42,-1.000,sl,45
2023-02-28 04:30,2023-02-28 04:30,buy,1819.30,1817.92,1820.74,1817.92,-1.000,sl,15
2023-02-28 07:30,2023-02-28 08:15,sell,1813.01,1814.55,1811.33,1814.55,-1.000,sl,60
2023-02-28 09:30,2023-02-28 10:00,sell,1811.90,1813.69,1809.84,1809.84,1.150,tp,45
2023-02-28 17:15,2023-02-28 18:00,buy,1823.02,1820.08,1826.80,1826.80,1.287,tp,60
2023-02-28 19:15,2023-02-28 23:00,buy,1829.12,1825.29,1834.24,1826.57,-0.666,time,240
2023-03-01 04:00,2023-03-01 04:00,buy,1829.41,1827.87,1831.10,1827.87,-1.000,sl,15
2023-03-01 05:30,2023-03-01 07:15,buy,1830.44,1828.63,1832.53,1832.53,1.155,tp,120
2023-03-01 08:30,2023-03-01 08:45,buy,1834.01,1832.37,1835.85,1835.85,1.120,tp,30
2023-03-01 13:30,2023-03-01 13:45,buy,1838.16,1835.48,1841.55,1835.48,-1.000,sl,30
2023-03-01 14:45,2023-03-01 15:00,buy,1839.33,1836.81,1842.48,1836.81,-1.000,sl,30
2023-03-01 17:00,2023-03-01 17:00,buy,1842.51,1839.30,1846.71,1839.30,-1.000,sl,15
2023-03-02 07:30,2023-03-02 09:15,sell,1832.42,1834.09,1830.54,1830.54,1.126,tp,120
2023-03-02 14:45,2023-03-02 15:15,sell,1830.97,1833.35,1828.02,1833.35,-1.000,sl,45
2023-03-03 02:15,2023-03-03 02:30,buy,1839.42,1837.94,1841.02,1837.94,-1.000,sl,30
2023-03-03 03:15,2023-03-03 03:30,buy,1840.97,1839.46,1842.62,1839.46,-1.000,sl,30
2023-03-03 07:45,2023-03-03 07:45,buy,1840.09,1838.67,1841.60,1839.06,-0.725,lock_stop,15
2023-03-06 05:00,2023-03-06 06:00,buy,1854.04,1852.18,1856.20,1856.20,1.163,tp,75
2023-03-06 09:30,2023-03-06 09:30,buy,1856.30,1854.69,1858.09,1858.09,1.112,tp,15
2023-03-07 02:15,2023-03-07 02:45,sell,1844.71,1845.89,1843.56,1845.89,-1.000,sl,45
2023-03-07 09:00,2023-03-07 09:00,sell,1846.62,1848.08,1845.06,1848.08,-1.000,sl,15
2023-03-07 12:00,2023-03-07 12:15,sell,1843.51,1845.65,1840.93,1844.03,-0.243,lock_stop,30
2023-03-08 02:15,2023-03-08 03:30,sell,1812.59,1813.95,1811.18,1813.95,-1.000,sl,90
2023-03-08 05:00,2023-03-08 07:45,sell,1810.78,1812.29,1809.14,1812.29,-1.000,sl,180
2023-03-08 15:30,2023-03-08 15:30,sell,1812.45,1814.29,1810.31,1814.29,-1.000,sl,15
2023-03-09 03:45,2023-03-09 06:45,sell,1813.09,1814.30,1811.89,1814.30,-1.000,sl,195
2023-03-09 10:45,2023-03-09 10:45,buy,1818.96,1817.16,1821.03,1817.16,-1.000,sl,15
2023-03-09 13:15,2023-03-09 13:45,buy,1819.54,1817.61,1821.82,1818.79,-0.388,lock_stop,45
2023-03-10 02:30,2023-03-10 03:00,buy,1835.02,1833.51,1836.65,1833.51,-1.000,sl,45
2023-03-10 08:00,2023-03-10 09:15,buy,1831.35,1829.61,1833.33,1833.33,1.140,tp,90
2023-03-10 10:15,2023-03-10 10:15,buy,1836.39,1834.35,1838.83,1834.35,-1.000,sl,15
2023-03-10 15:45,2023-03-10 16:00,buy,1844.11,1841.25,1847.77,1841.25,-1.000,sl,30
2023-03-10 16:30,2023-03-10 16:30,buy,1849.76,1846.07,1854.67,1854.67,1.331,tp,15
2023-03-10 17:30,2023-03-10 18:00,buy,1864.32,1859.41,1871.06,1859.41,-1.000,sl,45
2023-03-10 22:45,2023-03-10 23:45,buy,1867.97,1865.31,1871.34,1867.15,-0.308,eod,75
2023-03-13 00:15,2023-03-13 00:15,buy,1894.04,1889.93,1899.58,1889.93,-1.000,sl,15
2023-03-13 04:45,2023-03-13 05:15,buy,1887.13,1882.92,1892.82,1882.92,-1.000,sl,45
2023-03-13 11:00,2023-03-13 11:00,buy,1885.78,1882.01,1890.80,1884.94,-0.223,lock_stop,15
2023-03-14 03:00,2023-03-14 03:00,buy,1912.73,1911.11,1914.54,1911.11,-1.000,sl,15
2023-03-14 08:15,2023-03-14 08:15,buy,1911.21,1908.80,1914.19,1908.80,-1.000,sl,15
2023-03-14 14:45,2023-03-14 14:45,buy,1910.17,1906.98,1914.33,1910.02,-0.047,lock_stop,15
2023-03-15 02:15,2023-03-15 02:15,sell,1900.06,1901.49,1898.54,1901.49,-1.000,sl,15
2023-03-15 06:00,2023-03-15 07:00,sell,1902.67,1904.36,1900.76,1900.76,1.130,tp,75
2023-03-15 07:30,2023-03-15 08:45,sell,1900.17,1901.69,1898.52,1901.69,-1.000,sl,90
2023-03-15 10:00,2023-03-15 10:00,sell,1896.22,1898.28,1893.75,1893.75,1.197,tp,15
2023-03-15 10:30,2023-03-15 10:30,sell,1887.10,1889.72,1883.80,1889.72,-1.000,sl,15
2023-03-15 13:45,2023-03-15 14:00,buy,1915.80,1910.45,1923.21,1923.21,1.383,tp,30
2023-03-15 15:00,2023-03-15 15:30,buy,1928.08,1921.42,1937.44,1921.42,-1.000,sl,45
2023-03-15 18:15,2023-03-15 19:15,buy,1930.31,1923.83,1939.40,1923.83,-1.000,sl,75
2023-03-16 02:30,2023-03-16 02:45,buy,1923.62,1921.73,1925.82,1921.73,-1.000,sl,30
2023-03-16 13:00,2023-03-16 14:00,buy,1922.95,1919.53,1927.45,1927.45,1.317,tp,75
2023-03-16 14:30,2023-03-16 14:30,buy,1929.60,1926.59,1933.48,1926.59,-1.000,sl,15
2023-03-17 04:00,2023-03-17 04:30,buy,1923.06,1921.39,1924.95,1924.95,1.127,tp,45
2023-03-17 05:30,2023-03-17 05:45,buy,1929.58,1927.36,1932.29,1927.36,-1.000,sl,30
2023-03-17 07:00,2023-03-17 07:45,buy,1931.26,1929.15,1933.80,1929.15,-1.000,sl,60
2023-03-17 13:30,2023-03-17 14:15,buy,1935.75,1932.91,1939.38,1939.38,1.280,tp,60
2023-03-17 14:45,2023-03-17 15:00,buy,1944.59,1941.58,1948.48,1948.48,1.293,tp,30
2023-03-17 16:15,2023-03-17 16:15,buy,1953.03,1948.83,1958.71,1954.75,0.409,lock_target,15
2023-03-20 07:30,2023-03-20 07:45,buy,1975.98,1973.83,1978.57,1978.57,1.209,tp,30
2023-03-20 09:15,2023-03-20 09:15,buy,1995.48,1990.95,2001.65,2001.65,1.362,tp,15
2023-03-21 02:00,2023-03-21 02:00,sell,1976.33,1978.11,1974.29,1978.11,-1.000,sl,15
2023-03-21 05:00,2023-03-21 07:15,buy,1983.39,1980.80,1986.64,1980.80,-1.000,sl,150
2023-03-21 10:00,2023-03-21 10:00,sell,1970.15,1973.42,1965.87,1965.87,1.309,tp,15
2023-03-21 14:15,2023-03-21 14:30,sell,1963.55,1966.42,1959.88,1966.42,-1.000,sl,30
2023-03-21 15:45,2023-03-21 16:00,sell,1956.03,1960.15,1950.47,1950.47,1.348,tp,30
2023-03-21 18:45,2023-03-21 22:30,sell,1942.73,1948.40,1934.85,1940.12,0.460,time,240
2023-03-22 04:15,2023-03-22 05:00,sell,1941.14,1943.17,1938.71,1938.71,1.193,tp,60
2023-03-22 09:30,2023-03-22 09:30,sell,1935.77,1938.29,1932.62,1938.29,-1.000,sl,15
2023-03-22 14:45,2023-03-22 15:30,sell,1939.37,1942.38,1935.48,1942.38,-1.000,sl,60
2023-03-22 20:15,2023-03-22 20:15,buy,1953.66,1949.18,1959.76,1959.76,1.361,tp,15
2023-03-22 20:45,2023-03-22 21:00,buy,1973.39,1967.62,1981.42,1967.62,-1.000,sl,30
2023-03-23 02:15,2023-03-23 03:15,buy,1971.82,1968.34,1976.41,1968.34,-1.000,sl,75
2023-03-23 04:30,2023-03-23 06:45,buy,1974.21,1971.20,1978.09,1978.09,1.292,tp,150
2023-03-23 07:45,2023-03-23 07:45,buy,1979.61,1977.13,1982.70,1977.13,-1.000,sl,15
2023-03-23 08:30,2023-03-23 08:30,buy,1982.50,1979.80,1985.92,1979.80,-1.000,sl,15
2023-03-23 12:30,2023-03-23 12:45,buy,1979.77,1976.03,1984.76,1977.68,-0.558,lock_stop,30
2023-03-24 02:30,2023-03-24 03:15,buy,1993.70,1991.53,1996.33,1991.53,-1.000,sl,60
2023-03-24 10:15,2023-03-24 10:15,buy,1992.02,1989.22,1995.59,1989.22,-1.000,sl,15
2023-03-24 12:00,2023-03-24 12:15,buy,1994.68,1990.93,1999.68,1999.68,1.333,tp,30
2023-03-24 19:30,2023-03-24 22:45,sell,1980.69,1985.67,1973.84,1978.81,0.377,eod,210
2023-03-27 01:15,2023-03-27 02:00,sell,1971.88,1975.22,1967.49,1975.22,-1.000,sl,60
2023-03-27 08:00,2023-03-27 08:45,sell,1973.50,1975.62,1970.95,1970.95,1.205,tp,60
2023-03-27 09:15,2023-03-27 09:45,sell,1968.51,1970.67,1965.89,1970.67,-1.000,sl,45
2023-03-27 12:30,2023-03-27 12:30,sell,1963.20,1966.62,1958.69,1958.69,1.317,tp,15
2023-03-27 13:00,2023-03-27 13:30,sell,1955.83,1959.48,1950.98,1950.98,1.329,tp,45
2023-03-27 16:00,2023-03-27 16:00,sell,1945.42,1950.12,1939.00,1950.12,-1.000,sl,15
2023-03-27 20:15,2023-03-27 21:45,sell,1952.56,1956.44,1947.37,1956.44,-1.000,sl,105
2023-03-28 09:15,2023-03-28 09:15,sell,1954.90,1956.95,1952.44,1956.95,-1.000,sl,15
2023-03-28 09:45,2023-03-28 09:45,sell,1953.83,1955.95,1951.28,1955.95,-1.000,sl,15
2023-03-28 10:45,2023-03-28 10:45,sell,1951.92,1954.74,1948.32,1954.74,-1.000,sl,15
2023-03-29 09:00,2023-03-29 09:30,sell,1962.75,1964.65,1960.52,1960.52,1.172,tp,45
2023-03-29 14:30,2023-03-29 14:45,sell,1964.20,1966.74,1961.01,1966.74,-1.000,sl,30
2023-03-29 17:45,2023-03-29 18:00,buy,1971.43,1967.50,1976.70,1967.50,-1.000,sl,30
2023-03-29 19:00,2023-03-29 19:45,sell,1961.59,1965.59,1956.22,1965.59,-1.000,sl,60
2023-03-29 22:45,2023-03-29 22:45,sell,1961.89,1964.25,1958.98,1964.25,-1.000,sl,15
2023-03-30 03:15,2023-03-30 04:00,sell,1961.68,1963.13,1960.14,1960.14,1.068,tp,60
2023-03-30 04:45,2023-03-30 04:45,sell,1956.25,1958.14,1954.04,1958.14,-1.000,sl,15
2023-03-30 13:30,2023-03-30 15:15,buy,1969.08,1966.82,1971.84,1971.84,1.223,tp,120
2023-03-30 18:00,2023-03-30 19:00,buy,1972.34,1968.45,1977.56,1977.56,1.340,tp,75
2023-03-31 04:15,2023-03-31 04:30,buy,1981.62,1980.17,1983.16,1983.16,1.068,tp,30
2023-03-31 10:00,2023-03-31 10:00,buy,1984.47,1982.64,1986.59,1982.64,-1.000,sl,15
2023-03-31 13:45,2023-03-31 15:15,buy,1980.92,1977.97,1984.72,1977.97,-1.000,sl,105
2023-03-31 15:45,2023-03-31 15:45,buy,1982.25,1979.35,1985.97,1979.35,-1.000,sl,15
2023-03-31 20:30,2023-03-31 20:30,sell,1968.45,1971.91,1963.88,1968.83,-0.110,lock_stop,15
2023-04-03 01:15,2023-04-03 02:15,sell,1962.76,1965.43,1959.38,1959.38,1.266,tp,75
2023-04-03 02:45,2023-04-03 03:00,sell,1957.86,1960.90,1953.92,1960.90,-1.000,sl,30
2023-04-03 05:45,2023-04-03 06:00,sell,1956.45,1959.52,1952.47,1952.47,1.297,tp,30
2023-04-03 13:45,2023-04-03 13:45,buy,1971.15,1968.47,1974.54,1972.51,0.508,lock_target,15
2023-04-04 09:45,2023-04-04 10:30,buy,1981.93,1979.92,1984.33,1979.92,-1.000,sl,60
2023-04-04 16:30,2023-04-04 16:30,buy,1987.55,1984.73,1991.16,1991.16,1.279,tp,15
2023-04-04 17:15,2023-04-04 17:15,buy,2016.73,2012.06,2023.11,2023.11,1.366,tp,15
2023-04-05 02:30,2023-04-05 02:30,buy,2023.50,2021.97,2025.17,2021.97,-1.000,sl,15
2023-04-05 05:45,2023-04-05 06:00,buy,2024.89,2023.11,2026.94,2023.11,-1.000,sl,30
2023-04-05 09:00,2023-04-05 09:00,buy,2024.54,2022.97,2026.28,2024.03,-0.324,lock_stop,15
2023-04-06 01:30,2023-04-06 02:00,sell,2019.05,2020.60,2017.35,2020.60,-1.000,sl,45
2023-04-06 04:00,2023-04-06 04:00,sell,2016.80,2018.11,2015.46,2015.46,1.022,tp,15
2023-04-06 05:00,2023-04-06 05:15,sell,2012.47,2014.26,2010.42,2010.42,1.150,tp,30
2023-04-06 05:45,2023-04-06 06:15,sell,2009.76,2011.77,2007.36,2011.77,-1.000,sl,45
2023-04-06 16:15,2023-04-06 16:30,sell,2009.34,2012.22,2005.65,2012.22,-1.000,sl,30
2023-04-06 17:00,2023-04-06 17:00,sell,2003.43,2007.29,1998.26,2007.29,-1.000,sl,15
2023-04-06 20:45,2023-04-06 20:45,sell,2008.80,2011.61,2005.20,2009.99,-0.423,lock_stop,15
2023-04-10 01:15,2023-04-10 01:30,sell,2000.79,2003.40,1997.50,2003.40,-1.000,sl,30
2023-04-10 03:45,2023-04-10 04:00,sell,2000.08,2002.87,1996.52,1996.52,1.276,tp,30
2023-04-10 05:15,2023-04-10 05:30,sell,1995.16,1997.54,1992.22,1992.22,1.237,tp,30
2023-04-10 06:00,2023-04-10 07:30,sell,1990.87,1993.59,1987.41,1993.59,-1.000,sl,105
2023-04-10 15:15,2023-04-10 15:30,sell,1997.89,2000.03,1995.31,2000.03,-1.000,sl,30
2023-04-10 16:00,2023-04-10 16:00,sell,1989.24,1992.19,1985.43,1992.19,-1.000,sl,15
2023-04-11 04:30,2023-04-11 04:30,sell,1989.98,1991.51,1988.31,1991.51,-1.000,sl,15
2023-04-11 08:00,2023-04-11 10:00,buy,2000.05,1997.88,2002.69,1997.88,-1.000,sl,135
2023-04-11 10:30,2023-04-11 10:45,buy,2002.18,2000.04,2004.77,2002.09,-0.042,lock_stop,30
2023-04-12 02:45,2023-04-12 04:00,buy,2004.61,2003.47,2005.70,2005.70,0.954,tp,90
2023-04-12 04:30,2023-04-12 04:30,buy,2010.06,2008.64,2011.57,2011.57,1.061,tp,15
2023-04-13 02:15,2023-04-13 02:45,buy,2016.23,2014.57,2018.09,2018.09,1.123,tp,45
2023-04-13 09:30,2023-04-13 09:30,buy,2021.00,2018.95,2023.44,2022.84,0.899,lock_target,15
2023-04-14 03:45,2023-04-14 03:45,buy,2043.35,2042.03,2044.70,2042.03,-1.000,sl,15
2023-04-14 04:30,2023-04-14 04:30,buy,2045.64,2043.99,2047.49,2043.99,-1.000,sl,15
2023-04-14 05:00,2023-04-14 05:30,buy,2046.24,2044.35,2048.45,2045.24,-0.529,lock_stop,45
2023-04-17 01:15,2023-04-17 01:45,sell,2002.47,2004.59,1999.92,1999.92,1.205,tp,45
2023-04-17 04:15,2023-04-17 04:15,sell,1996.88,1999.47,1993.63,1999.47,-1.000,sl,15
2023-04-17 15:45,2023-04-17 15:45,sell,1999.21,2001.88,1995.83,2001.88,-1.000,sl,15
2023-04-17 16:45,2023-04-17 17:15,sell,1996.42,1999.82,1991.94,1991.94,1.316,tp,45
2023-04-17 17:45,2023-04-17 17:45,sell,1986.95,1991.19,1981.21,1981.21,1.353,tp,15
2023-04-18 01:15,2023-04-18 03:30,sell,1994.11,1995.72,1992.32,1995.72,-1.000,sl,150
2023-04-18 10:30,2023-04-18 11:00,buy,2002.32,2000.11,2005.01,2005.01,1.218,tp,45
2023-04-18 13:45,2023-04-18 15:45,buy,2004.44,2001.75,2007.85,2001.75,-1.000,sl,135
2023-04-18 17:15,2023-04-18 20:45,buy,2008.69,2004.88,2013.78,2004.88,-1.000,sl,225
2023-04-19 03:15,2023-04-19 03:15,buy,2006.77,2005.63,2007.86,2005.63,-1.000,sl,15
2023-04-19 04:00,2023-04-19 04:00,buy,2007.64,2006.39,2008.89,2006.39,-1.000,sl,15
2023-04-19 08:45,2023-04-19 08:45,sell,2001.50,2003.23,1999.53,1999.53,1.139,tp,15
2023-04-19 09:15,2023-04-19 09:15,sell,1994.11,1996.19,1991.62,1991.62,1.199,tp,15
2023-04-19 11:15,2023-04-19 11:30,sell,1984.33,1988.26,1979.06,1979.06,1.341,tp,30
2023-04-19 12:45,2023-04-19 13:45,sell,1975.14,1979.83,1968.73,1972.81,0.497,lock_target,75
2023-04-20 09:15,2023-04-20 09:30,buy,1997.46,1995.62,1999.60,1999.60,1.160,tp,30
2023-04-20 13:00,2023-04-20 13:15,buy,1999.84,1996.76,2003.83,2003.83,1.297,tp,30
2023-04-21 07:30,2023-04-21 08:30,sell,2000.66,2002.58,1998.40,1998.40,1.175,tp,75
2023-04-21 09:30,2023-04-21 09:30,sell,1989.22,1991.59,1986.29,1986.29,1.236,tp,15
2023-04-24 03:45,2023-04-24 03:45,sell,1981.77,1983.32,1980.08,1983.32,-1.000,sl,15
2023-04-24 05:00,2023-04-24 05:00,sell,1979.27,1981.23,1976.96,1981.23,-1.000,sl,15
2023-04-24 07:45,2023-04-24 07:45,sell,1978.79,1980.91,1976.23,1979.58,-0.372,lock_stop,15
2023-04-25 01:15,2023-04-25 02:30,buy,1992.58,1990.91,1994.45,1994.45,1.125,tp,90
2023-04-25 03:45,2023-04-25 03:45,buy,1998.56,1996.58,2000.91,1996.58,-1.000,sl,15
2023-04-25 09:00,2023-04-25 09:15,buy,1995.80,1993.68,1998.36,1993.68,-1.000,sl,30
2023-04-25 13:30,2023-04-25 14:30,sell,1983.69,1986.85,1979.57,1979.57,1.302,tp,75
2023-04-25 15:00,2023-04-25 15:15,sell,1977.35,1980.25,1973.62,1980.25,-1.000,sl,30
2023-04-25 20:30,2023-04-25 20:45,buy,1994.15,1991.00,1998.24,1998.24,1.301,tp,30
2023-04-25 21:15,2023-04-25 21:15,buy,2003.32,2000.25,2007.30,2000.25,-1.000,sl,15
2023-04-26 02:15,2023-04-26 03:00,buy,1999.69,1997.84,2001.84,2001.84,1.162,tp,60
2023-04-26 08:45,2023-04-26 08:45,buy,1997.78,1995.84,2000.07,1995.84,-1.000,sl,15
2023-04-26 09:45,2023-04-26 10:00,buy,1998.83,1996.88,2001.13,1996.88,-1.000,sl,30
2023-04-26 14:30,2023-04-26 14:30,buy,2000.92,1998.76,2003.54,1998.76,-1.000,sl,15
2023-04-26 16:30,2023-04-26 16:30,buy,2008.38,2004.37,2013.76,2004.37,-1.000,sl,15
2023-04-27 06:15,2023-04-27 08:00,buy,1999.54,1997.17,2002.47,2002.47,1.237,tp,120
2023-04-27 13:30,2023-04-27 14:30,buy,2000.70,1998.30,2003.68,1998.30,-1.000,sl,75
2023-04-27 16:30,2023-04-27 17:00,sell,1979.24,1983.67,1973.22,1983.67,-1.000,sl,45
2023-04-28 02:00,2023-04-28 04:00,sell,1986.49,1987.84,1985.09,1985.09,1.037,tp,135
2023-04-28 09:00,2023-04-28 09:15,sell,1984.54,1986.82,1981.74,1986.82,-1.000,sl,30
2023-04-28 15:15,2023-04-28 15:15,sell,1981.73,1983.65,1979.48,1983.65,-1.000,sl,15
2023-04-28 15:45,2023-04-28 15:45,sell,1979.54,1982.25,1976.09,1982.25,-1.000,sl,15
2023-05-01 01:15,2023-05-01 01:30,buy,1991.18,1989.53,1993.03,1989.53,-1.000,sl,30
2023-05-01 04:00,2023-05-01 04:45,sell,1983.73,1985.35,1981.92,1981.92,1.115,tp,60
2023-05-01 10:15,2023-05-01 10:15,sell,1979.20,1981.18,1976.85,1981.18,-1.000,sl,15
2023-05-01 11:45,2023-05-01 12:00,sell,1978.38,1980.22,1976.24,1980.22,-1.000,sl,30
2023-05-01 15:15,2023-05-01 15:15,buy,1990.91,1988.34,1994.13,1994.13,1.256,tp,15
2023-05-01 15:45,2023-05-01 16:30,buy,2004.77,2001.29,2009.36,2001.29,-1.000,sl,60
2023-05-01 22:45,2023-05-01 23:15,sell,1979.90,1982.04,1977.32,1980.85,-0.444,lock_stop,45
2023-05-02 13:30,2023-05-02 14:00,buy,1986.86,1984.25,1990.15,1990.15,1.261,tp,45
2023-05-02 17:15,2023-05-02 17:15,buy,1999.58,1996.31,2003.86,2003.86,1.309,tp,15
2023-05-03 04:30,2023-05-03 04:30,buy,2017.74,2016.49,2018.98,2016.49,-1.000,sl,15
2023-05-03 10:00,2023-05-03 10:00,buy,2018.32,2016.72,2020.10,2016.72,-1.000,sl,15
2023-05-03 16:30,2023-05-03 16:30,buy,2019.06,2016.22,2022.70,2016.22,-1.000,sl,15
2023-05-04 01:15,2023-05-04 01:30,buy,2050.61,2042.41,2062.28,2062.28,1.424,tp,30
2023-05-04 07:45,2023-05-04 08:45,buy,2045.13,2041.94,2049.29,2041.94,-1.000,sl,75
2023-05-04 12:45,2023-05-04 14:00,buy,2037.16,2033.97,2041.32,2041.32,1.304,tp,90
2023-05-04 17:00,2023-05-04 17:15,buy,2044.60,2040.43,2050.24,2050.24,1.350,tp,30
2023-05-05 04:30,2023-05-05 04:30,buy,2050.93,2049.51,2052.44,2052.44,1.061,tp,15
2023-05-05 10:45,2023-05-05 13:00,sell,2040.00,2042.37,2037.07,2037.07,1.236,tp,150
2023-05-08 01:15,2023-05-08 02:15,sell,2014.96,2016.92,2012.65,2016.92,-1.000,sl,75
2023-05-08 09:00,2023-05-08 09:00,sell,2020.70,2022.48,2018.66,2022.48,-1.000,sl,15
2023-05-08 13:15,2023-05-08 13:15,buy,2024.89,2023.05,2027.03,2023.05,-1.000,sl,15
2023-05-09 03:15,2023-05-09 04:00,sell,2019.56,2020.98,2018.05,2020.98,-1.000,sl,60
2023-05-09 07:00,2023-05-09 08:15,buy,2025.20,2023.43,2027.24,2027.24,1.148,tp,90
2023-05-09 12:15,2023-05-09 13:15,buy,2026.61,2024.25,2029.52,2029.52,1.235,tp,75
2023-05-09 14:15,2023-05-09 15:15,buy,2032.33,2030.20,2034.90,2030.20,-1.000,sl,75
2023-05-09 19:15,2023-05-09 20:15,buy,2031.10,2028.22,2034.80,2034.80,1.283,tp,75
2023-05-09 20:45,2023-05-09 22:00,buy,2037.19,2034.53,2040.56,2034.53,-1.000,sl,90
2023-05-10 01:30,2023-05-10 02:15,buy,2035.86,2034.68,2037.01,2037.01,0.971,tp,60
2023-05-10 03:15,2023-05-10 03:15,buy,2037.80,2036.71,2038.81,2036.71,-1.000,sl,15
2023-05-10 08:45,2023-05-10 08:45,sell,2027.86,2029.29,2026.35,2029.29,-1.000,sl,15
2023-05-10 11:45,2023-05-10 12:00,sell,2026.95,2029.35,2023.97,2029.35,-1.000,sl,30
2023-05-11 03:15,2023-05-11 03:30,buy,2032.51,2031.19,2033.86,2033.86,1.025,tp,30
2023-05-11 04:00,2023-05-11 04:00,buy,2035.59,2034.18,2037.07,2034.18,-1.000,sl,15
2023-05-11 10:00,2023-05-11 10:00,sell,2027.12,2028.93,2025.03,2025.03,1.155,tp,15
2023-05-11 17:00,2023-05-11 17:30,sell,2012.69,2018.40,2004.74,2018.40,-1.000,sl,45
2023-05-12 04:30,2023-05-12 04:30,sell,2011.23,2012.77,2009.55,2012.77,-1.000,sl,15
2023-05-12 05:45,2023-05-12 09:15,sell,2010.39,2012.35,2008.07,2008.07,1.182,tp,225
2023-05-12 12:00,2023-05-12 12:30,sell,2006.35,2009.01,2002.98,2002.98,1.265,tp,45
2023-05-12 19:00,2023-05-12 19:45,sell,2009.20,2013.29,2003.68,2013.29,-1.000,sl,60
2023-05-12 20:15,2023-05-12 22:30,buy,2015.21,2011.91,2019.54,2011.91,-1.000,sl,150
2023-05-15 04:45,2023-05-15 05:00,buy,2017.99,2016.08,2020.24,2016.08,-1.000,sl,30
2023-05-15 08:15,2023-05-15 08:15,buy,2015.59,2014.00,2017.35,2017.35,1.107,tp,15
2023-05-15 10:45,2023-05-15 10:45,buy,2020.10,2018.02,2022.60,2018.02,-1.000,sl,15
2023-05-15 15:45,2023-05-15 15:45,buy,2018.66,2016.33,2021.53,2016.33,-1.000,sl,15
2023-05-15 17:00,2023-05-15 17:00,buy,2021.03,2018.01,2024.93,2019.49,-0.511,lock_stop,15
2023-05-16 09:15,2023-05-16 09:15,sell,2009.55,2011.18,2007.73,2007.73,1.117,tp,15
2023-05-16 13:30,2023-05-16 14:30,sell,2008.16,2009.89,2006.20,2006.20,1.138,tp,75
2023-05-17 08:30,2023-05-17 09:15,sell,1988.93,1990.32,1987.47,1987.47,1.051,tp,60
2023-05-17 12:15,2023-05-17 13:15,sell,1985.60,1987.71,1983.06,1987.71,-1.000,sl,75
2023-05-17 15:30,2023-05-17 15:45,sell,1984.98,1987.10,1982.43,1982.43,1.204,tp,30
2023-05-17 16:45,2023-05-17 16:45,sell,1980.65,1983.44,1977.09,1977.09,1.276,tp,15
2023-05-18 06:30,2023-05-18 07:45,sell,1981.48,1982.99,1979.84,1979.84,1.087,tp,90
2023-05-18 08:15,2023-05-18 09:15,sell,1978.88,1980.41,1977.21,1980.41,-1.000,sl,75
2023-05-18 10:00,2023-05-18 10:45,sell,1977.13,1978.95,1975.03,1978.95,-1.000,sl,60
2023-05-18 11:15,2023-05-18 11:15,sell,1973.21,1975.56,1970.31,1975.56,-1.000,sl,15
2023-05-18 14:30,2023-05-18 14:30,sell,1974.71,1976.67,1972.40,1976.67,-1.000,sl,15
2023-05-19 04:00,2023-05-19 04:00,sell,1957.44,1958.47,1956.53,1958.47,-1.000,sl,15
2023-05-19 04:30,2023-05-19 04:30,sell,1956.82,1958.37,1955.11,1955.11,1.098,tp,15
2023-05-19 09:30,2023-05-19 09:30,buy,1968.82,1966.90,1971.08,1966.90,-1.000,sl,15
2023-05-19 13:00,2023-05-19 13:00,buy,1967.95,1965.57,1970.89,1965.57,-1.000,sl,15
2023-05-19 16:45,2023-05-19 16:45,sell,1958.59,1961.19,1955.31,1961.19,-1.000,sl,15
2023-05-22 01:15,2023-05-22 05:00,buy,1979.93,1977.84,1982.44,1977.84,-1.000,sl,240
2023-05-22 12:00,2023-05-22 13:45,buy,1980.97,1978.29,1984.36,1978.29,-1.000,sl,120
2023-05-22 21:45,2023-05-22 23:45,sell,1973.10,1975.38,1970.30,1971.73,0.600,eod,135
2023-05-23 02:15,2023-05-23 03:15,sell,1970.54,1971.67,1969.47,1971.67,-1.000,sl,75
2023-05-23 04:00,2023-05-23 04:00,sell,1967.08,1968.40,1965.73,1968.40,-1.000,sl,15
2023-05-23 04:45,2023-05-23 05:15,sell,1961.90,1963.82,1959.64,1961.99,-0.047,lock_stop,45
2023-05-24 02:00,2023-05-24 02:15,buy,1977.13,1975.73,1978.60,1975.73,-1.000,sl,30
2023-05-24 07:00,2023-05-24 08:30,buy,1976.73,1974.83,1978.96,1978.96,1.172,tp,105
2023-05-24 09:00,2023-05-24 09:00,buy,1979.76,1977.92,1981.90,1977.92,-1.000,sl,15
2023-05-24 14:30,2023-05-24 15:00,buy,1979.12,1976.73,1982.09,1982.09,1.239,tp,45
2023-05-24 15:30,2023-05-24 15:30,buy,1983.33,1980.88,1986.37,1980.88,-1.000,sl,15
2023-05-24 19:00,2023-05-24 22:45,sell,1962.79,1967.27,1956.69,1959.00,0.846,time,240
2023-05-24 23:45,2023-05-24 23:45,sell,1957.59,1960.12,1954.42,1957.24,0.138,eod,15
2023-05-25 04:15,2023-05-25 05:30,sell,1956.74,1958.76,1954.33,1958.76,-1.000,sl,90
2023-05-25 09:00,2023-05-25 09:15,sell,1955.68,1957.19,1954.04,1957.19,-1.000,sl,30
2023-05-25 15:30,2023-05-25 15:30,sell,1959.56,1961.61,1957.12,1957.12,1.195,tp,15
2023-05-25 21:15,2023-05-25 22:30,sell,1942.18,1944.44,1939.42,1939.42,1.223,tp,90
2023-05-26 03:45,2023-05-26 03:45,sell,1938.66,1940.16,1937.03,1940.16,-1.000,sl,15
2023-05-26 08:45,2023-05-26 08:45,buy,1951.22,1949.41,1953.32,1949.41,-1.000,sl,15
2023-05-26 10:45,2023-05-26 10:45,buy,1956.37,1953.96,1959.35,1956.24,-0.054,lock_stop,15
2023-05-29 01:15,2023-05-29 03:00,sell,1944.42,1946.17,1942.42,1942.42,1.142,tp,120
2023-05-29 03:45,2023-05-29 04:00,sell,1940.83,1942.60,1938.80,1942.60,-1.000,sl,30
2023-05-29 11:15,2023-05-29 11:30,sell,1942.35,1944.13,1940.31,1944.13,-1.000,sl,30
2023-05-29 15:45,2023-05-29 16:30,buy,1948.25,1946.77,1949.85,1946.77,-1.000,sl,60
2023-05-29 20:00,2023-05-29 20:00,sell,1943.29,1944.83,1941.60,1943.74,-0.292,lock_stop,15
2023-05-30 02:15,2023-05-30 03:00,sell,1941.63,1942.77,1940.54,1942.77,-1.000,sl,60
2023-05-30 06:30,2023-05-30 06:45,sell,1941.74,1943.66,1939.48,1939.48,1.175,tp,30
2023-05-30 08:15,2023-05-30 08:15,sell,1937.22,1939.11,1935.01,1935.01,1.169,tp,15
2023-05-30 09:00,2023-05-30 09:15,sell,1933.12,1935.38,1930.36,1935.38,-1.000,sl,30
2023-05-30 13:00,2023-05-30 14:30,buy,1953.18,1949.73,1957.73,1957.73,1.319,tp,105
2023-05-30 15:00,2023-05-30 15:30,buy,1960.45,1957.16,1964.75,1957.16,-1.000,sl,45
2023-05-30 18:30,2023-05-30 20:15,buy,1961.17,1957.84,1965.54,1957.84,-1.000,sl,120
2023-05-30 22:45,2023-05-30 23:45,buy,1960.23,1958.59,1962.07,1959.17,-0.646,eod,75
2023-05-31 07:15,2023-05-31 08:30,buy,1959.35,1957.33,1961.75,1961.75,1.190,tp,90
2023-05-31 09:00,2023-05-31 09:00,buy,1964.64,1962.58,1967.11,1962.58,-1.000,sl,15
2023-05-31 15:00,2023-05-31 15:45,buy,1960.63,1958.35,1963.42,1963.42,1.226,tp,60
2023-05-31 16:45,2023-05-31 16:45,buy,1967.73,1965.04,1971.14,1971.14,1.267,tp,15
2023-06-01 01:45,2023-06-01 04:00,buy,1965.80,1964.26,1967.49,1967.49,1.095,tp,150
2023-06-01 09:15,2023-06-01 10:00,sell,1961.56,1963.30,1959.57,1959.57,1.141,tp,60
2023-06-02 05:15,2023-06-02 06:00,buy,1979.21,1977.57,1981.05,1981.05,1.120,tp,60
2023-06-02 06:30,2023-06-02 06:30,buy,1983.37,1981.49,1985.56,1981.49,-1.000,sl,15
2023-06-02 12:00,2023-06-02 15:30,buy,1979.39,1977.25,1981.97,1977.25,-1.000,sl,225
2023-06-02 16:45,2023-06-02 16:45,sell,1967.94,1971.73,1962.88,1962.88,1.335,tp,15
2023-06-02 19:15,2023-06-02 21:00,sell,1956.68,1961.21,1950.52,1950.52,1.362,tp,120
2023-06-02 22:45,2023-06-02 23:45,sell,1948.55,1950.50,1946.25,1947.62,0.477,lock_target,75
2023-06-05 03:30,2023-06-05 05:15,sell,1947.13,1948.60,1945.56,1945.56,1.074,tp,120
2023-06-05 08:15,2023-06-05 08:30,sell,1943.57,1945.49,1941.31,1945.49,-1.000,sl,30
2023-06-05 09:30,2023-06-05 10:30,sell,1942.60,1944.59,1940.24,1940.24,1.186,tp,75
2023-06-05 14:30,2023-06-05 15:00,sell,1939.85,1942.49,1936.52,1942.49,-1.000,sl,45
2023-06-05 21:30,2023-06-05 22:15,buy,1961.28,1959.12,1963.89,1963.89,1.210,tp,60
2023-06-06 02:00,2023-06-06 02:45,buy,1962.70,1961.25,1964.25,1961.25,-1.000,sl,60
2023-06-06 05:15,2023-06-06 05:15,buy,1964.08,1962.36,1966.04,1962.36,-1.000,sl,15
2023-06-06 08:15,2023-06-06 08:15,buy,1962.20,1960.33,1964.38,1960.33,-1.000,sl,15
2023-06-07 01:30,2023-06-07 01:30,buy,1964.41,1963.34,1965.40,1963.34,-1.000,sl,15
2023-06-07 03:45,2023-06-07 04:00,buy,1965.22,1964.19,1966.14,1966.14,0.893,tp,30
2023-06-07 09:45,2023-06-07 10:00,sell,1958.66,1960.25,1956.90,1956.90,1.107,tp,30
2023-06-07 15:00,2023-06-07 15:15,sell,1961.08,1963.14,1958.61,1958.61,1.197,tp,30
2023-06-08 09:15,2023-06-08 09:30,sell,1944.12,1945.58,1942.55,1945.58,-1.000,sl,30
2023-06-08 15:45,2023-06-08 15:45,buy,1959.10,1956.55,1962.30,1956.55,-1.000,sl,15
2023-06-08 16:45,2023-06-08 17:30,buy,1965.56,1962.08,1970.16,1970.16,1.321,tp,60
2023-06-08 23:15,2023-06-08 23:45,buy,1965.85,1964.08,1967.88,1965.44,-0.232,eod,45
2023-06-09 01:15,2023-06-09 02:30,buy,1966.56,1965.20,1967.97,1965.20,-1.000,sl,90
2023-06-09 09:00,2023-06-09 10:15,buy,1965.03,1963.81,1966.23,1963.81,-1.000,sl,90
2023-06-09 13:30,2023-06-09 13:30,buy,1964.29,1962.47,1966.39,1962.92,-0.755,lock_stop,15
2023-06-12 01:45,2023-06-12 02:15,sell,1959.08,1960.23,1957.99,1960.23,-1.000,sl,45
2023-06-12 04:30,2023-06-12 04:30,sell,1955.99,1957.49,1954.37,1957.49,-1.000,sl,15
2023-06-12 05:15,2023-06-12 05:15,sell,1955.13,1956.76,1953.31,1955.97,-0.514,lock_stop,15
2023-06-13 06:30,2023-06-13 08:45,buy,1960.54,1958.76,1962.58,1958.76,-1.000,sl,150
2023-06-13 09:45,2023-06-13 10:15,buy,1963.41,1961.73,1965.31,1965.31,1.128,tp,45
2023-06-13 13:45,2023-06-13 15:00,buy,1965.04,1963.31,1967.01,1963.31,-1.000,sl,90
2023-06-13 17:15,2023-06-13 18:15,sell,1951.69,1956.73,1944.75,1944.75,1.376,tp,75
2023-06-13 18:45,2023-06-13 22:30,sell,1943.34,1949.23,1935.13,1942.37,0.165,time,240
2023-06-14 15:45,2023-06-14 15:45,buy,1958.48,1956.10,1961.43,1956.10,-1.000,sl,15
2023-06-14 23:45,2023-06-14 23:45,sell,1941.02,1945.24,1935.31,1941.74,-0.170,eod,15
2023-06-15 03:30,2023-06-15 03:45,sell,1942.19,1944.06,1940.02,1940.02,1.165,tp,30
2023-06-15 04:15,2023-06-15 04:45,sell,1935.57,1937.78,1932.87,1932.87,1.218,tp,45
2023-06-16 03:15,2023-06-16 03:15,buy,1959.56,1958.62,1960.35,1958.62,-1.000,sl,15
2023-06-16 04:45,2023-06-16 04:45,buy,1961.39,1959.99,1962.87,1959.99,-1.000,sl,15
2023-06-16 09:00,2023-06-16 09:00,buy,1958.34,1956.70,1960.18,1960.18,1.119,tp,15
2023-06-16 09:30,2023-06-16 10:15,buy,1961.83,1960.01,1963.93,1960.01,-1.000,sl,60
2023-06-16 14:00,2023-06-16 15:15,buy,1965.12,1963.12,1967.49,1967.49,1.187,tp,90
2023-06-16 22:45,2023-06-16 23:45,sell,1956.56,1958.32,1954.54,1957.51,-0.539,eod,75
2023-06-19 05:30,2023-06-19 07:15,sell,1954.49,1956.05,1952.78,1956.05,-1.000,sl,120
2023-06-19 10:45,2023-06-19 10:45,sell,1952.85,1954.46,1951.07,1954.46,-1.000,sl,15
2023-06-19 13:00,2023-06-19 13:00,sell,1950.19,1952.18,1947.83,1950.69,-0.252,lock_stop,15
2023-06-20 03:30,2023-06-20 04:15,sell,1950.55,1951.96,1949.06,1949.06,1.056,tp,60
2023-06-20 04:45,2023-06-20 04:45,sell,1947.58,1949.19,1945.79,1945.79,1.112,tp,15
2023-06-21 09:15,2023-06-21 09:15,sell,1931.88,1933.68,1929.80,1933.68,-1.000,sl,15
2023-06-21 12:15,2023-06-21 12:15,sell,1933.10,1935.35,1930.35,1935.35,-1.000,sl,15
2023-06-21 15:30,2023-06-21 15:30,sell,1929.59,1931.99,1926.62,1931.99,-1.000,sl,15
2023-06-22 04:00,2023-06-22 04:15,sell,1932.09,1933.37,1930.79,1933.37,-1.000,sl,30
2023-06-22 07:15,2023-06-22 07:45,sell,1931.59,1932.94,1930.18,1930.18,1.039,tp,45
2023-06-22 08:15,2023-06-22 08:45,sell,1928.82,1930.18,1927.40,1930.18,-1.000,sl,45
2023-06-22 11:45,2023-06-22 11:45,sell,1924.86,1927.31,1921.81,1927.31,-1.000,sl,15
2023-06-22 14:45,2023-06-22 14:45,sell,1925.77,1928.18,1922.78,1927.32,-0.642,lock_stop,15
2023-06-23 04:45,2023-06-23 04:45,sell,1912.90,1914.02,1911.85,1911.85,0.940,tp,15
2023-06-23 06:00,2023-06-23 06:15,sell,1910.24,1911.75,1908.61,1911.75,-1.000,sl,30
2023-06-23 10:00,2023-06-23 10:15,sell,1913.31,1915.21,1911.08,1915.21,-1.000,sl,30
2023-06-23 15:30,2023-06-23 15:30,buy,1921.77,1919.74,1924.18,1919.74,-1.000,sl,15
2023-06-26 01:15,2023-06-26 03:00,buy,1924.04,1922.45,1925.81,1925.81,1.108,tp,120
2023-06-26 04:00,2023-06-26 05:00,buy,1926.71,1924.80,1928.95,1924.80,-1.000,sl,75
2023-06-26 08:45,2023-06-26 09:15,buy,1927.15,1925.53,1928.96,1925.53,-1.000,sl,45
2023-06-26 10:45,2023-06-26 11:15,buy,1928.23,1926.23,1930.61,1930.61,1.188,tp,45
2023-06-26 22:30,2023-06-26 23:45,sell,1922.35,1923.84,1920.74,1923.14,-0.530,eod,90
2023-06-27 02:30,2023-06-27 02:30,sell,1922.05,1923.22,1920.92,1920.92,0.966,tp,15
2023-06-27 13:15,2023-06-27 14:15,sell,1923.40,1925.17,1921.36,1921.36,1.148,tp,75
2023-06-28 04:30,2023-06-28 04:30,sell,1913.91,1915.04,1912.85,1915.04,-1.000,sl,15
2023-06-28 09:30,2023-06-28 09:30,sell,1912.81,1914.19,1911.37,1911.37,1.046,tp,15
2023-06-28 11:45,2023-06-28 11:45,sell,1908.30,1910.36,1905.84,1910.36,-1.000,sl,15
2023-06-28 13:00,2023-06-28 16:30,sell,1907.06,1909.39,1904.19,1909.39,-1.000,sl,225
2023-06-28 22:15,2023-06-28 22:30,sell,1910.44,1912.12,1908.54,1910.58,-0.083,lock_stop,30
2023-06-29 05:15,2023-06-29 06:00,sell,1906.08,1907.67,1904.32,1904.32,1.106,tp,60
2023-06-29 15:45,2023-06-29 15:45,sell,1899.86,1902.53,1896.48,1896.48,1.266,tp,15
2023-06-30 03:45,2023-06-30 04:15,buy,1909.29,1908.18,1910.34,1908.18,-1.000,sl,45
2023-06-30 11:30,2023-06-30 12:30,sell,1902.05,1904.04,1899.68,1904.04,-1.000,sl,75
2023-06-30 17:15,2023-06-30 17:15,buy,1916.97,1913.44,1921.64,1916.43,-0.153,lock_stop,15
2023-07-03 07:30,2023-07-03 08:45,buy,1919.83,1918.11,1921.78,1918.11,-1.000,sl,90
2023-07-03 11:00,2023-07-03 12:00,sell,1911.98,1913.99,1909.60,1913.99,-1.000,sl,75
2023-07-03 16:30,2023-07-03 16:30,buy,1923.69,1921.20,1926.81,1922.80,-0.357,lock_stop,15
2023-07-04 03:15,2023-07-04 03:15,buy,1921.91,1921.17,1922.40,1921.17,-1.000,sl,15
2023-07-04 03:45,2023-07-04 03:45,buy,1921.99,1921.16,1922.61,1921.16,-1.000,sl,15
2023-07-04 04:30,2023-07-04 04:30,buy,1922.58,1921.47,1923.62,1921.47,-1.000,sl,15
2023-07-05 05:00,2023-07-05 07:00,sell,1923.91,1925.16,1922.66,1925.16,-1.000,sl,135
2023-07-05 09:15,2023-07-05 09:15,sell,1923.63,1924.85,1922.43,1922.43,0.986,tp,15
2023-07-05 09:45,2023-07-05 10:00,sell,1921.48,1922.81,1920.11,1922.81,-1.000,sl,30
2023-07-05 13:00,2023-07-05 13:45,buy,1929.23,1927.34,1931.43,1927.34,-1.000,sl,60
2023-07-06 07:15,2023-07-06 08:00,sell,1917.70,1919.22,1916.05,1919.22,-1.000,sl,60
2023-07-06 11:00,2023-07-06 11:15,sell,1918.69,1920.26,1916.95,1916.95,1.103,tp,30
2023-07-06 14:00,2023-07-06 15:00,buy,1925.03,1922.95,1927.52,1927.52,1.199,tp,75
2023-07-06 15:45,2023-07-06 16:00,sell,1905.90,1909.70,1900.82,1909.70,-1.000,sl,30
2023-07-07 09:15,2023-07-07 09:45,buy,1914.81,1913.52,1916.12,1913.52,-1.000,sl,45
2023-07-07 13:45,2023-07-07 15:15,buy,1917.41,1915.75,1919.27,1915.75,-1.000,sl,105
2023-07-07 17:45,2023-07-07 18:00,buy,1932.71,1928.20,1938.86,1928.20,-1.000,sl,30
2023-07-10 01:15,2023-07-10 01:15,buy,1928.21,1926.81,1929.68,1926.81,-1.000,sl,15
2023-07-10 08:30,2023-07-10 09:15,sell,1920.38,1921.75,1918.94,1921.75,-1.000,sl,60
2023-07-10 15:30,2023-07-10 15:30,sell,1918.33,1920.42,1915.82,1915.82,1.201,tp,15
2023-07-10 16:00,2023-07-10 16:00,sell,1913.74,1916.01,1910.95,1916.01,-1.000,sl,15
2023-07-10 20:00,2023-07-10 20:00,buy,1925.84,1923.35,1928.96,1925.32,-0.208,lock_stop,15
2023-07-11 03:15,2023-07-11 03:15,buy,1925.83,1924.92,1926.57,1926.57,0.815,tp,15
2023-07-11 07:45,2023-07-11 09:15,buy,1929.37,1927.67,1931.29,1931.29,1.131,tp,105
2023-07-11 09:45,2023-07-11 09:45,buy,1935.12,1933.09,1937.53,1936.20,0.533,lock_target,15
2023-07-12 01:30,2023-07-12 01:45,buy,1933.52,1932.55,1934.34,1932.55,-1.000,sl,30
2023-07-12 03:15,2023-07-12 03:30,buy,1934.45,1933.56,1935.16,1935.16,0.799,tp,30
2023-07-12 04:15,2023-07-12 04:30,buy,1937.72,1936.60,1938.77,1936.60,-1.000,sl,30
2023-07-12 05:30,2023-07-12 06:00,buy,1940.43,1938.83,1942.20,1938.83,-1.000,sl,45
2023-07-13 04:45,2023-07-13 05:45,buy,1959.55,1958.17,1961.00,1961.00,1.048,tp,75
2023-07-13 10:00,2023-07-13 10:15,buy,1963.09,1960.79,1965.92,1960.79,-1.000,sl,30
2023-07-13 21:00,2023-07-13 23:45,buy,1960.31,1957.75,1963.52,1960.39,0.031,eod,180
2023-07-14 04:45,2023-07-14 05:00,buy,1962.10,1960.68,1963.61,1963.61,1.060,tp,30
2023-07-14 09:45,2023-07-14 10:30,sell,1956.73,1958.51,1954.68,1954.68,1.149,tp,60
2023-07-17 01:15,2023-07-17 02:00,sell,1953.68,1955.09,1952.19,1952.19,1.056,tp,60
2023-07-17 13:15,2023-07-17 13:30,buy,1959.83,1957.59,1962.56,1957.59,-1.000,sl,30
2023-07-17 16:45,2023-07-17 16:45,sell,1946.76,1949.68,1943.01,1949.68,-1.000,sl,15
2023-07-18 02:45,2023-07-18 02:45,buy,1955.94,1955.12,1956.55,1955.12,-1.000,sl,15
2023-07-18 03:45,2023-07-18 03:45,buy,1956.57,1955.68,1957.27,1955.68,-1.000,sl,15
2023-07-18 04:30,2023-07-18 04:30,buy,1959.20,1958.06,1960.29,1958.06,-1.000,sl,15
2023-07-19 09:00,2023-07-19 09:15,buy,1978.41,1976.91,1980.04,1976.91,-1.000,sl,30
2023-07-19 17:45,2023-07-19 17:45,sell,1970.98,1974.05,1966.99,1974.05,-1.000,sl,15
2023-07-19 23:00,2023-07-19 23:00,buy,1978.70,1977.19,1980.35,1977.19,-1.000,sl,15
2023-07-20 03:15,2023-07-20 03:30,buy,1979.29,1978.18,1980.33,1978.18,-1.000,sl,30
2023-07-20 04:15,2023-07-20 04:15,buy,1979.81,1978.61,1980.99,1980.99,0.979,tp,15
2023-07-20 04:45,2023-07-20 05:45,buy,1984.85,1983.37,1986.44,1986.44,1.077,tp,75
2023-07-20 11:30,2023-07-20 12:00,buy,1983.13,1980.68,1986.18,1980.68,-1.000,sl,45
2023-07-20 15:45,2023-07-20 16:00,sell,1972.96,1975.24,1970.16,1975.24,-1.000,sl,30
2023-07-20 17:15,2023-07-20 17:30,sell,1971.04,1974.73,1966.13,1966.13,1.331,tp,30
2023-07-21 06:15,2023-07-21 08:45,sell,1970.07,1971.53,1968.51,1968.51,1.071,tp,165
2023-07-21 10:45,2023-07-21 10:45,sell,1966.43,1968.07,1964.59,1964.59,1.120,tp,15
2023-07-24 02:45,2023-07-24 02:45,sell,1960.61,1961.61,1959.74,1961.61,-1.000,sl,15
2023-07-24 07:15,2023-07-24 08:00,sell,1959.44,1961.13,1957.53,1961.13,-1.000,sl,60
2023-07-24 12:00,2023-07-24 12:00,sell,1959.34,1961.58,1956.61,1961.58,-1.000,sl,15
2023-07-25 08:45,2023-07-25 09:00,buy,1962.86,1961.53,1964.23,1961.53,-1.000,sl,30
2023-07-25 14:30,2023-07-25 14:30,sell,1953.68,1955.98,1950.85,1955.98,-1.000,sl,15
2023-07-25 22:15,2023-07-25 22:15,buy,1964.75,1962.99,1966.77,1964.47,-0.159,lock_stop,15
2023-07-26 01:30,2023-07-26 01:45,buy,1965.75,1964.58,1966.87,1964.58,-1.000,sl,30
2023-07-26 09:00,2023-07-26 09:00,buy,1965.22,1964.04,1966.37,1966.37,0.972,tp,15
2023-07-26 09:30,2023-07-26 10:15,buy,1970.14,1968.73,1971.63,1968.73,-1.000,sl,60
2023-07-26 11:15,2023-07-26 14:00,buy,1971.43,1969.57,1973.60,1973.60,1.164,tp,180
2023-07-26 18:30,2023-07-26 19:45,buy,1973.27,1970.19,1977.27,1970.19,-1.000,sl,90
2023-07-26 21:45,2023-07-26 22:00,buy,1976.47,1973.14,1980.84,1973.14,-1.000,sl,30
2023-07-27 04:15,2023-07-27 04:15,buy,1975.61,1974.05,1977.32,1974.05,-1.000,sl,15
2023-07-27 04:45,2023-07-27 05:00,buy,1976.84,1975.24,1978.62,1978.62,1.110,tp,30
2023-07-27 05:45,2023-07-27 05:45,buy,1981.30,1979.53,1983.33,1979.53,-1.000,sl,15
2023-07-27 10:15,2023-07-27 10:30,buy,1978.53,1976.56,1980.85,1980.85,1.182,tp,30
2023-07-27 15:00,2023-07-27 15:00,buy,1979.29,1977.29,1981.67,1977.29,-1.000,sl,15
2023-07-27 16:00,2023-07-27 16:15,sell,1959.88,1963.31,1955.36,1955.36,1.318,tp,30
2023-07-27 16:45,2023-07-27 20:30,sell,1946.89,1951.41,1940.74,1947.38,-0.108,time,240
2023-07-27 23:15,2023-07-27 23:45,sell,1943.43,1945.90,1940.35,1945.52,-0.846,eod,45
2023-07-28 09:30,2023-07-28 10:00,sell,1950.08,1952.86,1946.53,1952.86,-1.000,sl,45
2023-07-28 11:15,2023-07-28 11:30,sell,1947.82,1950.07,1945.08,1950.07,-1.000,sl,30
2023-07-28 14:30,2023-07-28 14:30,buy,1957.62,1955.46,1960.24,1955.46,-1.000,sl,15
2023-07-31 01:15,2023-07-31 02:00,buy,1960.00,1958.81,1961.15,1958.81,-1.000,sl,60
2023-07-31 06:45,2023-07-31 09:15,sell,1954.90,1956.75,1952.75,1956.75,-1.000,sl,165
2023-07-31 14:15,2023-07-31 14:30,buy,1959.70,1957.77,1961.97,1959.24,-0.239,lock_stop,30
2023-08-01 05:15,2023-08-01 06:15,sell,1959.94,1961.26,1958.58,1961.26,-1.000,sl,75
2023-08-01 09:15,2023-08-01 09:30,sell,1956.33,1958.00,1954.44,1958.00,-1.000,sl,30
2023-08-01 14:15,2023-08-01 14:15,sell,1953.26,1955.02,1951.25,1955.02,-1.000,sl,15
2023-08-02 04:15,2023-08-02 08:00,sell,1948.07,1950.38,1945.22,1948.59,-0.225,time,240
2023-08-02 14:00,2023-08-02 14:00,buy,1952.91,1951.07,1955.05,1951.07,-1.000,sl,15
2023-08-02 17:15,2023-08-02 17:15,sell,1939.93,1943.24,1935.59,1935.59,1.311,tp,15
2023-08-02 18:30,2023-08-02 19:00,sell,1933.38,1937.13,1928.38,1937.13,-1.000,sl,45
2023-08-02 22:15,2023-08-02 23:45,sell,1935.23,1937.08,1933.08,1934.87,0.195,eod,105
2023-08-03 10:15,2023-08-03 10:15,sell,1931.25,1933.20,1928.94,1933.20,-1.000,sl,15
2023-08-03 13:45,2023-08-03 14:15,sell,1933.66,1935.96,1930.84,1935.96,-1.000,sl,45
2023-08-03 15:30,2023-08-03 15:30,sell,1931.20,1933.59,1928.24,1933.59,-1.000,sl,15
2023-08-04 04:00,2023-08-04 04:15,buy,1936.91,1935.80,1937.96,1935.80,-1.000,sl,30
2023-08-04 08:30,2023-08-04 09:00,buy,1937.12,1935.36,1939.14,1935.36,-1.000,sl,45
2023-08-04 13:30,2023-08-04 13:30,sell,1931.71,1933.25,1930.02,1932.55,-0.544,lock_stop,15
2023-08-07 01:15,2023-08-07 01:15,buy,1944.89,1943.59,1946.21,1943.59,-1.000,sl,15
2023-08-07 08:45,2023-08-07 11:00,sell,1936.81,1938.37,1935.09,1935.09,1.100,tp,150
2023-08-07 11:30,2023-08-07 11:45,sell,1934.36,1936.25,1932.14,1936.25,-1.000,sl,30
2023-08-07 13:00,2023-08-07 14:30,sell,1934.05,1935.76,1932.11,1935.76,-1.000,sl,105
2023-08-08 03:30,2023-08-08 04:15,sell,1935.26,1936.53,1933.98,1933.98,1.009,tp,60
2023-08-08 04:45,2023-08-08 05:30,sell,1932.68,1934.26,1930.93,1934.26,-1.000,sl,60
2023-08-08 11:00,2023-08-08 11:00,sell,1930.28,1931.97,1928.37,1931.97,-1.000,sl,15
2023-08-08 13:45,2023-08-08 14:45,sell,1931.60,1933.70,1929.08,1929.08,1.202,tp,75
2023-08-08 15:15,2023-08-08 15:15,sell,1925.14,1927.59,1922.09,1927.59,-1.000,sl,15
2023-08-08 20:15,2023-08-08 23:45,sell,1924.03,1926.76,1920.57,1925.22,-0.437,eod,225
2023-08-09 08:15,2023-08-09 09:15,buy,1931.74,1930.25,1933.35,1930.25,-1.000,sl,75
2023-08-09 13:15,2023-08-09 14:00,sell,1925.60,1927.13,1923.93,1923.93,1.091,tp,60
2023-08-09 18:00,2023-08-09 21:45,sell,1917.14,1920.56,1912.63,1916.18,0.281,time,240
2023-08-09 23:15,2023-08-09 23:45,sell,1915.02,1916.33,1913.69,1914.70,0.245,eod,45
2023-08-10 08:00,2023-08-10 08:15,sell,1916.51,1917.84,1915.14,1917.84,-1.000,sl,30
2023-08-10 13:30,2023-08-10 15:15,buy,1921.94,1920.18,1923.95,1923.95,1.145,tp,120
2023-08-10 20:45,2023-08-10 23:45,sell,1915.66,1918.31,1912.31,1912.31,1.264,tp,195
2023-08-11 02:15,2023-08-11 03:15,sell,1911.70,1912.91,1910.51,1912.91,-1.000,sl,75
2023-08-11 07:45,2023-08-11 08:15,sell,1912.71,1913.99,1911.42,1913.99,-1.000,sl,45
2023-08-11 11:00,2023-08-11 11:30,buy,1918.17,1916.72,1919.72,1916.72,-1.000,sl,45
2023-08-14 03:15,2023-08-14 04:00,sell,1911.83,1913.08,1910.59,1910.59,0.998,tp,60
2023-08-14 15:15,2023-08-14 15:15,sell,1909.67,1911.34,1907.79,1907.79,1.125,tp,15
2023-08-15 08:45,2023-08-15 08:45,sell,1904.28,1905.53,1903.02,1905.53,-1.000,sl,15
2023-08-15 14:15,2023-08-15 14:30,sell,1902.16,1903.67,1900.52,1903.67,-1.000,sl,30
2023-08-15 20:00,2023-08-15 20:00,sell,1903.44,1906.34,1899.71,1903.94,-0.172,lock_stop,15
2023-08-16 01:45,2023-08-16 02:45,sell,1900.97,1902.19,1899.77,1902.19,-1.000,sl,75
2023-08-16 07:30,2023-08-16 08:00,sell,1903.19,1904.52,1901.83,1904.52,-1.000,sl,45
2023-08-16 08:45,2023-08-16 08:45,buy,1905.36,1904.19,1906.49,1905.15,-0.180,lock_stop,15
2023-08-17 04:30,2023-08-17 04:30,sell,1889.93,1891.55,1888.13,1891.55,-1.000,sl,15
2023-08-17 12:00,2023-08-17 13:00,sell,1893.77,1895.43,1891.90,1895.43,-1.000,sl,75
2023-08-17 18:45,2023-08-17 19:45,sell,1892.47,1895.47,1888.59,1888.59,1.292,tp,75
2023-08-17 20:15,2023-08-17 22:00,sell,1885.87,1888.31,1882.83,1888.31,-1.000,sl,120
2023-08-18 09:00,2023-08-18 09:00,buy,1893.93,1892.69,1895.17,1892.69,-1.000,sl,15
2023-08-18 13:15,2023-08-18 14:00,buy,1895.32,1893.74,1897.07,1893.74,-1.000,sl,60
2023-08-18 19:45,2023-08-18 20:00,sell,1889.64,1892.06,1886.63,1889.91,-0.111,lock_stop,30
2023-08-21 04:15,2023-08-21 04:30,sell,1887.96,1889.17,1886.76,1886.76,0.985,tp,30
2023-08-21 13:30,2023-08-21 13:45,sell,1886.79,1888.46,1884.91,1888.46,-1.000,sl,30
2023-08-21 15:15,2023-08-21 15:30,buy,1894.28,1892.51,1896.31,1896.31,1.146,tp,30
2023-08-21 20:00,2023-08-21 23:45,buy,1892.87,1890.46,1895.86,1894.67,0.748,time,240
2023-08-22 01:30,2023-08-22 02:00,buy,1895.18,1894.36,1895.79,1895.79,0.739,tp,45
2023-08-22 09:15,2023-08-22 09:15,buy,1898.36,1896.84,1900.02,1900.02,1.089,tp,15
2023-08-22 10:30,2023-08-22 10:30,buy,1900.82,1899.03,1902.89,1901.27,0.251,lock_target,15
2023-08-23 01:15,2023-08-23 03:00,buy,1898.39,1897.43,1899.20,1899.20,0.848,tp,120
2023-08-23 04:30,2023-08-23 04:30,buy,1901.82,1900.77,1902.76,1900.77,-1.000,sl,15
2023-08-23 07:45,2023-08-23 09:15,buy,1902.83,1901.41,1904.33,1904.33,1.059,tp,105
2023-08-23 09:45,2023-08-23 09:45,buy,1904.82,1903.36,1906.39,1903.36,-1.000,sl,15
2023-08-23 15:30,2023-08-23 15:45,buy,1906.82,1904.92,1909.05,1904.92,-1.000,sl,30
2023-08-23 16:30,2023-08-23 16:30,buy,1911.01,1908.36,1914.37,1908.36,-1.000,sl,15
2023-08-24 03:00,2023-08-24 03:15,buy,1918.13,1917.01,1919.19,1919.19,0.944,tp,30
2023-08-24 05:15,2023-08-24 06:15,buy,1919.77,1918.60,1920.90,1920.90,0.965,tp,75
2023-08-24 15:45,2023-08-24 15:45,sell,1912.90,1914.71,1910.81,1914.71,-1.000,sl,15
2023-08-24 23:15,2023-08-24 23:45,sell,1916.23,1917.62,1914.77,1916.69,-0.330,eod,45
2023-08-25 03:30,2023-08-25 03:30,sell,1915.08,1916.01,1914.31,1916.01,-1.000,sl,15
2023-08-25 06:30,2023-08-25 10:15,sell,1913.93,1915.21,1912.64,1913.77,0.125,time,240
2023-08-25 15:00,2023-08-25 15:00,buy,1918.62,1917.19,1920.14,1920.14,1.063,tp,15
2023-08-25 17:45,2023-08-25 18:30,sell,1905.05,1908.94,1899.84,1908.94,-1.000,sl,60
2023-08-28 04:30,2023-08-28 04:30,buy,1917.34,1916.09,1918.59,1916.09,-1.000,sl,15
2023-08-28 16:00,2023-08-28 16:00,buy,1917.41,1916.01,1918.89,1916.01,-1.000,sl,15
2023-08-28 17:00,2023-08-28 18:15,buy,1918.37,1916.28,1920.89,1920.89,1.202,tp,90
2023-08-28 18:45,2023-08-28 19:30,buy,1925.31,1922.67,1928.65,1922.67,-1.000,sl,60
2023-08-29 01:30,2023-08-29 03:00,buy,1921.01,1920.14,1921.69,1921.69,0.784,tp,105
2023-08-29 04:30,2023-08-29 05:15,buy,1922.54,1921.67,1923.23,1921.67,-1.000,sl,60
2023-08-29 06:00,2023-08-29 06:15,buy,1924.14,1922.99,1925.24,1925.24,0.957,tp,30
2023-08-29 14:45,2023-08-29 15:00,sell,1918.05,1919.47,1916.54,1916.54,1.061,tp,30
2023-08-29 15:30,2023-08-29 15:30,sell,1915.06,1916.61,1913.37,1916.61,-1.000,sl,15
2023-08-29 17:30,2023-08-29 17:30,buy,1934.30,1931.27,1938.21,1931.27,-1.000,sl,15
2023-08-29 18:15,2023-08-29 22:00,buy,1935.35,1931.88,1939.93,1937.91,0.737,time,240
2023-08-29 23:00,2023-08-29 23:45,buy,1938.34,1936.91,1939.86,1937.32,-0.714,eod,60
2023-08-30 12:30,2023-08-30 13:00,buy,1938.78,1937.32,1940.35,1937.32,-1.000,sl,45
2023-08-30 14:45,2023-08-30 15:15,buy,1939.15,1937.79,1940.57,1940.57,1.042,tp,45
2023-08-30 15:45,2023-08-30 16:30,buy,1944.40,1942.51,1946.61,1946.61,1.170,tp,60
2023-08-30 17:00,2023-08-30 17:00,buy,1947.68,1945.10,1950.93,1945.10,-1.000,sl,15
2023-08-31 01:15,2023-08-31 04:00,buy,1944.63,1943.49,1945.72,1945.72,0.952,tp,180
2023-08-31 04:45,2023-08-31 05:30,buy,1947.34,1946.31,1948.25,1946.31,-1.000,sl,60
2023-08-31 15:00,2023-08-31 15:00,buy,1945.95,1944.77,1947.10,1947.10,0.971,tp,15
2023-08-31 18:45,2023-08-31 22:30,sell,1939.85,1942.71,1936.19,1941.18,-0.465,time,240
2023-08-31 23:00,2023-08-31 23:45,sell,1939.84,1941.05,1938.65,1940.06,-0.182,eod,60
2023-09-01 06:15,2023-09-01 07:45,sell,1938.67,1940.04,1937.24,1940.04,-1.000,sl,105
2023-09-01 12:30,2023-09-01 15:00,buy,1944.47,1943.08,1945.94,1945.94,1.052,tp,165
2023-09-01 15:45,2023-09-01 15:45,buy,1948.53,1946.81,1950.48,1950.48,1.136,tp,15
2023-09-01 23:30,2023-09-01 23:45,sell,1939.65,1940.77,1938.60,1939.85,-0.179,eod,30
2023-09-04 05:15,2023-09-04 05:30,buy,1944.39,1943.16,1945.62,1945.62,0.993,tp,30
2023-09-04 14:00,2023-09-04 14:30,sell,1940.30,1941.60,1938.97,1941.60,-1.000,sl,45
2023-09-04 16:30,2023-09-04 16:45,sell,1938.52,1939.81,1937.22,1939.81,-1.000,sl,30
2023-09-04 17:15,2023-09-04 17:45,sell,1937.48,1938.79,1936.14,1938.79,-1.000,sl,45
2023-09-05 02:15,2023-09-05 02:15,sell,1937.62,1938.32,1937.19,1938.32,-1.000,sl,15
2023-09-05 03:00,2023-09-05 04:15,sell,1937.35,1938.05,1936.93,1938.05,-1.000,sl,90
2023-09-05 05:00,2023-09-05 05:00,sell,1935.54,1936.57,1934.62,1936.26,-0.698,lock_stop,15
2023-09-06 04:00,2023-09-06 04:00,sell,1924.53,1925.35,1923.92,1925.35,-1.000,sl,15
2023-09-06 10:15,2023-09-06 10:30,sell,1924.90,1926.08,1923.75,1923.75,0.971,tp,30
2023-09-06 11:00,2023-09-06 11:45,sell,1922.74,1924.20,1921.18,1924.20,-1.000,sl,60
2023-09-06 15:45,2023-09-06 16:00,sell,1924.60,1926.17,1922.87,1922.87,1.102,tp,30
2023-09-06 17:30,2023-09-06 21:15,sell,1918.74,1921.74,1914.86,1916.69,0.683,time,240
2023-09-07 03:15,2023-09-07 03:30,sell,1916.20,1917.06,1915.54,1917.06,-1.000,sl,30
2023-09-07 09:00,2023-09-07 09:00,sell,1917.33,1918.56,1916.11,1918.56,-1.000,sl,15
2023-09-07 16:00,2023-09-07 16:00,buy,1923.55,1921.56,1925.90,1921.56,-1.000,sl,15
2023-09-08 03:15,2023-09-08 03:30,buy,1921.21,1920.35,1921.88,1921.88,0.777,tp,30
2023-09-08 04:30,2023-09-08 05:30,buy,1925.37,1923.99,1926.81,1926.81,1.046,tp,75
2023-09-08 08:45,2023-09-08 09:00,buy,1925.80,1924.74,1926.77,1926.77,0.912,tp,30
2023-09-11 01:45,2023-09-11 02:00,sell,1917.83,1918.81,1916.98,1916.98,0.863,tp,30
2023-09-11 07:45,2023-09-11 07:45,buy,1924.72,1923.40,1926.07,1926.07,1.025,tp,15
2023-09-11 08:15,2023-09-11 08:15,buy,1927.10,1925.79,1928.43,1927.51,0.314,lock_target,15
2023-09-12 02:15,2023-09-12 04:00,sell,1921.82,1922.66,1921.19,1922.66,-1.000,sl,120
2023-09-12 08:15,2023-09-12 08:45,sell,1921.60,1922.85,1920.35,1920.35,0.999,tp,45
2023-09-12 09:15,2023-09-12 09:30,sell,1918.97,1920.15,1917.83,1920.15,-1.000,sl,30
2023-09-12 13:45,2023-09-12 14:15,sell,1915.84,1917.22,1914.40,1914.40,1.046,tp,45
2023-09-12 14:45,2023-09-12 15:00,sell,1912.27,1913.79,1910.62,1910.62,1.089,tp,30
2023-09-12 15:30,2023-09-12 15:30,sell,1909.80,1911.66,1907.64,1911.66,-1.000,sl,15
2023-09-13 04:30,2023-09-13 04:45,sell,1911.89,1912.84,1911.09,1911.09,0.840,tp,30
2023-09-13 05:30,2023-09-13 06:00,sell,1910.01,1911.22,1908.82,1908.82,0.984,tp,45
2023-09-13 06:30,2023-09-13 06:30,sell,1908.28,1909.60,1906.93,1909.60,-1.000,sl,15
2023-09-13 15:15,2023-09-13 15:15,sell,1910.52,1911.81,1909.22,1911.81,-1.000,sl,15
2023-09-14 09:00,2023-09-14 10:00,sell,1907.83,1909.10,1906.55,1906.55,1.007,tp,75
2023-09-14 10:45,2023-09-14 11:30,sell,1905.52,1906.95,1904.00,1906.95,-1.000,sl,60
2023-09-14 15:45,2023-09-14 15:45,sell,1902.68,1904.54,1900.51,1904.54,-1.000,sl,15
2023-09-14 23:15,2023-09-14 23:45,buy,1910.08,1908.72,1911.49,1910.51,0.317,eod,45
2023-09-15 01:15,2023-09-15 02:00,buy,1911.07,1910.01,1912.04,1910.01,-1.000,sl,60
2023-09-15 04:30,2023-09-15 04:30,buy,1911.97,1910.88,1912.97,1912.97,0.925,tp,15
2023-09-15 05:00,2023-09-15 08:45,buy,1915.54,1914.18,1916.96,1916.28,0.544,time,240
2023-09-15 09:15,2023-09-15 09:15,buy,1917.35,1916.21,1918.44,1918.44,0.953,tp,15
2023-09-15 12:30,2023-09-15 13:30,buy,1919.07,1917.27,1921.15,1917.27,-1.000,sl,75
2023-09-15 14:45,2023-09-15 15:00,buy,1919.57,1918.29,1920.86,1918.29,-1.000,sl,30
2023-09-15 16:15,2023-09-15 16:15,buy,1922.39,1920.44,1924.69,1924.69,1.179,tp,15
2023-09-15 16:45,2023-09-15 16:45,buy,1926.94,1924.62,1929.80,1924.62,-1.000,sl,15
2023-09-15 17:15,2023-09-15 18:30,buy,1928.68,1925.86,1932.28,1925.86,-1.000,sl,90
2023-09-18 04:00,2023-09-18 04:00,buy,1924.90,1923.95,1925.70,1925.70,0.844,tp,15
2023-09-18 05:45,2023-09-18 06:15,buy,1927.99,1926.65,1929.37,1929.37,1.033,tp,45
2023-09-18 08:45,2023-09-18 09:00,buy,1930.26,1929.09,1931.38,1929.09,-1.000,sl,30
2023-09-18 14:15,2023-09-18 14:30,buy,1928.26,1926.99,1929.55,1926.99,-1.000,sl,30
2023-09-18 18:45,2023-09-18 20:00,buy,1928.89,1926.34,1932.09,1932.09,1.255,tp,90
2023-09-18 23:30,2023-09-18 23:45,buy,1934.10,1932.96,1935.18,1933.61,-0.430,eod,30
2023-09-19 02:45,2023-09-19 03:15,buy,1934.72,1933.84,1935.42,1933.84,-1.000,sl,45
2023-09-19 10:15,2023-09-19 10:30,buy,1932.38,1931.24,1933.47,1933.47,0.952,tp,30
2023-09-19 11:00,2023-09-19 13:30,buy,1934.72,1933.39,1936.08,1936.08,1.029,tp,165
2023-09-19 15:15,2023-09-19 15:15,buy,1937.10,1935.93,1938.22,1935.93,-1.000,sl,15
2023-09-19 21:15,2023-09-19 22:15,sell,1930.31,1931.77,1928.74,1931.77,-1.000,sl,75
2023-09-20 03:15,2023-09-20 03:30,sell,1930.25,1931.05,1929.67,1931.05,-1.000,sl,30
2023-09-20 04:15,2023-09-20 04:15,sell,1928.68,1929.61,1927.91,1929.61,-1.000,sl,15
2023-09-20 07:45,2023-09-20 07:45,sell,1929.56,1930.59,1928.64,1929.81,-0.243,lock_stop,15
2023-09-21 03:30,2023-09-21 03:45,sell,1926.71,1928.43,1924.76,1924.76,1.137,tp,30
2023-09-21 10:45,2023-09-21 11:45,sell,1926.31,1927.68,1924.89,1924.89,1.042,tp,75
2023-09-22 05:15,2023-09-22 05:45,buy,1925.52,1924.32,1926.70,1924.32,-1.000,sl,45
2023-09-22 09:15,2023-09-22 10:15,buy,1925.66,1924.43,1926.88,1926.88,0.993,tp,75
2023-09-22 11:00,2023-09-22 11:00,buy,1928.28,1926.83,1929.83,1926.83,-1.000,sl,15
2023-09-22 14:45,2023-09-22 14:45,buy,1926.96,1925.63,1928.33,1925.63,-1.000,sl,15
2023-09-25 01:15,2023-09-25 02:00,buy,1926.44,1925.54,1927.17,1925.54,-1.000,sl,60
2023-09-25 03:15,2023-09-25 03:45,sell,1924.02,1925.04,1923.12,1925.04,-1.000,sl,45
2023-09-25 04:45,2023-09-25 04:45,sell,1922.75,1923.87,1921.70,1923.87,-1.000,sl,15
2023-09-26 03:30,2023-09-26 03:45,sell,1915.19,1915.91,1914.74,1914.74,0.628,tp,30
2023-09-26 05:15,2023-09-26 06:45,sell,1913.87,1914.81,1913.09,1913.09,0.833,tp,105
2023-09-26 09:30,2023-09-26 09:45,sell,1912.04,1913.05,1911.16,1911.16,0.878,tp,30
2023-09-27 04:00,2023-09-27 04:15,sell,1900.43,1901.35,1899.68,1901.35,-1.000,sl,30
2023-09-27 07:00,2023-09-27 07:00,sell,1899.65,1901.00,1898.25,1898.25,1.037,tp,15
2023-09-27 07:30,2023-09-27 08:15,sell,1897.44,1898.81,1896.01,1896.01,1.044,tp,60
2023-09-27 11:30,2023-09-27 13:45,sell,1895.91,1897.71,1893.84,1893.84,1.152,tp,150
2023-09-28 04:30,2023-09-28 08:00,sell,1873.93,1875.38,1872.38,1875.38,-1.000,sl,225
2023-09-28 16:00,2023-09-28 16:00,sell,1872.21,1874.20,1869.84,1874.20,-1.000,sl,15
2023-09-28 17:45,2023-09-28 18:00,sell,1866.53,1869.77,1862.30,1862.30,1.307,tp,30
2023-09-29 01:45,2023-09-29 02:15,sell,1863.88,1865.39,1862.24,1865.39,-1.000,sl,45
2023-09-29 06:15,2023-09-29 07:15,sell,1863.36,1864.82,1861.79,1864.82,-1.000,sl,75
2023-09-29 10:45,2023-09-29 11:00,buy,1873.50,1871.71,1875.55,1872.79,-0.398,lock_stop,30
2023-10-02 04:00,2023-10-02 04:00,sell,1845.20,1846.75,1843.50,1846.75,-1.000,sl,15
2023-10-02 05:00,2023-10-02 08:30,sell,1843.69,1845.27,1841.94,1841.94,1.105,tp,225
2023-10-02 09:00,2023-10-02 09:00,sell,1839.42,1840.73,1838.08,1840.73,-1.000,sl,15
2023-10-02 12:15,2023-10-02 12:15,sell,1838.06,1840.66,1834.78,1834.78,1.260,tp,15
2023-10-02 17:15,2023-10-02 17:15,sell,1828.09,1831.58,1823.49,1831.58,-1.000,sl,15
2023-10-02 17:45,2023-10-02 18:15,sell,1827.89,1831.75,1822.73,1831.75,-1.000,sl,45
2023-10-02 22:15,2023-10-02 23:45,sell,1829.51,1831.55,1827.08,1827.77,0.854,eod,105
2023-10-03 02:15,2023-10-03 02:15,sell,1822.63,1824.25,1820.83,1820.83,1.114,tp,15
2023-10-03 05:15,2023-10-03 05:15,sell,1819.95,1822.56,1816.67,1817.25,1.036,lock_target,15
2023-10-04 02:00,2023-10-04 02:15,sell,1822.37,1823.63,1821.10,1823.63,-1.000,sl,30
2023-10-04 04:45,2023-10-04 04:45,sell,1821.49,1823.27,1819.44,1823.27,-1.000,sl,15
2023-10-04 06:00,2023-10-04 06:00,sell,1820.50,1822.39,1818.30,1822.01,-0.800,lock_stop,15
2023-10-05 04:00,2023-10-05 04:00,buy,1825.90,1824.58,1827.26,1827.26,1.028,tp,15
2023-10-05 05:00,2023-10-05 05:15,buy,1828.33,1826.82,1829.98,1826.82,-1.000,sl,30
2023-10-05 07:15,2023-10-05 07:45,buy,1829.19,1827.73,1830.76,1827.73,-1.000,sl,45
2023-10-05 12:00,2023-10-05 12:15,sell,1819.63,1821.40,1817.60,1821.40,-1.000,sl,30
2023-10-05 15:45,2023-10-05 15:45,sell,1814.89,1817.26,1811.96,1815.70,-0.342,lock_stop,15
2023-10-06 05:30,2023-10-06 08:15,buy,1823.76,1822.25,1825.40,1822.25,-1.000,sl,180
2023-10-06 13:15,2023-10-06 13:30,buy,1825.06,1823.28,1827.10,1823.28,-1.000,sl,30
2023-10-06 15:45,2023-10-06 15:45,sell,1812.09,1814.48,1809.12,1814.48,-1.000,sl,15
2023-10-09 01:15,2023-10-09 01:15,buy,1851.57,1848.28,1855.87,1848.28,-1.000,sl,15
2023-10-09 04:00,2023-10-09 04:00,buy,1852.63,1848.32,1858.46,1848.32,-1.000,sl,15
2023-10-09 17:30,2023-10-09 19:00,buy,1850.85,1848.12,1854.31,1849.40,-0.532,lock_stop,105
2023-10-10 02:45,2023-10-10 03:00,buy,1862.20,1860.89,1863.53,1863.53,1.021,tp,30
2023-10-10 14:15,2023-10-10 15:00,sell,1855.74,1857.65,1853.49,1857.65,-1.000,sl,60
2023-10-10 23:15,2023-10-10 23:45,buy,1860.93,1859.32,1862.72,1860.42,-0.317,eod,45
2023-10-11 03:15,2023-10-11 04:15,buy,1861.31,1860.32,1862.17,1860.32,-1.000,sl,75
2023-10-11 09:45,2023-10-11 10:00,buy,1863.39,1861.99,1864.87,1864.87,1.054,tp,30
2023-10-11 10:45,2023-10-11 11:15,buy,1867.14,1865.21,1869.40,1869.40,1.175,tp,45
2023-10-11 12:00,2023-10-11 13:15,buy,1869.81,1867.57,1872.54,1872.54,1.221,tp,90
2023-10-12 01:15,2023-10-12 04:15,buy,1875.34,1873.85,1876.95,1876.95,1.081,tp,195
2023-10-12 04:45,2023-10-12 04:45,buy,1878.78,1877.55,1880.01,1877.55,-1.000,sl,15
2023-10-12 08:00,2023-10-12 09:30,buy,1879.16,1877.68,1880.76,1880.76,1.079,tp,105
2023-10-12 13:45,2023-10-12 15:15,buy,1882.75,1881.08,1884.63,1884.63,1.125,tp,105
2023-10-13 07:30,2023-10-13 07:30,buy,1876.45,1875.16,1877.76,1875.16,-1.000,sl,15
2023-10-13 08:15,2023-10-13 09:00,buy,1877.09,1875.81,1878.39,1875.81,-1.000,sl,60
2023-10-13 10:15,2023-10-13 10:15,buy,1878.81,1877.22,1880.56,1880.56,1.106,tp,15
2023-10-13 10:45,2023-10-13 11:15,buy,1882.27,1880.43,1884.41,1884.41,1.161,tp,45
2023-10-13 12:30,2023-10-13 13:30,buy,1886.58,1884.44,1889.16,1889.16,1.207,tp,75
2023-10-13 14:15,2023-10-13 14:30,buy,1891.58,1889.12,1894.65,1894.65,1.246,tp,30
2023-10-16 15:30,2023-10-16 15:30,buy,1922.87,1920.21,1926.23,1920.21,-1.000,sl,15
2023-10-17 05:30,2023-10-17 05:30,sell,1912.27,1914.24,1909.94,1914.24,-1.000,sl,15
2023-10-17 12:30,2023-10-17 13:00,buy,1923.05,1920.92,1925.61,1925.61,1.206,tp,45
2023-10-17 15:30,2023-10-17 15:30,buy,1926.86,1924.52,1929.74,1924.52,-1.000,sl,15
2023-10-18 01:45,2023-10-18 03:00,buy,1925.48,1924.00,1927.07,1924.00,-1.000,sl,90
2023-10-18 03:30,2023-10-18 03:30,buy,1926.40,1925.12,1927.69,1927.69,1.010,tp,15
2023-10-18 04:15,2023-10-18 04:15,buy,1929.59,1928.02,1931.32,1931.32,1.101,tp,15
2023-10-18 04:45,2023-10-18 05:00,buy,1939.02,1936.80,1941.73,1941.73,1.219,tp,30
2023-10-19 02:15,2023-10-19 03:15,buy,1951.31,1949.58,1953.28,1953.28,1.139,tp,75
2023-10-19 10:15,2023-10-19 10:15,buy,1949.78,1947.78,1952.15,1951.72,0.970,lock_target,15
2023-10-20 02:15,2023-10-20 02:30,buy,1977.01,1974.37,1980.35,1974.37,-1.000,sl,30
2023-10-20 05:15,2023-10-20 09:00,buy,1978.49,1974.90,1983.24,1978.51,0.006,time,240
2023-10-20 10:45,2023-10-20 11:15,buy,1981.50,1979.18,1984.35,1984.35,1.230,tp,45
2023-10-20 17:00,2023-10-20 18:00,buy,1987.35,1983.71,1992.18,1992.18,1.328,tp,75
2023-10-20 18:30,2023-10-20 18:45,buy,1996.97,1992.53,2003.01,1992.53,-1.000,sl,30
2023-10-23 04:00,2023-10-23 05:00,sell,1966.01,1969.61,1961.23,1969.61,-1.000,sl,75
2023-10-23 15:00,2023-10-23 15:00,buy,1979.64,1977.16,1982.73,1977.16,-1.000,sl,15
2023-10-23 15:30,2023-10-23 15:30,buy,1981.76,1978.88,1985.46,1978.88,-1.000,sl,15
2023-10-24 05:30,2023-10-24 06:00,buy,1979.69,1977.47,1982.40,1977.47,-1.000,sl,45
2023-10-24 11:45,2023-10-24 12:15,sell,1971.51,1973.73,1968.81,1968.81,1.218,tp,45
2023-10-24 13:30,2023-10-24 14:00,sell,1964.54,1967.37,1960.92,1960.92,1.279,tp,45
2023-10-25 03:00,2023-10-25 03:15,buy,1973.07,1971.94,1974.14,1974.14,0.948,tp,30
2023-10-25 05:00,2023-10-25 05:45,buy,1976.27,1974.53,1978.25,1974.53,-1.000,sl,60
2023-10-25 09:15,2023-10-25 09:30,buy,1974.97,1973.05,1977.23,1973.05,-1.000,sl,30
2023-10-25 13:00,2023-10-25 13:15,sell,1969.29,1971.86,1966.06,1971.86,-1.000,sl,30
2023-10-26 01:30,2023-10-26 01:30,buy,1982.93,1981.06,1985.11,1981.06,-1.000,sl,15
2023-10-26 06:45,2023-10-26 08:45,buy,1987.47,1985.47,1989.85,1985.47,-1.000,sl,135
2023-10-26 10:45,2023-10-26 11:30,buy,1989.04,1986.89,1991.64,1991.64,1.209,tp,60
2023-10-26 17:30,2023-10-26 17:30,sell,1973.14,1977.36,1967.44,1977.36,-1.000,sl,15
2023-10-27 05:15,2023-10-27 05:30,buy,1988.03,1986.24,1990.08,1986.24,-1.000,sl,30
2023-10-27 07:15,2023-10-27 08:00,buy,1989.31,1987.41,1991.54,1987.41,-1.000,sl,60
2023-10-27 14:00,2023-10-27 14:00,sell,1980.45,1982.34,1978.25,1982.34,-1.000,sl,15
2023-10-30 02:45,2023-10-30 03:00,buy,2006.42,2003.69,2009.90,2003.69,-1.000,sl,30
2023-10-31 05:00,2023-10-31 05:45,sell,1994.28,1995.89,1992.48,1992.48,1.113,tp,60
2023-10-31 06:45,2023-10-31 06:45,sell,1990.60,1992.35,1988.60,1992.35,-1.000,sl,15
2023-10-31 12:45,2023-10-31 14:15,buy,1998.98,1997.06,2001.24,2001.24,1.175,tp,105
2023-10-31 16:00,2023-10-31 16:00,buy,2002.75,1999.85,2006.47,2005.48,0.942,lock_target,15
2023-11-01 02:30,2023-11-01 02:30,sell,1981.66,1983.05,1980.20,1980.20,1.051,tp,15
2023-11-01 05:15,2023-11-01 06:00,sell,1977.63,1979.60,1975.30,1975.69,0.986,lock_target,60
2023-11-02 03:30,2023-11-02 04:00,buy,1987.45,1985.64,1989.54,1985.64,-1.000,sl,45
2023-11-02 07:15,2023-11-02 07:45,buy,1986.82,1985.28,1988.50,1985.28,-1.000,sl,45
2023-11-02 10:45,2023-11-02 10:45,buy,1988.49,1986.71,1990.53,1986.71,-1.000,sl,15
2023-11-03 03:30,2023-11-03 04:00,sell,1983.41,1984.59,1982.27,1984.59,-1.000,sl,45
2023-11-03 04:45,2023-11-03 05:45,buy,1986.92,1985.62,1988.25,1985.62,-1.000,sl,75
2023-11-03 08:00,2023-11-03 08:00,buy,1987.38,1986.19,1988.54,1986.19,-1.000,sl,15
2023-11-06 03:30,2023-11-06 04:00,buy,1992.75,1990.91,1994.88,1990.91,-1.000,sl,45
2023-11-06 05:00,2023-11-06 05:15,sell,1986.83,1988.89,1984.37,1984.37,1.196,tp,30
2023-11-06 05:45,2023-11-06 05:45,sell,1982.91,1985.26,1980.01,1985.26,-1.000,sl,15
2023-11-06 14:30,2023-11-06 14:45,sell,1985.14,1986.66,1983.49,1983.49,1.088,tp,30
2023-11-06 18:00,2023-11-06 18:45,sell,1980.85,1983.52,1977.46,1983.52,-1.000,sl,60
2023-11-06 20:45,2023-11-06 22:30,sell,1981.26,1983.22,1978.95,1978.95,1.181,tp,120
2023-11-06 23:00,2023-11-06 23:00,sell,1977.30,1978.72,1975.80,1978.72,-1.000,sl,15
2023-11-07 01:15,2023-11-07 01:30,sell,1977.07,1978.35,1975.78,1975.78,1.011,tp,30
2023-11-07 03:15,2023-11-07 03:15,sell,1974.99,1976.43,1973.45,1976.43,-1.000,sl,15
2023-11-07 04:15,2023-11-07 05:00,sell,1974.15,1975.73,1972.40,1972.40,1.104,tp,60
2023-11-07 06:30,2023-11-07 07:30,sell,1971.64,1973.19,1969.93,1973.19,-1.000,sl,75
2023-11-07 09:15,2023-11-07 09:15,sell,1969.61,1971.07,1968.05,1968.05,1.071,tp,15
2023-11-07 11:00,2023-11-07 11:00,sell,1966.48,1968.37,1964.27,1964.27,1.170,tp,15
2023-11-08 02:15,2023-11-08 02:30,buy,1970.02,1969.01,1970.91,1969.01,-1.000,sl,30
2023-11-08 07:30,2023-11-08 08:15,sell,1965.88,1967.06,1964.73,1967.06,-1.000,sl,60
2023-11-08 12:00,2023-11-08 12:00,sell,1965.26,1967.02,1963.24,1963.24,1.145,tp,15
2023-11-08 12:30,2023-11-08 12:45,sell,1960.45,1962.42,1958.12,1962.42,-1.000,sl,30
2023-11-08 17:00,2023-11-08 17:15,sell,1959.98,1962.42,1956.95,1956.95,1.244,tp,30
2023-11-08 17:45,2023-11-08 17:45,sell,1951.49,1954.62,1947.42,1954.62,-1.000,sl,15
2023-11-08 20:30,2023-11-08 23:45,sell,1951.71,1955.22,1947.08,1950.20,0.431,eod,210
2023-11-09 02:30,2023-11-09 02:30,sell,1949.00,1950.35,1947.60,1950.35,-1.000,sl,15
2023-11-09 05:00,2023-11-09 08:45,sell,1949.81,1951.70,1947.60,1949.32,0.259,time,240
2023-11-09 10:15,2023-11-09 10:15,sell,1946.34,1947.85,1944.70,1944.70,1.085,tp,15
2023-11-09 17:15,2023-11-09 17:45,buy,1960.09,1956.60,1964.70,1964.70,1.321,tp,45
2023-11-09 20:30,2023-11-09 21:00,buy,1964.63,1961.03,1969.41,1961.03,-1.000,sl,45
2023-11-10 02:30,2023-11-10 03:30,buy,1960.29,1958.86,1961.81,1958.86,-1.000,sl,75
2023-11-10 05:45,2023-11-10 06:00,buy,1960.41,1958.78,1962.24,1958.78,-1.000,sl,30
2023-11-10 09:30,2023-11-10 09:30,sell,1954.57,1956.09,1952.92,1956.09,-1.000,sl,15
2023-11-13 05:00,2023-11-13 05:15,sell,1937.33,1939.46,1934.75,1934.75,1.207,tp,30
2023-11-13 10:15,2023-11-13 11:30,sell,1937.33,1939.16,1935.21,1939.16,-1.000,sl,90
2023-11-13 14:15,2023-11-13 14:15,sell,1936.36,1938.06,1934.43,1938.06,-1.000,sl,15
2023-11-13 15:00,2023-11-13 15:30,sell,1935.99,1937.77,1933.95,1937.77,-1.000,sl,45
2023-11-13 17:00,2023-11-13 17:00,sell,1932.44,1934.61,1929.81,1934.61,-1.000,sl,15
2023-11-14 02:15,2023-11-14 02:30,buy,1947.04,1946.01,1947.96,1946.01,-1.000,sl,30
2023-11-14 03:15,2023-11-14 03:15,buy,1948.37,1947.34,1949.29,1947.34,-1.000,sl,15
2023-11-14 11:30,2023-11-14 11:30,buy,1947.29,1945.83,1948.85,1947.19,-0.069,lock_stop,15
2023-11-15 03:00,2023-11-15 03:00,buy,1963.81,1962.73,1964.80,1962.73,-1.000,sl,15
2023-11-15 05:00,2023-11-15 05:45,buy,1964.63,1963.22,1966.12,1966.12,1.057,tp,60
2023-11-15 06:15,2023-11-15 07:15,buy,1967.62,1966.12,1969.25,1966.12,-1.000,sl,75
2023-11-15 08:30,2023-11-15 09:00,buy,1969.83,1968.46,1971.27,1968.46,-1.000,sl,45
2023-11-15 10:30,2023-11-15 10:30,buy,1972.22,1970.34,1974.42,1971.11,-0.590,lock_stop,15
2023-11-16 03:15,2023-11-16 03:15,sell,1957.92,1959.29,1956.49,1959.29,-1.000,sl,15
2023-11-16 08:30,2023-11-16 08:30,buy,1964.50,1963.11,1965.96,1965.96,1.050,tp,15
2023-11-16 09:00,2023-11-16 09:30,buy,1967.20,1965.74,1968.76,1965.74,-1.000,sl,45
2023-11-16 11:15,2023-11-16 11:45,buy,1968.29,1966.52,1970.32,1966.52,-1.000,sl,45
2023-11-16 15:45,2023-11-16 16:00,buy,1970.78,1968.68,1973.30,1973.30,1.202,tp,30
2023-11-16 16:45,2023-11-16 17:15,buy,1979.64,1976.78,1983.31,1983.31,1.282,tp,45
2023-11-16 18:15,2023-11-16 18:15,buy,1988.07,1984.24,1993.20,1984.24,-1.000,sl,15
2023-11-17 02:00,2023-11-17 02:45,buy,1982.72,1981.57,1983.83,1983.83,0.958,tp,60
2023-11-17 06:00,2023-11-17 06:30,buy,1986.97,1985.29,1988.86,1985.29,-1.000,sl,45
2023-11-17 09:45,2023-11-17 09:45,buy,1985.65,1984.15,1987.27,1987.27,1.082,tp,15
2023-11-17 11:00,2023-11-17 11:00,buy,1988.90,1986.92,1991.24,1991.24,1.184,tp,15
2023-11-20 01:15,2023-11-20 01:45,sell,1978.02,1979.38,1976.61,1976.61,1.039,tp,45
2023-11-20 08:15,2023-11-20 08:15,sell,1979.16,1981.21,1976.70,1981.21,-1.000,sl,15
2023-11-20 10:30,2023-11-20 11:15,sell,1976.86,1979.04,1974.21,1979.04,-1.000,sl,60
2023-11-20 12:45,2023-11-20 13:30,sell,1975.33,1977.63,1972.50,1972.50,1.229,tp,60
2023-11-20 14:15,2023-11-20 15:30,sell,1971.29,1973.40,1968.75,1968.75,1.204,tp,90
2023-11-21 01:15,2023-11-21 01:45,buy,1979.97,1978.53,1981.51,1981.51,1.067,tp,45
2023-11-21 02:30,2023-11-21 02:45,buy,1983.13,1981.65,1984.73,1984.73,1.078,tp,30
2023-11-22 06:45,2023-11-22 06:45,buy,1998.43,1996.88,2000.14,2000.14,1.098,tp,15
2023-11-22 09:15,2023-11-22 10:00,buy,2003.07,2001.27,2005.15,2005.15,1.153,tp,60
2023-11-23 18:15,2023-11-23 18:30,sell,1990.11,1991.55,1988.57,1991.55,-1.000,sl,30
2023-11-24 11:30,2023-11-24 11:30,buy,1994.78,1993.26,1996.43,1993.26,-1.000,sl,15
2023-11-24 12:15,2023-11-24 15:15,buy,1995.43,1993.89,1997.12,1997.12,1.095,tp,195
2023-11-24 15:45,2023-11-24 15:45,buy,2001.09,1999.08,2003.48,1999.08,-1.000,sl,15
2023-11-24 16:45,2023-11-24 16:45,buy,2002.28,2000.01,2005.06,2000.01,-1.000,sl,15
2023-11-27 02:15,2023-11-27 02:45,buy,2003.77,2001.76,2006.16,2001.76,-1.000,sl,45
2023-11-27 03:15,2023-11-27 03:15,buy,2006.17,2004.05,2008.72,2008.72,1.205,tp,15
2023-11-27 06:45,2023-11-27 08:15,buy,2013.33,2009.80,2018.00,2009.80,-1.000,sl,105
2023-11-27 10:15,2023-11-27 11:00,buy,2012.48,2010.47,2014.86,2014.86,1.188,tp,60
2023-11-27 15:30,2023-11-27 15:30,buy,2014.77,2012.83,2017.06,2012.83,-1.000,sl,15
2023-11-27 20:30,2023-11-27 23:45,buy,2012.35,2009.51,2015.99,2014.18,0.644,eod,210
2023-11-28 02:00,2023-11-28 02:00,buy,2015.47,2014.19,2016.76,2016.76,1.010,tp,15
2023-11-28 15:30,2023-11-28 15:30,buy,2016.58,2014.91,2018.46,2018.46,1.125,tp,15
2023-11-29 01:30,2023-11-29 02:00,buy,2043.48,2041.94,2045.16,2045.16,1.094,tp,45
2023-11-29 02:45,2023-11-29 02:45,buy,2046.60,2044.94,2048.47,2048.47,1.124,tp,15
2023-11-30 02:30,2023-11-30 03:30,buy,2045.70,2044.40,2047.03,2044.40,-1.000,sl,75
2023-11-30 09:00,2023-11-30 09:00,buy,2045.97,2044.26,2047.91,2044.26,-1.000,sl,15
2023-11-30 11:00,2023-11-30 11:00,sell,2040.30,2042.35,2037.85,2040.95,-0.317,lock_stop,15
2023-12-01 11:00,2023-12-01 11:30,buy,2045.60,2043.65,2047.90,2047.90,1.179,tp,45
2023-12-01 15:00,2023-12-01 15:15,sell,2035.84,2038.22,2032.89,2038.22,-1.000,sl,30
2023-12-01 18:15,2023-12-01 19:30,buy,2056.27,2051.56,2062.71,2062.71,1.367,tp,90
2023-12-01 20:00,2023-12-01 20:30,buy,2067.53,2062.41,2074.58,2074.58,1.378,tp,45
2023-12-04 01:15,2023-12-04 01:15,buy,2075.40,2073.11,2078.20,2078.20,1.227,tp,15
2023-12-04 07:30,2023-12-04 07:45,buy,2088.90,2086.14,2092.42,2086.14,-1.000,sl,30
2023-12-04 15:30,2023-12-04 15:30,sell,2064.63,2068.19,2059.91,2059.91,1.324,tp,15
2023-12-04 16:00,2023-12-04 16:00,sell,2057.38,2061.09,2052.45,2052.45,1.331,tp,15
2023-12-05 07:00,2023-12-05 08:15,sell,2032.00,2034.53,2028.83,2034.53,-1.000,sl,90
2023-12-05 11:15,2023-12-05 11:15,sell,2028.54,2031.48,2024.75,2031.48,-1.000,sl,15
2023-12-05 12:15,2023-12-05 13:15,sell,2027.10,2030.33,2022.87,2022.87,1.307,tp,75
2023-12-05 16:45,2023-12-05 16:45,sell,2022.43,2026.01,2017.68,2017.68,1.326,tp,15
2023-12-05 17:45,2023-12-05 17:45,sell,2011.32,2016.23,2004.58,2016.23,-1.000,sl,15
2023-12-06 01:45,2023-12-06 01:45,sell,2017.29,2018.76,2015.72,2018.76,-1.000,sl,15
2023-12-06 08:30,2023-12-06 09:00,buy,2025.74,2023.93,2027.83,2027.83,1.155,tp,45
2023-12-06 09:45,2023-12-06 09:45,buy,2031.48,2029.38,2034.00,2034.00,1.202,tp,15
2023-12-06 15:00,2023-12-06 15:15,buy,2026.50,2024.08,2029.50,2029.50,1.242,tp,30
2023-12-07 02:45,2023-12-07 03:00,buy,2029.00,2027.44,2030.71,2027.44,-1.000,sl,30
2023-12-07 08:30,2023-12-07 08:30,buy,2028.99,2027.36,2030.81,2027.36,-1.000,sl,15
2023-12-07 09:00,2023-12-07 09:00,buy,2029.90,2027.97,2032.17,2029.13,-0.399,lock_stop,15
2023-12-08 01:15,2023-12-08 02:15,sell,2027.94,2029.24,2026.61,2029.24,-1.000,sl,75
2023-12-08 15:45,2023-12-08 15:45,sell,2022.90,2025.63,2019.43,2025.63,-1.000,sl,15
2023-12-08 16:15,2023-12-08 16:15,sell,2010.32,2014.04,2005.36,2005.36,1.332,tp,15
2023-12-08 19:00,2023-12-08 22:45,sell,2002.01,2008.23,1993.31,2002.79,-0.125,time,240
2023-12-11 03:15,2023-12-11 04:00,sell,2003.71,2005.61,2001.48,2001.48,1.171,tp,60
2023-12-11 04:30,2023-12-11 05:30,sell,1999.03,2001.22,1996.36,1996.75,1.039,lock_target,75
2023-12-12 11:00,2023-12-12 11:45,sell,1983.46,1985.40,1981.18,1985.40,-1.000,sl,60
2023-12-12 14:00,2023-12-12 15:00,buy,1988.55,1986.68,1990.74,1990.74,1.166,tp,75
2023-12-12 19:15,2023-12-12 23:00,sell,1978.67,1982.36,1973.76,1979.63,-0.260,time,240
2023-12-13 04:15,2023-12-13 04:45,sell,1978.10,1979.58,1976.50,1979.58,-1.000,sl,45
2023-12-13 08:15,2023-12-13 08:15,sell,1976.91,1978.22,1975.56,1975.56,1.024,tp,15
2023-12-13 13:00,2023-12-13 14:00,buy,1983.46,1981.57,1985.68,1981.57,-1.000,sl,75
2023-12-13 21:15,2023-12-13 21:30,buy,2003.53,1999.92,2008.31,2008.31,1.327,tp,30
2023-12-13 23:00,2023-12-13 23:45,buy,2024.25,2018.18,2032.72,2027.23,0.491,eod,60
2023-12-14 01:30,2023-12-14 02:45,buy,2029.64,2022.92,2039.10,2039.10,1.407,tp,90
2023-12-14 08:00,2023-12-14 09:00,buy,2035.51,2033.20,2038.35,2033.20,-1.000,sl,75
2023-12-14 10:30,2023-12-14 10:30,buy,2040.35,2037.22,2044.42,2037.22,-1.000,sl,15
2023-12-14 14:45,2023-12-14 15:00,buy,2037.42,2035.01,2040.41,2035.01,-1.000,sl,30
2023-12-14 16:45,2023-12-14 16:45,buy,2048.05,2044.00,2053.50,2044.00,-1.000,sl,15
2023-12-15 01:30,2023-12-15 01:30,buy,2038.79,2037.07,2040.75,2037.07,-1.000,sl,15
2023-12-15 04:30,2023-12-15 05:30,buy,2037.19,2034.93,2039.95,2034.93,-1.000,sl,75
2023-12-15 09:30,2023-12-15 10:15,buy,2037.79,2036.03,2039.80,2037.73,-0.034,lock_stop,60
2023-12-18 12:45,2023-12-18 13:15,sell,2019.63,2022.33,2016.20,2022.33,-1.000,sl,45
2023-12-18 20:00,2023-12-18 20:00,buy,2033.66,2030.49,2037.80,2030.49,-1.000,sl,15
2023-12-19 02:45,2023-12-19 02:45,buy,2028.41,2027.05,2029.82,2027.05,-1.000,sl,15
2023-12-19 06:15,2023-12-19 06:45,sell,2021.92,2023.79,2019.74,2023.79,-1.000,sl,45
2023-12-19 14:15,2023-12-19 14:15,buy,2028.85,2027.19,2030.71,2027.98,-0.525,lock_stop,15
2023-12-20 05:00,2023-12-20 08:00,buy,2040.23,2038.55,2042.12,2042.12,1.128,tp,195
2023-12-20 22:00,2023-12-20 22:45,sell,2032.04,2034.27,2029.32,2029.73,1.035,lock_target,60
2023-12-21 14:45,2023-12-21 15:00,buy,2038.14,2036.23,2040.37,2036.23,-1.000,sl,30
2023-12-21 15:45,2023-12-21 16:00,buy,2043.39,2040.33,2047.35,2040.33,-1.000,sl,30
2023-12-21 21:45,2023-12-21 21:45,buy,2044.89,2042.24,2048.23,2043.87,-0.386,lock_stop,15
2023-12-22 01:15,2023-12-22 01:30,buy,2049.12,2047.12,2051.50,2051.50,1.188,tp,30
2023-12-22 09:45,2023-12-22 11:00,buy,2050.67,2048.94,2052.64,2052.64,1.139,tp,90
2023-12-26 03:45,2023-12-26 03:45,buy,2059.17,2057.41,2061.18,2061.18,1.144,tp,15
2023-12-26 08:45,2023-12-26 09:00,buy,2065.09,2063.68,2066.58,2063.68,-1.000,sl,30
2023-12-26 13:00,2023-12-26 14:15,buy,2064.18,2062.57,2065.96,2062.57,-1.000,sl,90
2023-12-26 22:45,2023-12-26 23:45,buy,2066.97,2064.98,2069.34,2067.44,0.236,eod,75
2023-12-27 03:45,2023-12-27 04:00,buy,2067.47,2065.72,2069.47,2065.72,-1.000,sl,30
2023-12-27 08:30,2023-12-27 08:45,buy,2066.82,2065.31,2068.46,2065.31,-1.000,sl,30
2023-12-27 11:30,2023-12-27 11:30,buy,2068.91,2067.10,2071.00,2068.59,-0.177,lock_stop,15
2023-12-28 01:15,2023-12-28 03:00,buy,2079.26,2077.42,2081.39,2081.39,1.160,tp,120
2023-12-28 03:30,2023-12-28 03:45,buy,2084.04,2082.32,2085.99,2085.99,1.136,tp,30
2023-12-29 11:00,2023-12-29 11:45,sell,2068.54,2070.55,2066.15,2066.15,1.189,tp,60
2023-12-29 12:30,2023-12-29 12:45,sell,2062.07,2064.41,2059.18,2064.41,-1.000,sl,30
2023-12-29 16:00,2023-12-29 16:30,sell,2058.96,2061.84,2055.26,2061.84,-1.000,sl,30
2023-12-29 23:00,2023-12-29 23:30,sell,2063.01,2065.55,2059.82,2062.67,0.134,eod,45
2024-01-02 07:15,2024-01-02 07:45,buy,2071.92,2069.73,2074.58,2074.58,1.214,tp,45
2024-01-02 08:30,2024-01-02 08:45,buy,2076.12,2074.04,2078.62,2074.04,-1.000,sl,30
2024-01-02 11:45,2024-01-02 12:00,buy,2078.54,2075.98,2081.75,2075.98,-1.000,sl,30
2024-01-02 17:45,2024-01-02 18:00,sell,2058.70,2063.26,2052.49,2063.26,-1.000,sl,30
2024-01-02 21:00,2024-01-02 21:00,sell,2060.88,2064.44,2056.16,2061.69,-0.228,lock_stop,15
2024-01-03 09:15,2024-01-03 09:30,sell,2061.85,2063.45,2060.08,2063.45,-1.000,sl,30
2024-01-03 10:30,2024-01-03 11:30,sell,2060.47,2062.70,2057.75,2057.75,1.220,tp,75
2024-01-03 12:30,2024-01-03 12:45,sell,2052.68,2055.53,2049.04,2055.53,-1.000,sl,30
2024-01-03 13:45,2024-01-03 14:00,sell,2048.78,2051.96,2044.63,2044.63,1.304,tp,30
2024-01-03 16:00,2024-01-03 16:15,sell,2040.75,2044.68,2035.48,2035.48,1.341,tp,30
2024-01-04 03:30,2024-01-04 03:45,sell,2040.80,2042.34,2039.11,2042.34,-1.000,sl,30
2024-01-04 08:30,2024-01-04 08:45,buy,2047.25,2045.29,2049.56,2045.29,-1.000,sl,30
2024-01-04 09:45,2024-01-04 09:45,buy,2049.46,2047.24,2052.17,2047.24,-1.000,sl,15
2024-01-05 08:45,2024-01-05 08:45,sell,2041.15,2042.74,2039.40,2042.74,-1.000,sl,15
2024-01-05 11:45,2024-01-05 12:00,sell,2040.98,2043.29,2038.14,2038.14,1.230,tp,30
2024-01-05 15:45,2024-01-05 15:45,sell,2033.61,2036.62,2029.73,2036.62,-1.000,sl,15
2024-01-05 17:15,2024-01-05 18:00,buy,2060.25,2053.84,2069.23,2053.84,-1.000,sl,60
2024-01-05 21:15,2024-01-05 21:15,buy,2049.46,2045.24,2055.16,2047.29,-0.515,lock_stop,15
2024-01-08 05:00,2024-01-08 05:30,sell,2041.01,2042.88,2038.83,2038.83,1.166,tp,45
2024-01-08 07:15,2024-01-08 07:30,sell,2034.53,2036.79,2031.77,2031.77,1.223,tp,30
2024-01-09 08:45,2024-01-09 08:45,buy,2034.62,2032.66,2036.93,2032.66,-1.000,sl,15
2024-01-09 09:30,2024-01-09 10:00,buy,2036.52,2034.11,2039.50,2034.11,-1.000,sl,45
2024-01-09 12:30,2024-01-09 12:30,buy,2037.95,2035.01,2041.74,2037.63,-0.109,lock_stop,15
2024-01-10 03:15,2024-01-10 03:30,sell,2027.87,2029.36,2026.26,2029.36,-1.000,sl,30
2024-01-10 06:00,2024-01-10 07:45,sell,2028.59,2030.74,2025.99,2025.99,1.210,tp,120
2024-01-10 08:15,2024-01-10 08:15,sell,2024.14,2026.24,2021.62,2026.24,-1.000,sl,15
2024-01-10 12:15,2024-01-10 12:45,buy,2037.30,2034.47,2040.91,2034.47,-1.000,sl,45
2024-01-10 17:00,2024-01-10 17:30,sell,2027.03,2029.86,2023.41,2029.45,-0.856,lock_stop,45
2024-01-11 07:45,2024-01-11 09:15,buy,2033.27,2031.57,2035.20,2035.20,1.133,tp,105
2024-01-11 13:30,2024-01-11 14:45,buy,2034.09,2032.06,2036.51,2032.06,-1.000,sl,90
2024-01-11 15:30,2024-01-11 15:30,buy,2037.91,2035.74,2040.55,2035.74,-1.000,sl,15
2024-01-11 18:30,2024-01-11 21:15,sell,2018.06,2024.84,2008.52,2024.84,-1.000,sl,180
2024-01-12 08:00,2024-01-12 09:00,buy,2036.25,2034.62,2038.07,2034.62,-1.000,sl,75
2024-01-12 09:30,2024-01-12 09:45,buy,2038.07,2036.18,2040.28,2036.18,-1.000,sl,30
2024-01-12 12:45,2024-01-12 12:45,buy,2042.38,2039.84,2045.56,2045.56,1.254,tp,15
2024-01-12 14:15,2024-01-12 14:15,buy,2051.00,2048.20,2054.58,2048.20,-1.000,sl,15
2024-01-12 15:45,2024-01-12 16:30,buy,2054.55,2050.89,2059.42,2059.42,1.329,tp,60
2024-01-15 03:45,2024-01-15 04:15,buy,2051.11,2049.29,2053.22,2053.22,1.157,tp,45
2024-01-15 05:00,2024-01-15 06:15,buy,2056.49,2054.27,2059.19,2054.27,-1.000,sl,90
2024-01-15 08:30,2024-01-15 09:00,buy,2056.55,2054.78,2058.58,2054.78,-1.000,sl,45
2024-01-15 10:45,2024-01-15 11:00,buy,2058.14,2056.07,2060.63,2056.07,-1.000,sl,30
2024-01-15 19:30,2024-01-15 19:45,buy,2056.04,2054.10,2058.33,2055.34,-0.361,lock_stop,30
2024-01-16 05:45,2024-01-16 08:45,sell,2048.28,2050.29,2045.89,2050.29,-1.000,sl,195
2024-01-16 10:45,2024-01-16 11:00,sell,2043.18,2045.61,2040.16,2040.16,1.243,tp,30
2024-01-16 14:15,2024-01-16 14:15,sell,2036.10,2038.87,2032.58,2038.87,-1.000,sl,15
2024-01-16 15:15,2024-01-16 15:30,sell,2031.56,2034.58,2027.65,2034.58,-1.000,sl,30
2024-01-16 18:15,2024-01-16 18:15,sell,2035.44,2040.33,2028.74,2040.33,-1.000,sl,15
2024-01-17 01:30,2024-01-17 02:45,sell,2026.70,2028.44,2024.71,2028.44,-1.000,sl,90
2024-01-17 05:30,2024-01-17 05:45,sell,2026.57,2028.82,2023.82,2023.82,1.222,tp,30
2024-01-17 07:15,2024-01-17 08:00,sell,2021.23,2023.68,2018.17,2018.17,1.245,tp,60
2024-01-17 08:30,2024-01-17 08:45,sell,2017.39,2019.67,2014.60,2019.67,-1.000,sl,30
2024-01-17 15:45,2024-01-17 16:00,sell,2022.22,2025.44,2018.01,2018.01,1.306,tp,30
2024-01-17 17:00,2024-01-17 17:15,sell,2012.05,2016.31,2006.29,2008.93,0.732,lock_target,30
2024-01-18 05:00,2024-01-18 05:30,sell,2007.34,2009.12,2005.30,2009.12,-1.000,sl,45
2024-01-18 07:15,2024-01-18 07:30,sell,2005.81,2007.69,2003.61,2007.69,-1.000,sl,30
2024-01-18 13:45,2024-01-18 13:45,buy,2013.43,2011.24,2016.08,2012.69,-0.338,lock_stop,15
2024-01-19 01:15,2024-01-19 01:15,buy,2024.11,2022.51,2025.88,2022.51,-1.000,sl,15
2024-01-19 03:45,2024-01-19 03:45,buy,2025.27,2023.35,2027.52,2023.35,-1.000,sl,15
2024-01-19 08:30,2024-01-19 08:30,buy,2023.52,2022.04,2025.12,2023.40,-0.081,lock_stop,15
2024-01-22 03:15,2024-01-22 03:45,buy,2031.24,2029.42,2033.34,2029.42,-1.000,sl,45
2024-01-22 06:45,2024-01-22 07:15,sell,2025.22,2026.88,2023.35,2023.35,1.124,tp,45
2024-01-22 08:15,2024-01-22 08:15,sell,2020.52,2022.44,2018.26,2022.44,-1.000,sl,15
2024-01-22 16:45,2024-01-22 16:45,sell,2018.06,2021.42,2013.65,2021.42,-1.000,sl,15
2024-01-22 20:15,2024-01-22 20:45,sell,2020.77,2023.59,2017.17,2021.31,-0.192,lock_stop,45
2024-01-23 06:00,2024-01-23 07:30,buy,2027.59,2025.49,2030.11,2030.11,1.202,tp,105
2024-01-23 09:00,2024-01-23 09:15,buy,2035.24,2032.92,2038.10,2032.92,-1.000,sl,30
2024-01-23 15:30,2024-01-23 15:30,buy,2028.53,2025.96,2031.76,2025.96,-1.000,sl,15
2024-01-23 19:45,2024-01-23 20:30,sell,2022.69,2025.49,2019.12,2025.49,-1.000,sl,60
2024-01-23 21:45,2024-01-23 22:00,buy,2030.30,2027.96,2033.19,2029.38,-0.393,lock_stop,30
2024-01-24 09:45,2024-01-24 09:45,buy,2031.57,2029.41,2034.18,2029.41,-1.000,sl,15
2024-01-24 14:00,2024-01-24 15:30,buy,2033.71,2031.25,2036.77,2036.77,1.246,tp,105
2024-01-24 17:45,2024-01-24 18:00,sell,2018.11,2022.44,2012.24,2012.24,1.356,tp,30
2024-01-24 21:30,2024-01-24 23:45,sell,2012.29,2015.37,2008.30,2013.50,-0.393,eod,150
2024-01-25 10:30,2024-01-25 10:30,sell,2013.16,2014.96,2011.09,2014.96,-1.000,sl,15
2024-01-25 14:15,2024-01-25 14:45,sell,2015.80,2017.87,2013.32,2013.32,1.198,tp,45
2024-01-26 03:15,2024-01-26 03:45,buy,2022.81,2021.04,2024.83,2021.04,-1.000,sl,45
2024-01-26 12:30,2024-01-26 14:30,buy,2022.85,2020.75,2025.37,2020.75,-1.000,sl,135
2024-01-29 05:15,2024-01-29 08:45,buy,2025.99,2023.74,2028.74,2028.74,1.222,tp,225
2024-01-29 09:15,2024-01-29 09:30,buy,2031.21,2029.34,2033.39,2033.39,1.166,tp,30
2024-01-30 02:45,2024-01-30 03:00,buy,2033.83,2031.74,2036.33,2031.74,-1.000,sl,30
2024-01-30 06:30,2024-01-30 06:45,buy,2033.08,2031.59,2034.69,2031.59,-1.000,sl,30
2024-01-30 08:15,2024-01-30 08:30,buy,2035.41,2033.85,2037.12,2034.94,-0.302,lock_stop,30
2024-01-31 02:15,2024-01-31 02:30,buy,2038.02,2036.81,2039.21,2036.81,-1.000,sl,30
2024-01-31 10:45,2024-01-31 11:00,buy,2040.06,2038.21,2042.21,2038.21,-1.000,sl,30
2024-01-31 15:45,2024-01-31 16:00,buy,2041.13,2039.05,2043.63,2043.63,1.200,tp,30
2024-01-31 16:45,2024-01-31 16:45,buy,2049.92,2047.12,2053.49,2053.49,1.277,tp,15
2024-02-01 04:30,2024-02-01 07:30,buy,2046.78,2044.56,2049.49,2044.56,-1.000,sl,195
2024-02-01 12:15,2024-02-01 12:30,sell,2038.42,2040.84,2035.41,2035.41,1.242,tp,30
2024-02-01 13:00,2024-02-01 15:00,sell,2031.71,2034.59,2028.02,2034.59,-1.000,sl,135
2024-02-01 17:45,2024-02-01 18:00,buy,2051.71,2047.09,2058.01,2058.01,1.365,tp,30
2024-02-01 18:45,2024-02-01 19:30,buy,2064.02,2058.60,2071.52,2058.60,-1.000,sl,60
2024-02-02 01:30,2024-02-02 03:00,buy,2056.13,2054.13,2058.51,2054.13,-1.000,sl,105
2024-02-02 07:30,2024-02-02 08:15,buy,2056.30,2054.74,2058.01,2054.74,-1.000,sl,60
2024-02-02 13:45,2024-02-02 14:00,buy,2056.17,2054.17,2058.55,2056.03,-0.070,lock_stop,30
2024-02-05 02:30,2024-02-05 03:00,sell,2034.73,2036.93,2032.05,2036.93,-1.000,sl,45
2024-02-05 05:00,2024-02-05 05:15,sell,2033.19,2035.63,2030.16,2030.16,1.243,tp,30
2024-02-05 10:15,2024-02-05 11:15,sell,2024.56,2027.20,2021.23,2021.23,1.263,tp,75
2024-02-05 14:45,2024-02-05 15:15,sell,2022.79,2024.85,2020.33,2020.33,1.196,tp,45
2024-02-06 05:30,2024-02-06 06:15,sell,2023.47,2025.07,2021.70,2025.07,-1.000,sl,60
2024-02-06 07:45,2024-02-06 08:00,buy,2029.54,2027.97,2031.27,2027.97,-1.000,sl,30
2024-02-06 15:00,2024-02-06 15:00,buy,2028.02,2025.92,2030.55,2030.55,1.202,tp,15
2024-02-06 17:15,2024-02-06 18:45,buy,2034.40,2031.37,2038.32,2038.32,1.294,tp,105
2024-02-07 09:30,2024-02-07 09:45,buy,2036.10,2034.80,2037.42,2034.80,-1.000,sl,30
2024-02-07 14:30,2024-02-07 14:30,sell,2031.44,2033.07,2029.63,2033.07,-1.000,sl,15
2024-02-07 15:45,2024-02-07 15:45,buy,2036.33,2034.34,2038.69,2034.34,-1.000,sl,15
2024-02-08 01:15,2024-02-08 02:15,buy,2036.29,2034.93,2037.70,2037.70,1.039,tp,75
2024-02-08 04:15,2024-02-08 04:15,buy,2038.69,2037.36,2040.06,2037.36,-1.000,sl,15
2024-02-08 06:00,2024-02-08 08:45,sell,2032.52,2034.06,2030.83,2034.06,-1.000,sl,180
2024-02-08 10:30,2024-02-08 11:00,sell,2030.04,2031.78,2028.05,2031.78,-1.000,sl,45
2024-02-08 14:45,2024-02-08 14:45,sell,2024.55,2027.47,2020.79,2024.93,-0.130,lock_stop,15
2024-02-09 01:15,2024-02-09 02:00,buy,2034.81,2033.59,2036.02,2033.59,-1.000,sl,60
2024-02-09 14:45,2024-02-09 15:00,sell,2029.98,2031.63,2028.13,2028.13,1.122,tp,30
2024-02-09 16:30,2024-02-09 18:00,sell,2024.53,2027.73,2020.35,2020.35,1.305,tp,105
2024-02-12 04:00,2024-02-12 05:15,sell,2023.27,2024.68,2021.78,2021.78,1.057,tp,90
2024-02-12 11:45,2024-02-12 15:00,sell,2021.28,2023.10,2019.18,2023.10,-1.000,sl,210
2024-02-12 16:00,2024-02-12 16:15,sell,2018.70,2021.03,2015.83,2015.83,1.232,tp,30
2024-02-12 18:00,2024-02-12 18:30,sell,2012.76,2016.34,2008.01,2016.34,-1.000,sl,45
2024-02-13 01:45,2024-02-13 03:00,sell,2018.44,2019.70,2017.18,2019.70,-1.000,sl,90
2024-02-13 05:15,2024-02-13 05:45,sell,2017.32,2018.60,2016.02,2018.60,-1.000,sl,45
2024-02-13 08:45,2024-02-13 09:00,buy,2022.93,2021.66,2024.21,2024.21,1.008,tp,30
2024-02-13 10:00,2024-02-13 11:45,buy,2025.34,2023.96,2026.78,2026.78,1.046,tp,120
2024-02-13 13:30,2024-02-13 13:45,buy,2028.95,2027.39,2030.67,2027.39,-1.000,sl,30
2024-02-13 16:15,2024-02-13 16:15,sell,2001.16,2005.17,1995.78,2005.17,-1.000,sl,15
2024-02-13 16:45,2024-02-13 17:00,sell,1997.47,2002.02,1991.26,1991.26,1.363,tp,30
2024-02-13 21:30,2024-02-13 23:45,sell,1991.45,1993.95,1988.33,1992.95,-0.600,eod,150
2024-02-14 01:30,2024-02-14 02:30,sell,1991.40,1992.83,1989.88,1992.83,-1.000,sl,75
2024-02-14 03:30,2024-02-14 03:30,sell,1990.22,1991.66,1988.69,1991.66,-1.000,sl,15
2024-02-14 10:00,2024-02-14 10:00,sell,1989.27,1990.82,1987.56,1987.56,1.098,tp,15
2024-02-14 10:30,2024-02-14 10:30,sell,1987.14,1988.95,1985.06,1988.95,-1.000,sl,15
2024-02-14 17:00,2024-02-14 17:45,sell,1987.24,1990.14,1983.52,1987.87,-0.217,lock_stop,60
2024-02-15 02:00,2024-02-15 02:30,buy,1993.99,1992.56,1995.51,1992.56,-1.000,sl,45
2024-02-15 09:30,2024-02-15 10:15,buy,1994.11,1992.72,1995.57,1995.57,1.049,tp,60
2024-02-15 12:00,2024-02-15 14:30,buy,1996.61,1994.94,1998.49,1998.49,1.126,tp,165
2024-02-15 15:45,2024-02-15 15:45,buy,2003.51,2001.18,2006.38,2001.18,-1.000,sl,15
2024-02-15 16:45,2024-02-15 16:45,buy,2005.73,2002.85,2009.42,2002.85,-1.000,sl,15
2024-02-15 20:00,2024-02-15 23:45,buy,2003.79,2000.44,2008.19,2004.25,0.137,time,240
2024-02-16 04:00,2024-02-16 04:00,buy,2005.73,2004.61,2006.78,2004.61,-1.000,sl,15
2024-02-16 09:30,2024-02-16 09:30,buy,2005.15,2003.97,2006.30,2006.30,0.972,tp,15
2024-02-16 12:45,2024-02-16 15:00,buy,2007.35,2005.73,2009.15,2005.73,-1.000,sl,150
2024-02-16 19:45,2024-02-16 23:30,buy,2012.20,2008.53,2017.08,2013.38,0.321,time,240
2024-02-19 01:15,2024-02-19 01:15,buy,2014.52,2012.70,2016.63,2012.70,-1.000,sl,15
2024-02-19 02:15,2024-02-19 02:45,buy,2016.68,2014.66,2019.09,2019.09,1.191,tp,45
2024-02-19 04:45,2024-02-19 05:45,buy,2022.21,2019.42,2025.77,2019.42,-1.000,sl,75
2024-02-19 08:45,2024-02-19 09:00,buy,2022.62,2021.13,2024.22,2021.13,-1.000,sl,30
2024-02-19 18:00,2024-02-19 18:15,sell,2014.65,2016.41,2012.64,2015.93,-0.729,lock_stop,30
2024-02-20 01:15,2024-02-20 02:15,sell,2016.34,2017.66,2014.98,2014.98,1.028,tp,75
2024-02-20 06:30,2024-02-20 07:30,buy,2019.49,2017.88,2021.27,2017.88,-1.000,sl,75
2024-02-20 08:45,2024-02-20 09:00,buy,2020.42,2019.10,2021.77,2019.10,-1.000,sl,30
2024-02-20 09:30,2024-02-20 09:45,buy,2022.48,2020.96,2024.14,2020.96,-1.000,sl,30
2024-02-20 11:15,2024-02-20 12:15,buy,2023.49,2021.74,2025.48,2025.48,1.142,tp,75
2024-02-20 15:45,2024-02-20 16:30,buy,2029.87,2027.86,2032.25,2027.86,-1.000,sl,60
2024-02-20 20:00,2024-02-20 20:00,buy,2028.92,2026.49,2031.95,2028.24,-0.279,lock_stop,15
2024-02-21 04:15,2024-02-21 04:30,buy,2027.04,2025.75,2028.35,2028.35,1.014,tp,30
2024-02-21 05:30,2024-02-21 07:30,buy,2030.05,2028.53,2031.70,2031.70,1.088,tp,135
2024-02-22 06:45,2024-02-22 08:30,buy,2028.88,2027.37,2030.52,2030.52,1.087,tp,120
2024-02-22 10:00,2024-02-22 10:00,buy,2031.58,2030.00,2033.33,2033.33,1.105,tp,15
2024-02-23 07:45,2024-02-23 08:15,sell,2022.42,2023.79,2020.99,2020.99,1.044,tp,45
2024-02-23 11:30,2024-02-23 12:15,sell,2017.25,2019.39,2014.66,2019.39,-1.000,sl,60
2024-02-23 18:00,2024-02-23 18:15,buy,2030.51,2027.52,2034.37,2034.37,1.291,tp,30
2024-02-23 18:45,2024-02-23 20:45,buy,2037.59,2034.42,2041.72,2040.56,0.936,lock_target,135
2024-02-26 07:30,2024-02-26 08:00,buy,2033.49,2032.31,2034.63,2032.31,-1.000,sl,45
2024-02-26 10:30,2024-02-26 10:30,buy,2036.56,2034.82,2038.54,2034.82,-1.000,sl,15
2024-02-26 16:15,2024-02-26 17:15,sell,2028.20,2030.41,2025.51,2025.51,1.217,tp,75
2024-02-27 03:15,2024-02-27 04:30,buy,2033.06,2031.85,2034.25,2034.25,0.982,tp,90
2024-02-27 09:45,2024-02-27 10:00,buy,2036.23,2034.96,2037.51,2034.96,-1.000,sl,30
2024-02-27 10:30,2024-02-27 10:30,buy,2037.48,2036.05,2038.99,2038.99,1.062,tp,15
2024-02-27 13:45,2024-02-27 15:15,buy,2037.95,2036.00,2040.25,2036.00,-1.000,sl,105
2024-02-27 19:15,2024-02-27 20:00,sell,2030.82,2033.36,2027.64,2033.36,-1.000,sl,60
2024-02-28 02:15,2024-02-28 02:15,sell,2029.30,2030.43,2028.22,2030.43,-1.000,sl,15
2024-02-28 09:00,2024-02-28 09:45,sell,2029.04,2030.32,2027.75,2027.75,1.011,tp,60
2024-02-28 11:00,2024-02-28 11:30,sell,2026.53,2027.95,2025.03,2025.03,1.060,tp,45
2024-02-28 19:15,2024-02-28 19:30,buy,2035.03,2032.65,2037.97,2032.65,-1.000,sl,30
2024-02-28 22:30,2024-02-28 23:45,buy,2034.37,2032.68,2036.28,2034.37,0.000,eod,90
2024-02-29 03:45,2024-02-29 07:00,buy,2036.31,2034.89,2037.81,2034.89,-1.000,sl,210
2024-02-29 08:45,2024-02-29 10:00,buy,2036.87,2035.71,2037.99,2035.71,-1.000,sl,90
2024-02-29 13:45,2024-02-29 13:45,sell,2029.65,2031.38,2027.68,2030.37,-0.416,lock_stop,15
2024-03-01 04:15,2024-03-01 05:30,buy,2045.29,2044.11,2046.44,2046.44,0.972,tp,90
2024-03-01 08:30,2024-03-01 08:30,buy,2047.94,2046.62,2049.29,2046.62,-1.000,sl,15
2024-03-01 09:15,2024-03-01 09:15,buy,2048.71,2047.28,2050.23,2047.28,-1.000,sl,15
2024-03-01 12:15,2024-03-01 12:30,buy,2049.01,2046.33,2052.41,2052.41,1.267,tp,30
2024-03-01 13:00,2024-03-01 14:45,buy,2055.10,2052.11,2058.95,2052.11,-1.000,sl,120
2024-03-01 17:30,2024-03-01 17:45,buy,2064.01,2060.13,2069.20,2069.20,1.339,tp,30
2024-03-01 18:15,2024-03-01 18:30,buy,2073.70,2069.12,2079.94,2079.94,1.363,tp,30
2024-03-01 19:00,2024-03-01 19:00,buy,2081.30,2076.05,2088.55,2084.72,0.652,lock_target,15
2024-03-04 01:30,2024-03-04 01:30,buy,2085.96,2084.15,2088.06,2084.15,-1.000,sl,15
2024-03-04 08:15,2024-03-04 08:15,buy,2082.80,2081.52,2084.09,2081.52,-1.000,sl,15
2024-03-04 09:00,2024-03-04 09:00,buy,2083.73,2082.35,2085.18,2085.18,1.048,tp,15
2024-03-04 09:45,2024-03-04 10:15,buy,2086.92,2085.37,2088.62,2085.37,-1.000,sl,45
2024-03-04 15:45,2024-03-04 15:45,buy,2085.12,2083.09,2087.54,2087.54,1.192,tp,15
2024-03-04 16:30,2024-03-04 16:30,buy,2096.75,2093.86,2100.46,2093.86,-1.000,sl,15
2024-03-04 17:00,2024-03-04 17:00,buy,2101.09,2097.68,2105.58,2097.68,-1.000,sl,15
2024-03-05 07:00,2024-03-05 07:30,buy,2116.23,2114.42,2118.32,2118.32,1.154,tp,45
2024-03-05 10:30,2024-03-05 11:15,buy,2121.20,2118.53,2124.58,2124.58,1.266,tp,60
2024-03-06 07:15,2024-03-06 07:30,buy,2126.96,2125.49,2128.53,2125.49,-1.000,sl,30
2024-03-06 09:15,2024-03-06 10:00,buy,2129.74,2128.07,2131.62,2128.07,-1.000,sl,60
2024-03-06 13:45,2024-03-06 14:45,buy,2130.86,2128.24,2134.16,2134.16,1.261,tp,75
2024-03-06 16:00,2024-03-06 16:00,buy,2139.59,2136.36,2143.81,2136.36,-1.000,sl,15
2024-03-06 16:45,2024-03-06 16:45,buy,2143.32,2139.51,2148.42,2148.42,1.336,tp,15
2024-03-06 20:30,2024-03-06 21:00,buy,2151.00,2146.01,2157.85,2146.01,-1.000,sl,45
2024-03-06 23:45,2024-03-06 23:45,buy,2147.94,2144.81,2152.01,2148.03,0.029,eod,15
2024-03-07 04:45,2024-03-07 06:00,buy,2151.19,2148.52,2154.57,2154.57,1.266,tp,90
2024-03-07 15:00,2024-03-07 15:00,buy,2158.81,2156.47,2161.70,2161.70,1.233,tp,15
2024-03-08 02:00,2024-03-08 02:00,buy,2162.09,2160.43,2163.95,2160.43,-1.000,sl,15
2024-03-08 08:45,2024-03-08 09:15,buy,2161.59,2159.61,2163.93,2159.61,-1.000,sl,45
2024-03-08 10:15,2024-03-08 10:30,buy,2163.97,2161.90,2166.45,2166.45,1.198,tp,30
2024-03-08 12:00,2024-03-08 13:30,buy,2169.25,2166.37,2172.94,2166.37,-1.000,sl,105
2024-03-08 15:45,2024-03-08 15:45,buy,2180.97,2176.57,2186.95,2176.57,-1.000,sl,15
2024-03-11 00:15,2024-03-11 01:30,buy,2179.78,2176.83,2183.58,2183.58,1.288,tp,90
2024-03-11 02:45,2024-03-11 03:00,buy,2186.58,2184.04,2189.77,2184.04,-1.000,sl,30
2024-03-11 06:15,2024-03-11 07:30,buy,2181.20,2179.01,2183.86,2179.01,-1.000,sl,90
2024-03-11 10:00,2024-03-11 10:15,buy,2182.61,2180.35,2185.38,2180.35,-1.000,sl,30
2024-03-11 15:45,2024-03-11 15:45,buy,2183.89,2180.87,2187.80,2180.87,-1.000,sl,15
2024-03-12 00:30,2024-03-12 00:30,buy,2184.87,2182.94,2187.15,2182.94,-1.000,sl,15
2024-03-12 07:45,2024-03-12 07:45,sell,2174.15,2175.93,2172.11,2175.93,-1.000,sl,15
2024-03-12 12:15,2024-03-12 12:15,sell,2175.49,2177.43,2173.20,2176.09,-0.309,lock_stop,15
2024-03-13 14:15,2024-03-13 14:30,buy,2164.81,2162.74,2167.30,2162.74,-1.000,sl,30
2024-03-13 15:45,2024-03-13 15:45,buy,2168.42,2165.64,2171.96,2165.64,-1.000,sl,15
2024-03-13 17:30,2024-03-13 17:30,buy,2174.07,2170.36,2179.01,2172.04,-0.547,lock_stop,15
2024-03-14 00:45,2024-03-14 02:15,buy,2175.63,2174.03,2177.40,2174.03,-1.000,sl,105
2024-03-14 03:00,2024-03-14 03:00,buy,2176.50,2175.07,2178.02,2175.07,-1.000,sl,15
2024-03-14 17:30,2024-03-14 18:00,sell,2157.24,2161.92,2150.85,2158.27,-0.220,lock_stop,45
2024-03-15 01:00,2024-03-15 02:30,sell,2161.17,2162.34,2160.04,2162.34,-1.000,sl,105
2024-03-15 07:45,2024-03-15 07:45,buy,2167.10,2165.55,2168.81,2168.81,1.098,tp,15
2024-03-15 12:00,2024-03-15 12:15,buy,2172.10,2169.66,2175.13,2169.66,-1.000,sl,30
2024-03-15 15:45,2024-03-15 15:45,sell,2157.25,2160.60,2152.85,2160.60,-1.000,sl,15
2024-03-15 19:45,2024-03-15 20:00,sell,2156.90,2160.14,2152.67,2158.11,-0.374,lock_stop,30
2024-03-18 00:15,2024-03-18 00:30,sell,2154.02,2155.88,2151.86,2155.88,-1.000,sl,30
2024-03-18 03:15,2024-03-18 03:15,sell,2152.77,2154.77,2150.40,2150.40,1.187,tp,15
2024-03-18 04:45,2024-03-18 04:45,sell,2149.68,2151.76,2147.19,2147.19,1.199,tp,15
2024-03-18 13:15,2024-03-18 14:15,buy,2160.00,2157.80,2162.67,2162.67,1.215,tp,75
2024-03-19 00:30,2024-03-19 00:30,buy,2162.01,2160.69,2163.36,2160.69,-1.000,sl,15
2024-03-19 10:15,2024-03-19 10:15,sell,2152.06,2154.36,2149.24,2149.24,1.228,tp,15
2024-03-19 22:15,2024-03-19 22:45,buy,2158.52,2156.88,2160.36,2157.48,-0.633,eod,45
2024-03-20 00:30,2024-03-20 01:30,buy,2158.76,2157.41,2160.16,2157.41,-1.000,sl,75
2024-03-20 03:30,2024-03-20 03:45,buy,2159.50,2158.10,2160.98,2158.10,-1.000,sl,30
2024-03-20 06:00,2024-03-20 06:00,buy,2160.10,2158.53,2161.84,2159.37,-0.464,lock_stop,15
2024-03-21 00:15,2024-03-21 00:15,buy,2193.30,2186.55,2202.80,2202.80,1.407,tp,15
2024-03-21 03:15,2024-03-21 07:00,buy,2209.20,2200.32,2221.89,2203.21,-0.675,time,240
2024-03-21 07:45,2024-03-21 08:00,buy,2204.52,2202.55,2206.85,2206.85,1.183,tp,30
2024-03-21 09:30,2024-03-21 09:30,buy,2210.25,2207.76,2213.37,2207.76,-1.000,sl,15
2024-03-21 12:15,2024-03-21 13:15,buy,2209.63,2206.11,2214.29,2206.11,-1.000,sl,75
2024-03-21 17:15,2024-03-21 18:15,sell,2172.23,2178.05,2164.12,2178.05,-1.000,sl,75
2024-03-22 04:00,2024-03-22 04:00,sell,2173.23,2175.67,2170.20,2175.67,-1.000,sl,15
2024-03-22 09:00,2024-03-22 09:15,sell,2169.84,2172.11,2167.06,2167.06,1.225,tp,30
2024-03-22 17:15,2024-03-22 18:45,sell,2169.24,2173.18,2163.95,2163.95,1.341,tp,105
2024-03-22 19:30,2024-03-22 20:15,sell,2158.19,2161.78,2153.43,2161.78,-1.000,sl,60
2024-03-25 02:30,2024-03-25 03:15,sell,2164.57,2166.71,2161.98,2166.71,-1.000,sl,60
2024-03-25 14:15,2024-03-25 15:30,buy,2174.16,2171.69,2177.24,2177.24,1.247,tp,90
2024-03-26 02:45,2024-03-26 03:00,buy,2174.35,2172.84,2175.99,2172.84,-1.000,sl,30
2024-03-26 03:45,2024-03-26 04:15,sell,2169.15,2171.11,2166.84,2171.11,-1.000,sl,45
2024-03-26 09:15,2024-03-26 09:15,sell,2169.97,2171.65,2168.08,2171.61,-0.978,lock_stop,15
2024-03-27 02:30,2024-03-27 03:00,sell,2177.42,2179.08,2175.55,2179.08,-1.000,sl,45
2024-03-27 03:45,2024-03-27 04:00,sell,2174.94,2176.95,2172.55,2176.95,-1.000,sl,30
2024-03-27 10:00,2024-03-27 10:15,buy,2180.81,2178.75,2183.27,2179.56,-0.607,lock_stop,30
2024-03-28 04:15,2024-03-28 04:15,buy,2191.50,2189.32,2194.15,2194.15,1.214,tp,15
2024-03-28 07:45,2024-03-28 08:00,buy,2198.12,2196.03,2200.62,2196.03,-1.000,sl,30
2024-03-28 12:00,2024-03-28 12:15,buy,2198.07,2195.42,2201.42,2201.42,1.264,tp,30
2024-03-28 12:45,2024-03-28 13:30,buy,2211.20,2207.74,2215.76,2207.74,-1.000,sl,60
2024-03-28 14:15,2024-03-28 14:30,buy,2214.16,2210.17,2219.52,2210.17,-1.000,sl,30
2024-03-28 18:30,2024-03-28 22:15,buy,2219.31,2214.37,2226.09,2219.69,0.077,time,240
2024-03-28 22:45,2024-03-28 22:45,buy,2223.67,2221.14,2226.84,2226.84,1.253,tp,15
2024-04-01 01:15,2024-04-01 01:30,buy,2240.52,2236.56,2245.84,2236.56,-1.000,sl,30
2024-04-01 03:00,2024-04-01 03:30,buy,2246.19,2241.32,2252.87,2252.87,1.372,tp,45
2024-04-01 04:15,2024-04-01 08:00,buy,2259.60,2253.35,2268.35,2260.44,0.134,time,240
2024-04-01 15:45,2024-04-01 16:15,buy,2252.38,2248.53,2257.54,2257.54,1.338,tp,45
2024-04-02 01:30,2024-04-02 01:45,buy,2255.08,2252.51,2258.31,2252.51,-1.000,sl,30
2024-04-02 06:00,2024-04-02 06:45,buy,2254.48,2251.57,2258.23,2251.57,-1.000,sl,60
2024-04-02 07:45,2024-04-02 07:45,buy,2256.89,2254.31,2260.13,2256.67,-0.085,lock_stop,15
2024-04-03 01:30,2024-04-03 01:30,buy,2287.04,2283.23,2292.13,2283.23,-1.000,sl,15
2024-04-03 06:15,2024-04-03 08:00,buy,2285.73,2282.18,2290.42,2282.18,-1.000,sl,120
2024-04-03 15:30,2024-04-03 15:30,sell,2268.34,2271.82,2263.74,2271.82,-1.000,sl,15
2024-04-04 01:30,2024-04-04 01:30,buy,2301.90,2299.67,2304.62,2299.67,-1.000,sl,15
2024-04-04 04:00,2024-04-04 04:00,buy,2302.43,2299.66,2305.96,2299.66,-1.000,sl,15
2024-04-04 15:00,2024-04-04 15:00,sell,2289.05,2291.48,2286.03,2286.03,1.243,tp,15
2024-04-04 15:45,2024-04-04 15:45,sell,2282.76,2285.77,2278.87,2285.77,-1.000,sl,15
2024-04-04 19:45,2024-04-04 20:00,sell,2287.70,2292.02,2281.84,2290.63,-0.678,lock_stop,30
2024-04-05 03:15,2024-04-05 03:15,sell,2287.80,2290.45,2284.45,2284.45,1.264,tp,15
2024-04-05 04:15,2024-04-05 04:15,sell,2277.30,2280.13,2273.69,2273.69,1.279,tp,15
2024-04-08 04:30,2024-04-08 04:45,buy,2313.70,2307.97,2321.68,2321.68,1.391,tp,30
2024-04-08 05:15,2024-04-08 05:30,buy,2329.00,2323.78,2336.21,2336.21,1.380,tp,30
2024-04-09 03:15,2024-04-09 03:15,buy,2341.68,2339.74,2343.96,2339.74,-1.000,sl,15
2024-04-09 04:15,2024-04-09 04:30,buy,2343.51,2341.00,2346.64,2346.64,1.251,tp,30
2024-04-09 08:45,2024-04-09 09:00,buy,2346.88,2344.61,2349.66,2344.61,-1.000,sl,30
2024-04-09 10:15,2024-04-09 10:15,buy,2355.01,2352.20,2358.60,2352.20,-1.000,sl,15
2024-04-09 11:45,2024-04-09 12:15,buy,2357.58,2353.75,2362.69,2362.69,1.337,tp,45
2024-04-09 17:15,2024-04-09 17:30,buy,2361.60,2356.34,2368.87,2356.34,-1.000,sl,30
2024-04-09 23:15,2024-04-09 23:45,buy,2353.32,2350.12,2357.50,2352.22,-0.343,eod,45
2024-04-10 03:00,2024-04-10 03:15,buy,2355.13,2352.91,2357.83,2352.91,-1.000,sl,30
2024-04-10 07:45,2024-04-10 08:00,buy,2354.49,2351.90,2357.75,2357.75,1.259,tp,30
2024-04-10 15:45,2024-04-10 15:45,sell,2338.32,2342.75,2332.29,2342.75,-1.000,sl,15
2024-04-10 16:15,2024-04-10 16:15,sell,2321.96,2327.78,2313.85,2327.78,-1.000,sl,15
2024-04-10 20:15,2024-04-10 20:30,sell,2328.39,2336.31,2317.13,2336.31,-1.000,sl,30
2024-04-11 11:15,2024-04-11 11:45,sell,2331.98,2335.67,2327.06,2327.06,1.331,tp,45
2024-04-11 19:45,2024-04-11 20:00,buy,2348.05,2343.07,2354.90,2354.13,1.221,lock_target,30
2024-04-12 04:00,2024-04-12 04:00,buy,2378.87,2375.65,2383.08,2383.08,1.306,tp,15
2024-04-12 05:00,2024-04-12 05:00,buy,2390.86,2386.99,2396.05,2393.56,0.697,lock_target,15
2024-04-15 04:00,2024-04-15 05:00,sell,2352.87,2360.81,2341.58,2360.81,-1.000,sl,75
2024-04-15 11:45,2024-04-15 11:45,sell,2345.94,2350.73,2339.39,2350.73,-1.000,sl,15
2024-04-15 16:45,2024-04-15 16:45,sell,2345.06,2350.30,2337.83,2350.30,-1.000,sl,15
2024-04-16 01:15,2024-04-16 02:45,buy,2388.10,2383.17,2394.86,2383.17,-1.000,sl,105
2024-04-16 06:30,2024-04-16 07:00,buy,2389.52,2385.49,2394.94,2385.49,-1.000,sl,45
2024-04-16 17:00,2024-04-16 17:00,sell,2365.95,2371.51,2358.24,2369.97,-0.724,lock_stop,15
2024-04-17 08:30,2024-04-17 08:30,sell,2379.30,2381.36,2376.83,2376.83,1.197,tp,15
2024-04-17 11:45,2024-04-17 12:00,buy,2390.31,2386.43,2395.51,2393.67,0.865,lock_target,30
2024-04-18 10:00,2024-04-18 10:00,buy,2380.87,2378.47,2383.85,2378.47,-1.000,sl,15
2024-04-18 13:30,2024-04-18 14:15,buy,2381.99,2379.38,2385.27,2379.38,-1.000,sl,60
2024-04-18 16:30,2024-04-18 16:30,buy,2391.13,2386.85,2396.93,2386.85,-1.000,sl,15
2024-04-19 02:30,2024-04-19 03:00,buy,2380.86,2378.57,2383.66,2378.57,-1.000,sl,45
2024-04-19 03:30,2024-04-19 03:30,sell,2374.68,2376.58,2372.45,2376.58,-1.000,sl,15
2024-04-19 04:30,2024-04-19 04:30,buy,2395.92,2392.32,2400.70,2400.70,1.327,tp,15
2024-04-19 10:00,2024-04-19 10:45,buy,2390.19,2384.76,2397.71,2384.76,-1.000,sl,60
2024-04-19 14:15,2024-04-19 14:30,sell,2373.85,2378.07,2368.15,2378.07,-1.000,sl,30
2024-04-22 04:30,2024-04-22 05:15,sell,2378.70,2382.17,2374.12,2374.12,1.320,tp,60
2024-04-22 06:00,2024-04-22 06:00,sell,2372.46,2375.64,2368.31,2368.31,1.304,tp,15
2024-04-23 04:45,2024-04-23 04:45,sell,2305.36,2310.06,2298.93,2310.06,-1.000,sl,15
2024-04-23 09:30,2024-04-23 10:15,sell,2302.38,2306.69,2296.54,2306.69,-1.000,sl,60
2024-04-23 12:15,2024-04-23 12:30,sell,2297.04,2301.83,2290.48,2298.86,-0.380,lock_stop,30
2024-04-24 02:30,2024-04-24 02:30,buy,2323.98,2322.28,2325.90,2322.28,-1.000,sl,15
2024-04-24 06:15,2024-04-24 06:45,buy,2323.86,2320.76,2327.89,2327.89,1.299,tp,45
2024-04-24 12:30,2024-04-24 12:45,sell,2312.59,2316.02,2308.06,2316.02,-1.000,sl,30
2024-04-24 15:15,2024-04-24 15:30,sell,2312.82,2315.90,2308.82,2315.90,-1.000,sl,30
2024-04-24 18:00,2024-04-24 18:30,buy,2329.96,2324.65,2337.30,2324.65,-1.000,sl,45
2024-04-25 06:15,2024-04-25 06:15,sell,2306.37,2309.77,2301.89,2309.77,-1.000,sl,15
2024-04-25 11:00,2024-04-25 14:15,buy,2325.74,2322.86,2329.43,2329.43,1.283,tp,210
2024-04-25 14:45,2024-04-25 15:00,buy,2330.61,2327.95,2333.98,2327.95,-1.000,sl,30
2024-04-25 17:45,2024-04-25 17:45,buy,2341.19,2333.81,2351.63,2333.81,-1.000,sl,15
2024-04-25 21:15,2024-04-25 21:15,buy,2333.31,2328.28,2340.23,2331.18,-0.424,lock_stop,15
2024-04-26 04:45,2024-04-26 05:00,buy,2331.77,2329.86,2334.01,2334.01,1.173,tp,30
2024-04-26 07:30,2024-04-26 07:30,buy,2337.70,2334.87,2341.33,2334.87,-1.000,sl,15
2024-04-26 09:15,2024-04-26 09:45,buy,2338.86,2336.12,2342.34,2342.34,1.272,tp,45
2024-04-26 10:30,2024-04-26 11:00,buy,2344.44,2341.00,2348.98,2348.98,1.319,tp,45
2024-04-29 01:15,2024-04-29 03:45,sell,2334.63,2337.14,2331.48,2331.48,1.251,tp,165
2024-04-29 04:15,2024-04-29 04:15,sell,2326.24,2328.88,2322.91,2328.88,-1.000,sl,15
2024-04-29 09:45,2024-04-29 10:00,sell,2328.41,2331.45,2324.47,2331.45,-1.000,sl,30
2024-04-29 13:00,2024-04-29 13:30,buy,2343.47,2340.52,2347.26,2340.52,-1.000,sl,45
2024-04-29 17:30,2024-04-29 17:45,buy,2339.00,2334.29,2345.45,2337.77,-0.261,lock_stop,30
2024-04-30 05:15,2024-04-30 05:15,sell,2329.44,2331.77,2326.57,2331.77,-1.000,sl,15
2024-04-30 05:45,2024-04-30 07:30,sell,2329.22,2331.75,2326.05,2326.05,1.253,tp,120
2024-04-30 08:30,2024-04-30 09:00,sell,2324.42,2326.96,2321.23,2321.23,1.254,tp,45
2024-04-30 10:30,2024-04-30 11:15,sell,2316.77,2319.53,2313.25,2313.25,1.274,tp,60
2024-05-01 03:45,2024-05-01 06:45,sell,2287.62,2290.37,2284.12,2284.12,1.273,tp,195
2024-05-01 07:15,2024-05-01 07:30,sell,2282.29,2284.57,2279.49,2284.57,-1.000,sl,30
2024-05-01 10:45,2024-05-01 10:45,sell,2283.67,2286.05,2280.73,2286.05,-1.000,sl,15
2024-05-01 16:30,2024-05-01 17:00,buy,2301.35,2297.97,2305.79,2305.79,1.315,tp,45
2024-05-01 21:30,2024-05-01 21:30,buy,2313.67,2308.72,2320.47,2308.72,-1.000,sl,15
2024-05-01 22:00,2024-05-01 22:00,buy,2325.44,2319.35,2333.96,2319.35,-1.000,sl,15
2024-05-02 03:00,2024-05-02 05:45,buy,2324.03,2319.89,2329.61,2319.89,-1.000,sl,180
2024-05-02 11:30,2024-05-02 12:30,sell,2304.22,2307.87,2299.37,2299.37,1.329,tp,75
2024-05-02 13:15,2024-05-02 14:00,sell,2296.82,2300.51,2291.91,2300.51,-1.000,sl,60
2024-05-02 16:00,2024-05-02 16:00,sell,2294.25,2298.68,2288.23,2288.23,1.359,tp,15
2024-05-02 23:45,2024-05-02 23:45,sell,2301.36,2304.18,2297.76,2303.51,-0.764,eod,15
2024-05-03 03:30,2024-05-03 03:45,sell,2301.05,2302.97,2298.80,2302.97,-1.000,sl,30
2024-05-03 10:00,2024-05-03 10:15,sell,2298.21,2300.63,2295.20,2300.63,-1.000,sl,30
2024-05-03 14:15,2024-05-03 14:15,sell,2296.90,2299.56,2293.54,2299.56,-1.000,sl,15
2024-05-06 03:30,2024-05-06 03:30,sell,2292.05,2294.96,2288.31,2294.96,-1.000,sl,15
2024-05-06 04:30,2024-05-06 05:00,buy,2308.12,2304.07,2313.58,2313.58,1.346,tp,45
2024-05-06 09:00,2024-05-06 10:15,buy,2313.58,2311.00,2316.82,2316.82,1.258,tp,90
2024-05-06 10:45,2024-05-06 11:15,buy,2323.42,2320.41,2327.31,2320.41,-1.000,sl,45
2024-05-06 15:45,2024-05-06 15:45,buy,2324.82,2321.25,2329.55,2329.55,1.325,tp,15
2024-05-07 03:30,2024-05-07 04:15,buy,2328.04,2325.76,2330.83,2325.76,-1.000,sl,60
2024-05-07 11:15,2024-05-07 11:45,sell,2313.75,2316.76,2309.86,2316.76,-1.000,sl,45
2024-05-07 15:15,2024-05-07 15:15,sell,2311.55,2314.07,2308.39,2313.45,-0.753,lock_stop,15
2024-05-08 03:45,2024-05-08 04:15,sell,2313.56,2315.15,2311.80,2311.80,1.108,tp,45
2024-05-08 04:45,2024-05-08 04:45,sell,2310.13,2312.12,2307.77,2307.77,1.186,tp,15
2024-05-09 08:15,2024-05-09 08:30,buy,2316.69,2314.59,2319.21,2319.21,1.202,tp,30
2024-05-09 15:30,2024-05-09 15:30,buy,2318.05,2315.25,2321.62,2321.62,1.277,tp,15
2024-05-10 02:15,2024-05-10 04:00,buy,2347.72,2345.17,2350.91,2350.91,1.255,tp,120
2024-05-10 04:30,2024-05-10 04:30,buy,2354.11,2351.95,2356.73,2351.95,-1.000,sl,15
2024-05-10 07:00,2024-05-10 08:30,buy,2353.57,2350.49,2357.57,2357.57,1.297,tp,105
2024-05-10 09:15,2024-05-10 09:15,buy,2360.00,2357.37,2363.33,2362.45,0.930,lock_target,15
2024-05-13 04:15,2024-05-13 04:15,sell,2359.22,2361.31,2356.71,2356.71,1.201,tp,15
2024-05-13 07:15,2024-05-13 08:30,sell,2354.92,2357.55,2351.61,2351.61,1.262,tp,90
2024-05-14 03:45,2024-05-14 03:45,sell,2334.90,2336.45,2333.20,2336.45,-1.000,sl,15
2024-05-14 07:45,2024-05-14 08:15,buy,2344.95,2342.62,2347.81,2342.62,-1.000,sl,45
2024-05-14 08:45,2024-05-14 08:45,buy,2345.66,2343.68,2348.01,2343.68,-1.000,sl,15
2024-05-15 04:45,2024-05-15 06:00,buy,2357.60,2356.07,2359.27,2359.27,1.092,tp,90
2024-05-15 06:45,2024-05-15 07:30,buy,2360.77,2358.86,2363.01,2358.86,-1.000,sl,60
2024-05-15 10:15,2024-05-15 10:30,buy,2362.26,2360.18,2364.75,2364.75,1.199,tp,30
2024-05-15 11:30,2024-05-15 11:30,buy,2369.03,2366.48,2372.23,2372.23,1.255,tp,15
2024-05-16 02:15,2024-05-16 03:00,buy,2389.79,2387.41,2392.74,2392.74,1.238,tp,60
2024-05-16 03:30,2024-05-16 04:00,buy,2394.23,2391.97,2397.00,2391.97,-1.000,sl,45
2024-05-16 07:45,2024-05-16 09:00,buy,2391.63,2388.38,2395.89,2388.38,-1.000,sl,90
2024-05-16 16:00,2024-05-16 16:15,sell,2379.01,2382.53,2374.36,2374.36,1.322,tp,30
2024-05-16 16:45,2024-05-16 17:00,sell,2372.88,2377.42,2366.70,2377.42,-1.000,sl,30
2024-05-16 21:30,2024-05-16 22:00,sell,2378.59,2381.48,2374.88,2381.48,-1.000,sl,45
2024-05-16 23:00,2024-05-16 23:45,sell,2377.95,2380.24,2375.14,2376.72,0.537,eod,60
2024-05-17 04:15,2024-05-17 04:45,sell,2377.02,2378.53,2375.38,2378.53,-1.000,sl,45
2024-05-17 06:00,2024-05-17 06:15,sell,2374.96,2377.10,2372.38,2377.10,-1.000,sl,30
2024-05-17 09:30,2024-05-17 10:00,buy,2384.92,2382.85,2387.40,2387.40,1.198,tp,45
2024-05-17 14:00,2024-05-17 15:45,buy,2387.73,2384.83,2391.46,2391.46,1.285,tp,120
2024-05-17 16:15,2024-05-17 16:15,buy,2403.13,2399.69,2407.67,2399.69,-1.000,sl,15
2024-05-17 17:30,2024-05-17 17:45,buy,2406.02,2401.19,2412.64,2412.64,1.371,tp,30
2024-05-17 21:00,2024-05-17 23:30,buy,2414.56,2409.25,2421.90,2421.90,1.382,tp,165
2024-05-20 03:45,2024-05-20 04:00,buy,2424.26,2419.92,2430.14,2430.14,1.356,tp,30
2024-05-20 06:45,2024-05-20 08:30,buy,2437.80,2431.94,2445.97,2445.97,1.393,tp,120
2024-05-21 05:00,2024-05-21 05:30,sell,2420.27,2423.96,2415.36,2415.36,1.331,tp,45
2024-05-21 06:00,2024-05-21 06:15,sell,2413.54,2418.21,2407.16,2407.16,1.366,tp,30
2024-05-22 04:00,2024-05-22 04:00,sell,2420.28,2421.68,2418.80,2421.68,-1.000,sl,15
2024-05-22 06:00,2024-05-22 06:45,sell,2417.61,2420.43,2414.01,2414.01,1.278,tp,60
2024-05-22 11:30,2024-05-22 11:30,sell,2410.53,2414.02,2405.92,2414.02,-1.000,sl,15
2024-05-22 14:15,2024-05-22 14:30,sell,2413.28,2416.08,2409.70,2409.70,1.277,tp,30
2024-05-22 17:15,2024-05-22 17:15,sell,2393.36,2399.01,2385.52,2385.52,1.389,tp,15
2024-05-22 21:15,2024-05-22 21:15,sell,2385.85,2390.28,2379.83,2379.83,1.359,tp,15
2024-05-23 04:15,2024-05-23 04:15,sell,2375.45,2377.72,2372.67,2377.72,-1.000,sl,15
2024-05-23 08:45,2024-05-23 08:45,sell,2366.49,2369.36,2362.80,2362.80,1.283,tp,15
2024-05-23 15:45,2024-05-23 16:00,sell,2362.91,2365.89,2359.06,2365.89,-1.000,sl,30
2024-05-23 17:00,2024-05-23 17:00,sell,2358.38,2363.24,2351.72,2363.24,-1.000,sl,15
2024-05-23 17:30,2024-05-23 18:15,sell,2349.67,2355.58,2341.43,2341.43,1.394,tp,60
2024-05-23 20:30,2024-05-23 23:30,sell,2335.89,2341.93,2327.46,2327.46,1.396,tp,195
2024-05-24 03:30,2024-05-24 03:45,sell,2328.72,2330.92,2326.04,2330.92,-1.000,sl,30
2024-05-24 05:30,2024-05-24 05:30,sell,2325.83,2328.88,2321.88,2328.88,-1.000,sl,15
2024-05-24 16:30,2024-05-24 16:30,buy,2344.99,2341.24,2349.99,2341.24,-1.000,sl,15
2024-05-27 03:45,2024-05-27 04:00,sell,2334.85,2337.52,2331.48,2337.52,-1.000,sl,30
2024-05-27 06:00,2024-05-27 06:00,buy,2346.41,2343.82,2349.67,2343.82,-1.000,sl,15
2024-05-27 06:30,2024-05-27 06:30,buy,2347.66,2344.78,2351.35,2344.78,-1.000,sl,15
2024-05-28 04:45,2024-05-28 05:30,buy,2354.68,2352.61,2357.17,2352.61,-1.000,sl,60
2024-05-28 10:00,2024-05-28 10:00,sell,2341.59,2344.06,2338.51,2344.06,-1.000,sl,15
2024-05-28 11:15,2024-05-28 11:15,sell,2340.55,2343.48,2336.78,2341.59,-0.355,lock_stop,15
2024-05-29 11:00,2024-05-29 11:30,sell,2350.30,2353.01,2346.86,2346.86,1.269,tp,45
2024-05-29 12:00,2024-05-29 12:00,sell,2345.28,2348.55,2341.01,2341.01,1.309,tp,15
2024-05-30 03:15,2024-05-30 03:30,sell,2336.44,2338.14,2334.51,2334.51,1.133,tp,30
2024-05-30 04:45,2024-05-30 05:00,sell,2333.46,2335.73,2330.68,2335.73,-1.000,sl,30
2024-05-30 05:45,2024-05-30 06:15,sell,2329.39,2332.39,2325.52,2332.39,-1.000,sl,45
2024-05-30 08:45,2024-05-30 08:45,sell,2326.89,2330.04,2322.79,2322.79,1.301,tp,15
2024-05-30 13:15,2024-05-30 13:30,sell,2331.37,2334.86,2326.77,2334.86,-1.000,sl,30
2024-05-30 16:45,2024-05-30 18:15,buy,2346.40,2341.88,2352.56,2341.88,-1.000,sl,105
2024-05-30 20:00,2024-05-30 20:00,buy,2348.14,2344.44,2353.06,2346.43,-0.463,lock_stop,15
2024-05-31 09:45,2024-05-31 10:30,buy,2345.50,2342.86,2348.84,2342.86,-1.000,sl,60
2024-05-31 15:45,2024-05-31 15:45,buy,2352.71,2350.01,2356.13,2356.13,1.269,tp,15
2024-05-31 18:15,2024-05-31 21:45,sell,2331.47,2337.79,2322.61,2322.61,1.401,tp,225
2024-05-31 22:15,2024-05-31 22:45,sell,2321.21,2324.92,2316.27,2324.92,-1.000,sl,45
2024-06-03 06:30,2024-06-03 07:00,sell,2323.71,2326.17,2320.64,2320.64,1.246,tp,45
2024-06-03 08:45,2024-06-03 08:45,sell,2315.30,2318.13,2311.68,2318.13,-1.000,sl,15
2024-06-03 16:00,2024-06-03 16:00,buy,2334.32,2331.17,2338.42,2331.17,-1.000,sl,15
2024-06-03 17:15,2024-06-03 17:30,buy,2339.73,2335.73,2345.11,2345.11,1.344,tp,30
2024-06-03 19:45,2024-06-03 20:00,buy,2347.70,2342.59,2354.74,2354.74,1.378,tp,30
2024-06-03 23:45,2024-06-03 23:45,buy,2350.17,2347.64,2353.34,2350.45,0.111,lock_target,15
2024-06-04 01:15,2024-06-04 04:00,buy,2351.45,2349.14,2354.29,2349.14,-1.000,sl,180
2024-06-04 08:00,2024-06-04 09:30,buy,2349.62,2347.08,2352.80,2347.08,-1.000,sl,105
2024-06-04 11:45,2024-06-04 12:00,sell,2334.59,2337.63,2330.65,2330.65,1.295,tp,30
2024-06-04 14:30,2024-06-04 15:00,sell,2325.32,2328.83,2320.68,2328.83,-1.000,sl,45
2024-06-04 17:00,2024-06-04 17:00,sell,2323.71,2328.09,2317.76,2328.09,-1.000,sl,15
2024-06-05 04:15,2024-06-05 04:30,sell,2326.84,2328.24,2325.37,2328.24,-1.000,sl,30
2024-06-05 07:00,2024-06-05 08:00,buy,2337.51,2335.16,2340.41,2340.41,1.234,tp,75
2024-06-05 11:45,2024-06-05 11:45,buy,2335.33,2332.11,2339.54,2332.11,-1.000,sl,15
2024-06-05 15:30,2024-06-05 15:45,buy,2336.36,2333.58,2339.91,2339.91,1.275,tp,30
2024-06-05 17:45,2024-06-05 18:30,buy,2349.74,2344.45,2357.05,2357.05,1.382,tp,60
2024-06-06 04:15,2024-06-06 04:15,buy,2363.90,2361.98,2366.16,2361.98,-1.000,sl,15
2024-06-06 06:00,2024-06-06 06:15,buy,2374.68,2371.06,2379.48,2371.06,-1.000,sl,30
2024-06-06 16:45,2024-06-06 16:45,buy,2365.34,2361.38,2370.65,2361.38,-1.000,sl,15
2024-06-07 02:00,2024-06-07 03:45,buy,2377.25,2375.51,2379.24,2379.24,1.141,tp,120
2024-06-07 06:45,2024-06-07 07:15,buy,2379.83,2376.40,2384.35,2384.35,1.318,tp,45
2024-06-10 07:15,2024-06-10 08:30,sell,2293.84,2296.37,2290.67,2296.37,-1.000,sl,90
2024-06-10 09:30,2024-06-10 09:30,sell,2290.30,2292.92,2287.00,2292.92,-1.000,sl,15
2024-06-10 18:45,2024-06-10 18:45,buy,2308.79,2304.85,2314.07,2307.38,-0.358,lock_stop,15
2024-06-11 08:30,2024-06-11 09:15,sell,2300.83,2303.34,2297.70,2303.34,-1.000,sl,60
2024-06-11 12:30,2024-06-11 12:45,sell,2302.24,2304.94,2298.81,2304.94,-1.000,sl,30
2024-06-11 15:15,2024-06-11 15:15,buy,2311.59,2308.76,2315.20,2315.20,1.279,tp,15
2024-06-11 15:45,2024-06-11 16:00,buy,2318.70,2315.58,2322.76,2315.58,-1.000,sl,30
2024-06-11 21:00,2024-06-11 23:45,buy,2313.06,2309.96,2317.08,2316.73,1.184,eod,180
2024-06-12 06:30,2024-06-12 07:15,buy,2315.97,2313.44,2319.15,2313.44,-1.000,sl,60
2024-06-12 09:30,2024-06-12 10:00,buy,2316.23,2314.41,2318.34,2314.41,-1.000,sl,45
2024-06-12 15:45,2024-06-12 15:45,buy,2329.67,2326.43,2333.90,2333.90,1.307,tp,15
2024-06-12 16:15,2024-06-12 16:15,buy,2341.00,2337.04,2346.31,2337.04,-1.000,sl,15
2024-06-13 04:15,2024-06-13 04:15,sell,2315.47,2318.05,2312.22,2312.22,1.258,tp,15
2024-06-13 07:45,2024-06-13 09:00,sell,2309.44,2312.67,2305.23,2312.67,-1.000,sl,90
2024-06-13 14:30,2024-06-13 14:30,sell,2311.14,2314.00,2307.48,2307.48,1.281,tp,15
2024-06-13 19:00,2024-06-13 22:45,sell,2298.74,2306.80,2287.28,2303.44,-0.583,time,240
2024-06-14 02:30,2024-06-14 03:00,sell,2301.93,2303.14,2300.73,2303.14,-1.000,sl,45
2024-06-14 07:15,2024-06-14 07:30,sell,2303.56,2305.86,2300.73,2305.86,-1.000,sl,30
2024-06-14 11:00,2024-06-14 11:00,buy,2315.59,2312.72,2319.28,2319.28,1.283,tp,15
2024-06-14 13:00,2024-06-14 13:15,buy,2322.96,2319.69,2327.24,2327.24,1.309,tp,30
2024-06-14 14:00,2024-06-14 14:00,buy,2330.92,2327.20,2335.87,2327.20,-1.000,sl,15
2024-06-14 14:45,2024-06-14 14:45,buy,2335.83,2332.04,2340.89,2332.04,-1.000,sl,15
2024-06-14 20:30,2024-06-14 23:45,buy,2333.60,2329.33,2339.38,2332.60,-0.234,eod,210
2024-06-17 18:45,2024-06-17 19:15,sell,2311.24,2315.63,2305.27,2315.63,-1.000,sl,45
2024-06-18 03:45,2024-06-18 03:45,buy,2325.60,2324.00,2327.38,2324.00,-1.000,sl,15
2024-06-18 10:45,2024-06-18 11:00,sell,2316.51,2318.83,2313.65,2313.65,1.231,tp,30
2024-06-18 11:30,2024-06-18 12:15,sell,2311.52,2314.03,2308.39,2314.03,-1.000,sl,60
2024-06-18 13:30,2024-06-18 13:30,sell,2309.88,2312.34,2306.81,2306.81,1.246,tp,15
2024-06-18 18:45,2024-06-18 22:30,buy,2329.08,2323.01,2337.57,2329.52,0.072,time,240
2024-06-19 05:00,2024-06-19 06:30,buy,2330.42,2328.62,2332.50,2328.62,-1.000,sl,105
2024-06-19 09:00,2024-06-19 10:00,buy,2329.60,2328.18,2331.11,2331.11,1.061,tp,75
2024-06-19 11:15,2024-06-19 11:30,buy,2334.84,2332.92,2337.10,2332.92,-1.000,sl,30
2024-06-19 15:00,2024-06-19 15:15,buy,2330.75,2328.64,2333.28,2328.64,-1.000,sl,30
2024-06-20 04:15,2024-06-20 04:15,buy,2334.21,2332.48,2336.17,2332.48,-1.000,sl,15
2024-06-20 04:45,2024-06-20 05:00,buy,2337.71,2335.55,2340.33,2335.55,-1.000,sl,30
2024-06-20 07:30,2024-06-20 08:15,buy,2338.64,2335.87,2342.17,2342.17,1.274,tp,60
2024-06-20 08:45,2024-06-20 08:45,buy,2342.96,2340.77,2345.63,2340.77,-1.000,sl,15
2024-06-20 13:30,2024-06-20 14:30,buy,2337.62,2334.85,2341.15,2341.15,1.274,tp,75
2024-06-20 16:45,2024-06-20 17:00,buy,2345.45,2341.38,2350.92,2350.92,1.346,tp,30
2024-06-20 17:30,2024-06-20 17:45,buy,2355.83,2350.80,2362.75,2362.75,1.376,tp,30
2024-06-21 03:15,2024-06-21 03:30,buy,2362.50,2360.87,2364.33,2364.33,1.118,tp,30
2024-06-21 07:00,2024-06-21 08:45,buy,2362.43,2360.23,2365.11,2365.11,1.216,tp,120
2024-06-24 08:45,2024-06-24 09:15,sell,2323.84,2325.76,2321.58,2321.58,1.175,tp,45
2024-06-24 20:45,2024-06-24 23:45,buy,2332.72,2329.98,2336.21,2334.43,0.623,eod,195
2024-06-25 04:45,2024-06-25 05:00,sell,2324.61,2326.36,2322.61,2326.36,-1.000,sl,30
2024-06-25 13:15,2024-06-25 14:00,buy,2335.89,2333.06,2339.51,2333.06,-1.000,sl,60
2024-06-25 16:45,2024-06-25 16:45,sell,2320.92,2324.34,2316.42,2324.34,-1.000,sl,15
2024-06-26 04:00,2024-06-26 04:00,sell,2318.18,2320.26,2315.68,2320.26,-1.000,sl,15
2024-06-26 04:45,2024-06-26 04:45,sell,2314.31,2317.13,2310.70,2310.70,1.279,tp,15
2024-06-26 08:45,2024-06-26 09:00,sell,2313.93,2316.48,2310.74,2310.74,1.254,tp,30
2024-06-26 13:30,2024-06-26 14:15,sell,2308.14,2311.27,2304.07,2304.54,1.151,lock_target,60
2024-06-27 09:00,2024-06-27 09:00,sell,2297.32,2299.00,2295.43,2299.00,-1.000,sl,15
2024-06-27 12:00,2024-06-27 12:15,buy,2307.88,2305.17,2311.33,2311.33,1.270,tp,30
2024-06-27 13:15,2024-06-27 14:30,buy,2314.32,2311.62,2317.75,2317.75,1.269,tp,90
2024-06-27 15:15,2024-06-27 15:15,buy,2319.68,2316.76,2323.44,2316.76,-1.000,sl,15
2024-06-27 15:45,2024-06-27 16:30,buy,2323.22,2319.81,2327.71,2319.81,-1.000,sl,60
2024-06-27 17:15,2024-06-27 17:15,buy,2327.71,2323.30,2333.70,2323.30,-1.000,sl,15
2024-06-28 08:45,2024-06-28 08:45,buy,2324.77,2322.87,2326.99,2326.99,1.170,tp,15
2024-06-28 09:30,2024-06-28 09:30,buy,2327.90,2325.95,2330.20,2325.95,-1.000,sl,15
2024-06-28 11:30,2024-06-28 13:15,buy,2329.49,2327.08,2332.48,2332.48,1.241,tp,120
2024-06-28 13:45,2024-06-28 14:45,buy,2335.87,2333.30,2339.09,2333.30,-1.000,sl,75
2024-07-01 03:15,2024-07-01 03:30,sell,2322.30,2324.22,2320.05,2324.22,-1.000,sl,30
2024-07-01 07:45,2024-07-01 07:45,sell,2321.84,2323.88,2319.40,2323.88,-1.000,sl,15
2024-07-01 08:45,2024-07-01 08:45,sell,2318.98,2321.06,2316.48,2321.06,-1.000,sl,15
2024-07-02 03:15,2024-07-02 03:15,buy,2333.78,2332.58,2334.95,2332.58,-1.000,sl,15
2024-07-02 05:00,2024-07-02 05:15,buy,2334.27,2332.77,2335.89,2332.77,-1.000,sl,30
2024-07-02 10:30,2024-07-02 10:30,sell,2324.05,2326.27,2321.34,2326.27,-1.000,sl,15
2024-07-03 03:15,2024-07-03 03:45,buy,2331.82,2330.49,2333.20,2330.49,-1.000,sl,45
2024-07-03 07:00,2024-07-03 07:45,buy,2332.01,2330.05,2334.33,2334.33,1.181,tp,60
2024-07-03 09:45,2024-07-03 09:45,buy,2337.30,2335.32,2339.65,2339.65,1.185,tp,15
2024-07-03 10:15,2024-07-03 10:30,buy,2342.97,2340.62,2345.86,2340.62,-1.000,sl,30
2024-07-03 11:00,2024-07-03 12:15,buy,2345.66,2342.69,2349.49,2342.69,-1.000,sl,90
2024-07-03 15:45,2024-07-03 15:45,buy,2352.96,2349.50,2357.53,2349.50,-1.000,sl,15
2024-07-03 16:45,2024-07-03 16:45,buy,2357.66,2353.45,2363.35,2355.20,-0.585,lock_stop,15
2024-07-04 01:45,2024-07-04 04:00,buy,2358.07,2356.38,2359.98,2359.98,1.130,tp,150
2024-07-04 04:30,2024-07-04 05:00,buy,2361.79,2359.80,2364.15,2359.80,-1.000,sl,45
2024-07-04 11:00,2024-07-04 14:45,buy,2357.82,2355.39,2360.84,2358.45,0.259,time,240
2024-07-04 17:30,2024-07-04 17:45,buy,2360.66,2358.78,2362.86,2358.78,-1.000,sl,30
2024-07-05 01:30,2024-07-05 01:30,sell,2354.52,2355.91,2353.05,2355.91,-1.000,sl,15
2024-07-05 04:15,2024-07-05 04:15,buy,2359.93,2358.42,2361.57,2358.42,-1.000,sl,15
2024-07-05 05:30,2024-07-05 05:30,buy,2361.95,2360.11,2364.08,2361.61,-0.185,lock_stop,15
2024-07-08 04:15,2024-07-08 04:15,buy,2390.08,2387.72,2393.00,2387.72,-1.000,sl,15
2024-07-08 08:00,2024-07-08 08:30,buy,2385.22,2382.96,2387.98,2382.96,-1.000,sl,45
2024-07-08 11:45,2024-07-08 11:45,sell,2372.40,2375.31,2368.65,2372.81,-0.141,lock_stop,15
2024-07-09 05:15,2024-07-09 05:15,sell,2360.44,2362.45,2358.06,2362.45,-1.000,sl,15
2024-07-09 09:00,2024-07-09 10:15,sell,2364.32,2366.58,2361.55,2361.55,1.224,tp,90
2024-07-09 14:15,2024-07-09 14:45,sell,2360.47,2362.77,2357.64,2357.64,1.229,tp,45
2024-07-09 18:00,2024-07-09 18:45,sell,2354.65,2359.55,2347.92,2359.55,-1.000,sl,60
2024-07-10 04:30,2024-07-10 04:30,buy,2367.44,2365.80,2369.28,2369.28,1.119,tp,15
2024-07-10 08:45,2024-07-10 08:45,buy,2369.63,2367.85,2371.67,2367.85,-1.000,sl,15
2024-07-10 10:00,2024-07-10 10:15,buy,2372.17,2370.24,2374.43,2374.43,1.175,tp,30
2024-07-10 14:45,2024-07-10 15:15,buy,2377.23,2375.25,2379.58,2379.58,1.185,tp,45
2024-07-11 05:00,2024-07-11 05:00,buy,2376.11,2374.86,2377.35,2374.86,-1.000,sl,15
2024-07-11 05:45,2024-07-11 06:15,buy,2377.48,2376.01,2379.06,2379.06,1.075,tp,45
2024-07-11 07:30,2024-07-11 09:30,buy,2381.65,2379.86,2383.70,2379.86,-1.000,sl,135
2024-07-11 11:15,2024-07-11 11:15,buy,2383.55,2381.13,2386.55,2381.13,-1.000,sl,15
2024-07-11 12:15,2024-07-11 12:15,buy,2384.67,2381.78,2388.39,2382.94,-0.598,lock_stop,15
2024-07-12 10:30,2024-07-12 10:30,sell,2400.85,2403.32,2397.78,2403.32,-1.000,sl,15
2024-07-12 13:15,2024-07-12 15:30,sell,2401.83,2404.80,2398.00,2398.00,1.290,tp,150
2024-07-12 18:15,2024-07-12 22:00,buy,2412.06,2406.84,2419.27,2414.30,0.429,time,240
2024-07-15 04:15,2024-07-15 04:15,sell,2405.07,2407.58,2401.94,2407.58,-1.000,sl,15
2024-07-15 06:45,2024-07-15 08:45,buy,2411.61,2409.24,2414.54,2409.24,-1.000,sl,135
2024-07-15 14:00,2024-07-15 14:00,buy,2414.98,2412.35,2418.30,2418.30,1.262,tp,15
2024-07-15 17:15,2024-07-15 17:45,buy,2421.43,2417.43,2426.81,2426.81,1.344,tp,45
2024-07-15 18:15,2024-07-15 20:00,buy,2433.60,2429.09,2439.73,2429.09,-1.000,sl,120
2024-07-16 04:15,2024-07-16 04:30,buy,2425.05,2423.38,2426.93,2426.93,1.126,tp,30
2024-07-16 05:00,2024-07-16 05:45,buy,2427.50,2425.49,2429.90,2429.90,1.190,tp,60
2024-07-17 03:45,2024-07-17 03:45,buy,2472.92,2470.74,2475.56,2470.74,-1.000,sl,15
2024-07-17 04:45,2024-07-17 05:00,buy,2477.98,2474.81,2482.11,2482.11,1.303,tp,30
2024-07-17 10:45,2024-07-17 11:00,buy,2471.12,2467.51,2475.91,2475.91,1.327,tp,30
2024-07-17 16:15,2024-07-17 16:30,buy,2476.17,2472.23,2481.45,2472.23,-1.000,sl,30
2024-07-17 17:00,2024-07-17 17:00,buy,2483.12,2478.37,2489.62,2478.37,-1.000,sl,15
2024-07-17 19:30,2024-07-17 23:15,sell,2453.04,2461.00,2441.73,2457.51,-0.562,time,240
2024-07-18 06:45,2024-07-18 07:45,buy,2468.67,2465.65,2472.57,2465.65,-1.000,sl,75
2024-07-18 09:45,2024-07-18 10:00,buy,2470.57,2467.72,2474.22,2474.22,1.281,tp,30
2024-07-18 16:15,2024-07-18 16:45,sell,2461.09,2464.20,2457.06,2464.20,-1.000,sl,45
2024-07-18 19:45,2024-07-18 22:00,sell,2455.74,2460.23,2449.63,2449.63,1.361,tp,150
2024-07-19 03:00,2024-07-19 03:00,sell,2440.91,2442.85,2438.62,2438.62,1.178,tp,15
2024-07-19 04:15,2024-07-19 04:15,sell,2425.67,2429.12,2421.12,2421.12,1.319,tp,15
2024-07-22 09:00,2024-07-22 09:15,sell,2402.61,2405.25,2399.28,2399.28,1.263,tp,30
2024-07-22 15:00,2024-07-22 15:00,sell,2397.69,2400.73,2393.75,2394.74,0.969,lock_target,15
2024-07-23 02:00,2024-07-23 03:00,sell,2394.86,2396.49,2393.04,2396.49,-1.000,sl,75
2024-07-23 04:30,2024-07-23 04:45,buy,2403.44,2401.47,2405.76,2401.47,-1.000,sl,30
2024-07-23 08:30,2024-07-23 09:00,sell,2393.42,2395.88,2390.35,2390.35,1.246,tp,45
2024-07-23 09:30,2024-07-23 09:30,sell,2388.07,2390.73,2384.71,2390.73,-1.000,sl,15
2024-07-23 14:30,2024-07-23 14:30,buy,2410.01,2406.64,2414.44,2406.64,-1.000,sl,15
2024-07-24 03:15,2024-07-24 03:45,buy,2410.17,2408.57,2411.94,2408.57,-1.000,sl,45
2024-07-24 04:15,2024-07-24 04:15,buy,2412.19,2410.41,2414.23,2410.41,-1.000,sl,15
2024-07-24 05:30,2024-07-24 05:30,buy,2413.16,2410.38,2416.71,2411.21,-0.700,lock_stop,15
2024-07-25 01:15,2024-07-25 02:15,sell,2395.19,2398.62,2390.66,2398.62,-1.000,sl,75
2024-07-25 04:30,2024-07-25 04:30,sell,2387.63,2391.30,2382.75,2382.75,1.330,tp,15
2024-07-25 10:15,2024-07-25 10:15,sell,2366.63,2370.58,2361.33,2370.58,-1.000,sl,15
2024-07-25 14:45,2024-07-25 15:00,sell,2368.87,2373.01,2363.29,2363.29,1.349,tp,30
2024-07-25 17:15,2024-07-25 17:45,sell,2360.76,2367.68,2351.00,2367.68,-1.000,sl,45
2024-07-25 20:30,2024-07-25 21:30,sell,2354.25,2359.62,2346.83,2359.62,-1.000,sl,75
2024-07-26 04:15,2024-07-26 04:15,sell,2359.75,2361.83,2357.26,2361.83,-1.000,sl,15
2024-07-26 13:45,2024-07-26 14:00,buy,2374.76,2372.00,2378.28,2372.00,-1.000,sl,30
2024-07-26 16:45,2024-07-26 16:45,buy,2381.93,2378.01,2387.18,2381.19,-0.189,lock_stop,15
2024-07-29 01:15,2024-07-29 01:15,buy,2397.57,2394.59,2401.42,2401.42,1.291,tp,15
2024-07-29 03:45,2024-07-29 04:15,buy,2399.71,2396.31,2404.18,2396.31,-1.000,sl,45
2024-07-29 13:30,2024-07-29 14:00,buy,2395.05,2391.82,2399.27,2391.82,-1.000,sl,45
2024-07-29 16:15,2024-07-29 16:45,buy,2394.53,2391.03,2399.16,2391.03,-1.000,sl,45
2024-07-29 17:45,2024-07-29 18:15,sell,2380.83,2385.38,2374.63,2374.63,1.363,tp,45
2024-07-30 02:45,2024-07-30 03:00,sell,2380.76,2382.90,2378.17,2382.90,-1.000,sl,30
2024-07-30 04:15,2024-07-30 04:30,sell,2379.51,2381.59,2377.02,2377.02,1.199,tp,30
2024-07-30 08:45,2024-07-30 12:30,buy,2389.14,2386.72,2392.14,2389.17,0.012,time,240
2024-07-30 14:00,2024-07-30 14:30,buy,2391.77,2389.56,2394.47,2389.56,-1.000,sl,45
2024-07-30 16:30,2024-07-30 16:45,buy,2394.63,2391.67,2398.45,2391.67,-1.000,sl,30
2024-07-30 20:00,2024-07-30 20:00,buy,2399.96,2394.93,2406.88,2406.88,1.376,tp,15
2024-07-30 23:15,2024-07-30 23:45,buy,2409.71,2405.36,2415.62,2410.92,0.278,eod,45
2024-07-31 04:45,2024-07-31 04:45,buy,2411.20,2408.96,2413.93,2408.96,-1.000,sl,15
2024-07-31 06:15,2024-07-31 07:45,buy,2415.28,2411.73,2419.98,2419.98,1.324,tp,105
2024-07-31 09:30,2024-07-31 09:45,buy,2424.00,2420.17,2429.11,2420.17,-1.000,sl,30
2024-07-31 16:45,2024-07-31 17:15,buy,2424.82,2421.49,2429.19,2421.49,-1.000,sl,45
2024-07-31 20:15,2024-07-31 20:30,buy,2428.03,2424.39,2432.86,2426.23,-0.495,lock_stop,30
2024-08-01 04:15,2024-08-01 04:15,buy,2452.18,2449.82,2455.10,2455.10,1.235,tp,15
2024-08-01 15:30,2024-08-01 15:30,buy,2444.51,2441.35,2448.62,2448.62,1.302,tp,15
2024-08-02 03:30,2024-08-02 04:00,buy,2449.61,2447.06,2452.81,2447.06,-1.000,sl,45
2024-08-02 06:00,2024-08-02 08:45,buy,2455.74,2450.64,2462.77,2462.77,1.377,tp,180
2024-08-02 15:45,2024-08-02 15:45,buy,2471.05,2466.52,2477.22,2477.22,1.362,tp,15
2024-08-02 18:15,2024-08-02 18:15,sell,2413.22,2425.18,2395.91,2425.18,-1.000,sl,15
2024-08-05 03:15,2024-08-05 03:15,sell,2435.15,2439.45,2429.33,2429.33,1.355,tp,15
2024-08-05 09:30,2024-08-05 10:15,sell,2427.73,2433.94,2419.05,2433.94,-1.000,sl,60
2024-08-05 12:30,2024-08-05 13:45,sell,2421.67,2428.85,2411.53,2411.53,1.413,tp,90
2024-08-05 14:15,2024-08-05 14:15,sell,2406.36,2412.45,2397.85,2397.85,1.397,tp,15
2024-08-06 02:45,2024-08-06 03:00,sell,2406.46,2409.41,2402.65,2409.41,-1.000,sl,30
2024-08-06 06:00,2024-08-06 07:15,sell,2407.11,2411.56,2401.07,2411.56,-1.000,sl,90
2024-08-06 08:45,2024-08-06 08:45,sell,2405.42,2408.90,2400.82,2400.82,1.320,tp,15
2024-08-06 09:15,2024-08-06 09:15,sell,2396.63,2400.47,2391.50,2400.47,-1.000,sl,15
2024-08-06 15:45,2024-08-06 16:00,sell,2394.44,2398.61,2388.81,2398.61,-1.000,sl,30
2024-08-07 02:30,2024-08-07 02:45,sell,2385.99,2388.51,2382.83,2382.83,1.252,tp,30
2024-08-07 03:15,2024-08-07 03:30,sell,2382.38,2384.99,2379.09,2384.99,-1.000,sl,30
2024-08-07 12:15,2024-08-07 14:45,buy,2395.36,2392.04,2399.71,2399.71,1.312,tp,165
2024-08-07 21:45,2024-08-07 22:15,sell,2385.24,2389.47,2379.52,2389.47,-1.000,sl,45
2024-08-07 23:30,2024-08-07 23:45,sell,2382.66,2386.42,2377.65,2383.06,-0.106,eod,30
2024-08-08 09:30,2024-08-08 10:00,buy,2399.17,2395.92,2403.41,2395.92,-1.000,sl,45
2024-08-08 13:30,2024-08-08 13:30,buy,2399.95,2397.10,2403.60,2403.60,1.281,tp,15
2024-08-08 14:00,2024-08-08 14:00,buy,2405.48,2402.23,2409.72,2409.72,1.307,tp,15
2024-08-08 17:15,2024-08-08 17:15,buy,2418.53,2412.57,2426.84,2423.69,0.866,lock_target,15
2024-08-09 04:45,2024-08-09 05:30,buy,2425.91,2423.35,2429.12,2423.35,-1.000,sl,60
2024-08-09 10:30,2024-08-09 13:30,buy,2424.64,2421.89,2428.14,2428.14,1.273,tp,195
2024-08-09 14:00,2024-08-09 14:30,buy,2430.62,2427.74,2434.32,2427.74,-1.000,sl,45
2024-08-09 20:00,2024-08-09 21:00,buy,2434.63,2429.95,2441.03,2429.95,-1.000,sl,75
2024-08-12 01:30,2024-08-12 01:30,buy,2432.81,2430.48,2435.68,2430.48,-1.000,sl,15
2024-08-12 07:15,2024-08-12 07:45,buy,2429.91,2427.49,2432.92,2432.92,1.242,tp,45
2024-08-12 09:00,2024-08-12 10:00,buy,2434.81,2432.31,2437.94,2437.94,1.250,tp,75
2024-08-12 10:30,2024-08-12 10:45,buy,2438.92,2436.40,2442.08,2442.08,1.252,tp,30
2024-08-13 02:30,2024-08-13 03:00,buy,2474.26,2472.46,2476.34,2476.34,1.153,tp,45
2024-08-13 14:30,2024-08-13 15:30,buy,2464.66,2462.06,2467.93,2467.93,1.259,tp,75
2024-08-14 02:45,2024-08-14 03:00,sell,2463.39,2465.54,2460.79,2465.54,-1.000,sl,30
2024-08-14 04:15,2024-08-14 04:15,buy,2468.52,2466.66,2470.68,2470.68,1.164,tp,15
2024-08-14 05:45,2024-08-14 09:00,sell,2459.92,2462.97,2455.98,2462.97,-1.000,sl,210
2024-08-14 10:45,2024-08-14 11:30,buy,2470.78,2468.26,2473.93,2473.93,1.252,tp,60
2024-08-14 17:45,2024-08-14 19:30,sell,2448.75,2455.83,2438.76,2438.76,1.412,tp,120
2024-08-15 09:15,2024-08-15 09:15,buy,2457.65,2455.45,2460.32,2455.45,-1.000,sl,15
2024-08-15 13:15,2024-08-15 13:30,buy,2460.02,2457.97,2462.46,2457.97,-1.000,sl,30
2024-08-15 14:45,2024-08-15 15:00,buy,2461.71,2459.49,2464.42,2464.42,1.219,tp,30
2024-08-15 15:30,2024-08-15 15:30,buy,2467.02,2464.42,2470.30,2464.42,-1.000,sl,15
2024-08-15 22:00,2024-08-15 22:15,buy,2458.42,2455.99,2461.45,2461.45,1.243,tp,30
2024-08-16 02:45,2024-08-16 04:15,buy,2457.67,2455.73,2459.96,2459.96,1.178,tp,105
2024-08-16 10:30,2024-08-16 10:30,sell,2452.18,2454.12,2449.90,2454.12,-1.000,sl,15
2024-08-16 11:00,2024-08-16 11:15,buy,2462.11,2459.36,2465.61,2459.36,-1.000,sl,30
2024-08-16 13:15,2024-08-16 14:15,buy,2465.28,2462.20,2469.28,2469.28,1.297,tp,75
2024-08-16 15:00,2024-08-16 15:30,buy,2472.31,2469.22,2476.32,2476.32,1.298,tp,45
2024-08-16 16:00,2024-08-16 16:00,buy,2491.79,2487.25,2497.97,2487.25,-1.000,sl,15
2024-08-16 16:45,2024-08-16 17:00,buy,2494.17,2488.36,2502.26,2488.36,-1.000,sl,30
2024-08-16 19:30,2024-08-16 21:30,buy,2495.39,2488.66,2504.86,2504.86,1.407,tp,135
2024-08-16 23:00,2024-08-16 23:45,buy,2508.24,2504.53,2513.18,2507.46,-0.210,eod,60
2024-08-19 11:30,2024-08-19 11:45,buy,2506.20,2503.09,2510.23,2503.09,-1.000,sl,30
2024-08-19 19:45,2024-08-19 20:30,buy,2507.00,2502.01,2513.86,2502.01,-1.000,sl,60
2024-08-19 23:00,2024-08-19 23:00,buy,2505.65,2503.33,2508.50,2503.52,-0.920,lock_stop,15
2024-08-20 03:45,2024-08-20 04:00,buy,2506.26,2504.67,2508.02,2504.67,-1.000,sl,30
2024-08-20 07:45,2024-08-20 08:45,buy,2502.87,2500.23,2506.21,2500.23,-1.000,sl,75
2024-08-20 09:15,2024-08-20 09:15,sell,2497.73,2500.14,2494.73,2500.14,-1.000,sl,15
2024-08-21 04:30,2024-08-21 04:30,sell,2512.12,2514.14,2509.72,2514.14,-1.000,sl,15
2024-08-21 05:00,2024-08-21 05:15,buy,2516.97,2514.65,2519.82,2519.82,1.230,tp,30
2024-08-21 09:30,2024-08-21 09:30,buy,2519.28,2516.11,2523.41,2516.11,-1.000,sl,15
2024-08-21 12:00,2024-08-21 14:30,sell,2506.97,2510.64,2502.08,2510.64,-1.000,sl,165
2024-08-21 16:30,2024-08-21 16:30,sell,2506.11,2509.40,2501.80,2501.80,1.310,tp,15
2024-08-22 05:30,2024-08-22 07:30,sell,2502.94,2505.42,2499.85,2499.85,1.248,tp,135
2024-08-22 12:15,2024-08-22 12:15,sell,2501.28,2505.00,2496.32,2505.00,-1.000,sl,15
2024-08-22 14:45,2024-08-22 15:00,sell,2501.46,2504.54,2497.46,2497.46,1.297,tp,30
2024-08-22 16:30,2024-08-22 16:30,sell,2492.69,2496.91,2486.98,2486.98,1.352,tp,15
2024-08-23 11:15,2024-08-23 11:45,buy,2495.83,2493.33,2498.95,2498.95,1.250,tp,45
2024-08-23 12:30,2024-08-23 12:45,buy,2501.41,2498.79,2504.71,2498.79,-1.000,sl,30
2024-08-23 15:00,2024-08-23 15:15,buy,2501.71,2499.12,2504.97,2499.12,-1.000,sl,30
2024-08-23 17:15,2024-08-23 17:15,buy,2517.21,2512.80,2523.19,2512.80,-1.000,sl,15
2024-08-26 01:15,2024-08-26 01:30,buy,2514.42,2512.00,2517.43,2512.00,-1.000,sl,30
2024-08-26 02:15,2024-08-26 03:45,buy,2515.11,2512.71,2518.08,2512.71,-1.000,sl,105
2024-08-26 09:30,2024-08-26 09:30,buy,2513.91,2511.85,2516.38,2513.45,-0.223,lock_stop,15
2024-08-27 02:45,2024-08-27 03:30,sell,2515.84,2517.17,2514.47,2514.47,1.029,tp,60
2024-08-27 04:00,2024-08-27 04:00,sell,2512.81,2514.21,2511.33,2511.33,1.054,tp,15
2024-08-28 02:15,2024-08-28 02:30,buy,2527.31,2525.67,2529.15,2525.67,-1.000,sl,30
2024-08-28 07:45,2024-08-28 08:30,sell,2510.82,2513.49,2507.43,2507.43,1.266,tp,60
2024-08-28 09:00,2024-08-28 09:15,sell,2505.46,2508.22,2501.94,2508.22,-1.000,sl,30
2024-08-28 13:45,2024-08-28 14:45,sell,2504.70,2507.27,2501.48,2501.48,1.256,tp,75
2024-08-28 15:15,2024-08-28 15:30,sell,2498.79,2501.66,2495.11,2495.11,1.282,tp,30
2024-08-28 19:30,2024-08-28 20:30,sell,2498.65,2503.81,2491.54,2503.81,-1.000,sl,75
2024-08-29 03:30,2024-08-29 03:45,buy,2514.32,2512.03,2517.13,2512.03,-1.000,sl,30
2024-08-29 06:45,2024-08-29 08:45,buy,2515.79,2513.28,2518.93,2518.93,1.251,tp,135
2024-08-29 09:30,2024-08-29 09:30,buy,2521.02,2518.71,2523.86,2518.71,-1.000,sl,15
2024-08-29 13:00,2024-08-29 14:45,buy,2523.11,2519.64,2527.69,2519.64,-1.000,sl,120
2024-08-29 17:15,2024-08-29 17:15,buy,2520.59,2515.99,2526.87,2515.99,-1.000,sl,15
2024-08-30 06:30,2024-08-30 09:15,sell,2513.82,2516.27,2510.78,2516.27,-1.000,sl,180
2024-08-30 11:30,2024-08-30 11:45,buy,2525.84,2522.48,2530.25,2522.48,-1.000,sl,30
2024-08-30 15:30,2024-08-30 15:30,buy,2523.43,2520.21,2527.64,2520.21,-1.000,sl,15
2024-09-02 04:00,2024-09-02 04:00,sell,2501.15,2502.91,2499.13,2502.91,-1.000,sl,15
2024-09-02 04:45,2024-09-02 05:00,sell,2497.34,2499.84,2494.21,2494.21,1.250,tp,30
2024-09-02 05:30,2024-09-02 06:45,sell,2492.24,2495.29,2488.29,2495.29,-1.000,sl,90
2024-09-03 01:45,2024-09-03 03:30,sell,2497.72,2499.28,2496.00,2496.00,1.100,tp,120
2024-09-03 04:15,2024-09-03 04:15,sell,2491.70,2493.40,2489.78,2489.78,1.132,tp,15
2024-09-04 05:45,2024-09-04 06:30,buy,2496.00,2493.82,2498.64,2493.82,-1.000,sl,60
2024-09-04 10:00,2024-09-04 10:00,sell,2483.95,2486.32,2481.02,2486.32,-1.000,sl,15
2024-09-04 11:00,2024-09-04 11:30,sell,2481.84,2484.97,2477.77,2477.77,1.301,tp,45
2024-09-04 12:00,2024-09-04 12:30,sell,2472.95,2476.71,2467.93,2476.71,-1.000,sl,45
2024-09-04 23:45,2024-09-04 23:45,buy,2495.80,2493.92,2497.99,2495.44,-0.192,eod,15
2024-09-05 04:30,2024-09-05 04:30,buy,2498.22,2496.55,2500.09,2496.55,-1.000,sl,15
2024-09-05 08:45,2024-09-05 08:45,buy,2498.14,2496.48,2500.00,2500.00,1.123,tp,15
2024-09-05 09:15,2024-09-05 09:15,buy,2503.89,2501.79,2506.42,2506.42,1.202,tp,15
2024-09-05 11:15,2024-09-05 11:15,buy,2508.25,2505.20,2512.19,2512.19,1.295,tp,15
2024-09-06 06:00,2024-09-06 08:00,buy,2517.90,2516.11,2519.97,2519.97,1.152,tp,135
2024-09-06 08:30,2024-09-06 08:45,buy,2520.71,2519.11,2522.49,2519.11,-1.000,sl,30
2024-09-06 12:45,2024-09-06 13:00,buy,2519.82,2517.49,2522.69,2517.49,-1.000,sl,30
2024-09-06 15:45,2024-09-06 15:45,buy,2524.97,2520.99,2530.32,2520.99,-1.000,sl,15
2024-09-06 16:45,2024-09-06 16:45,sell,2505.38,2511.39,2496.98,2509.26,-0.645,lock_stop,15
2024-09-09 08:15,2024-09-09 08:30,sell,2496.38,2498.09,2494.45,2494.45,1.134,tp,30
2024-09-09 09:00,2024-09-09 09:00,sell,2487.57,2489.72,2484.97,2489.72,-1.000,sl,15
2024-09-09 09:30,2024-09-09 09:30,sell,2486.09,2488.51,2483.08,2488.51,-1.000,sl,15
2024-09-09 19:15,2024-09-09 23:00,buy,2502.03,2497.82,2507.72,2505.65,0.860,time,240
2024-09-09 23:45,2024-09-09 23:45,buy,2507.08,2504.78,2509.90,2506.22,-0.374,eod,15
2024-09-10 02:45,2024-09-10 03:00,buy,2507.73,2506.30,2509.24,2506.30,-1.000,sl,30
2024-09-10 09:15,2024-09-10 09:15,buy,2506.20,2504.47,2508.18,2504.47,-1.000,sl,15
2024-09-10 13:00,2024-09-10 13:15,buy,2506.13,2503.48,2509.47,2509.47,1.264,tp,30
2024-09-10 15:45,2024-09-10 15:45,buy,2510.57,2508.09,2513.66,2513.66,1.248,tp,15
2024-09-10 18:45,2024-09-10 19:00,buy,2516.38,2511.71,2522.76,2511.71,-1.000,sl,30
2024-09-10 21:45,2024-09-10 23:45,buy,2516.32,2513.43,2520.03,2516.54,0.076,eod,135
2024-09-11 02:30,2024-09-11 03:45,buy,2517.70,2516.29,2519.19,2516.29,-1.000,sl,90
2024-09-11 04:45,2024-09-11 04:45,buy,2520.34,2518.51,2522.46,2518.51,-1.000,sl,15
2024-09-11 08:15,2024-09-11 08:30,buy,2520.83,2518.83,2523.20,2519.82,-0.505,lock_stop,30
2024-09-12 03:30,2024-09-12 03:45,sell,2510.90,2512.23,2509.53,2512.23,-1.000,sl,30
2024-09-12 07:45,2024-09-12 08:45,buy,2517.40,2515.60,2519.47,2519.47,1.152,tp,75
2024-09-12 09:15,2024-09-12 09:30,buy,2520.82,2519.14,2522.72,2519.14,-1.000,sl,30
2024-09-12 13:15,2024-09-12 13:15,buy,2520.29,2518.07,2522.99,2518.07,-1.000,sl,15
2024-09-12 15:45,2024-09-12 15:45,buy,2527.79,2524.25,2532.47,2532.47,1.323,tp,15
2024-09-12 16:15,2024-09-12 16:15,buy,2538.26,2533.00,2545.53,2533.00,-1.000,sl,15
2024-09-12 16:45,2024-09-12 17:00,buy,2548.31,2541.82,2557.43,2543.18,-0.790,lock_stop,30
2024-09-13 03:45,2024-09-13 03:45,buy,2560.87,2559.05,2562.97,2559.05,-1.000,sl,15
2024-09-13 06:30,2024-09-13 09:00,buy,2567.42,2564.41,2571.31,2564.41,-1.000,sl,165
2024-09-13 11:00,2024-09-13 11:00,buy,2569.91,2566.86,2573.87,2569.75,-0.052,lock_stop,15
2024-09-16 03:15,2024-09-16 05:15,buy,2581.60,2579.59,2583.99,2583.99,1.189,tp,135
2024-09-16 06:00,2024-09-16 06:00,buy,2585.55,2583.52,2587.98,2587.98,1.193,tp,15
2024-09-17 03:00,2024-09-17 03:15,buy,2583.85,2582.56,2585.17,2582.56,-1.000,sl,30
2024-09-17 04:15,2024-09-17 04:30,sell,2579.31,2580.83,2577.66,2580.83,-1.000,sl,30
2024-09-17 05:15,2024-09-17 05:30,buy,2585.21,2583.34,2587.38,2583.62,-0.852,lock_stop,30
2024-09-18 08:00,2024-09-18 10:00,sell,2568.33,2570.69,2565.42,2570.69,-1.000,sl,135
2024-09-18 14:45,2024-09-18 14:45,buy,2580.05,2577.47,2583.29,2577.47,-1.000,sl,15
2024-09-18 21:00,2024-09-18 21:00,sell,2566.59,2569.85,2562.32,2569.85,-1.000,sl,15
2024-09-19 04:15,2024-09-19 04:15,sell,2553.71,2556.53,2550.10,2556.53,-1.000,sl,15
2024-09-19 04:45,2024-09-19 04:45,sell,2552.19,2555.11,2548.43,2555.11,-1.000,sl,15
2024-09-19 09:15,2024-09-19 09:15,buy,2577.30,2574.33,2581.14,2576.02,-0.430,lock_stop,15
2024-09-20 03:45,2024-09-20 04:00,buy,2588.23,2586.96,2589.51,2586.96,-1.000,sl,30
2024-09-20 05:15,2024-09-20 05:30,buy,2589.73,2587.93,2591.80,2591.80,1.153,tp,30
2024-09-20 09:15,2024-09-20 09:30,buy,2597.39,2595.25,2599.97,2599.97,1.208,tp,30
2024-09-20 10:00,2024-09-20 10:00,buy,2605.60,2602.95,2608.94,2608.94,1.264,tp,15
2024-09-23 05:45,2024-09-23 05:45,buy,2623.13,2620.78,2626.02,2626.02,1.234,tp,15
2024-09-23 06:15,2024-09-23 06:15,buy,2628.11,2625.43,2631.51,2630.75,0.984,lock_target,15
2024-09-24 04:15,2024-09-24 04:15,buy,2629.19,2627.55,2631.03,2627.55,-1.000,sl,15
2024-09-24 06:30,2024-09-24 06:30,buy,2632.26,2629.96,2635.08,2635.08,1.228,tp,15
2024-09-24 07:45,2024-09-24 08:15,buy,2636.67,2634.18,2639.78,2639.78,1.249,tp,45
2024-09-24 13:00,2024-09-24 13:15,buy,2630.93,2627.83,2634.95,2633.86,0.945,lock_target,30
2024-09-25 04:00,2024-09-25 04:15,buy,2660.98,2658.79,2663.63,2658.79,-1.000,sl,30
2024-09-25 05:30,2024-09-25 05:30,buy,2664.92,2661.96,2668.73,2661.96,-1.000,sl,15
2024-09-25 06:00,2024-09-25 06:00,buy,2670.27,2666.76,2674.90,2666.76,-1.000,sl,15
2024-09-26 04:15,2024-09-26 04:15,buy,2660.78,2658.74,2663.22,2658.74,-1.000,sl,15
2024-09-26 05:30,2024-09-26 05:30,buy,2661.66,2659.22,2664.70,2659.22,-1.000,sl,15
2024-09-26 07:00,2024-09-26 07:00,buy,2662.68,2660.12,2665.89,2661.27,-0.552,lock_stop,15
2024-09-27 06:45,2024-09-27 07:00,buy,2673.80,2670.99,2677.40,2670.99,-1.000,sl,30
2024-09-27 08:45,2024-09-27 09:00,sell,2662.53,2665.04,2659.38,2665.04,-1.000,sl,30
2024-09-27 12:15,2024-09-27 12:30,sell,2660.32,2663.73,2655.83,2663.10,-0.815,lock_stop,30
2024-09-30 05:00,2024-09-30 05:30,sell,2652.36,2655.68,2648.01,2655.68,-1.000,sl,45
2024-09-30 11:00,2024-09-30 11:00,sell,2650.61,2653.75,2646.53,2653.75,-1.000,sl,15
2024-09-30 12:15,2024-09-30 12:15,sell,2648.79,2652.29,2644.16,2650.31,-0.434,lock_stop,15
2024-10-01 08:30,2024-10-01 10:00,buy,2642.99,2640.73,2645.76,2645.76,1.224,tp,105
2024-10-01 13:15,2024-10-01 14:30,buy,2649.80,2647.22,2653.04,2647.22,-1.000,sl,90
2024-10-01 15:15,2024-10-01 15:45,buy,2654.47,2651.68,2658.02,2651.68,-1.000,sl,45
2024-10-01 16:45,2024-10-01 16:45,buy,2662.72,2658.44,2668.51,2668.51,1.354,tp,15
2024-10-01 19:45,2024-10-01 20:30,buy,2669.61,2662.35,2679.87,2662.35,-1.000,sl,60
2024-10-02 08:30,2024-10-02 08:30,sell,2649.05,2651.74,2645.65,2645.65,1.267,tp,15
2024-10-02 14:00,2024-10-02 14:15,sell,2648.82,2652.06,2644.59,2652.06,-1.000,sl,30
2024-10-02 15:30,2024-10-02 15:30,sell,2645.12,2648.24,2641.07,2648.24,-1.000,sl,15
2024-10-02 18:15,2024-10-02 18:15,sell,2641.41,2647.35,2633.13,2647.35,-1.000,sl,15
2024-10-02 22:45,2024-10-02 23:45,buy,2658.34,2655.91,2661.36,2658.67,0.136,eod,75
2024-10-03 02:15,2024-10-03 03:00,buy,2660.99,2659.27,2662.94,2659.27,-1.000,sl,60
2024-10-03 10:30,2024-10-03 10:30,sell,2648.57,2651.23,2645.21,2645.21,1.265,tp,15
2024-10-03 11:30,2024-10-03 12:30,sell,2642.86,2646.29,2638.34,2646.29,-1.000,sl,75
2024-10-03 16:00,2024-10-03 16:00,sell,2642.08,2645.85,2637.05,2645.85,-1.000,sl,15
2024-10-04 05:30,2024-10-04 06:15,buy,2661.46,2659.72,2663.45,2663.45,1.142,tp,60
2024-10-04 08:30,2024-10-04 09:15,buy,2666.95,2664.78,2669.58,2664.78,-1.000,sl,60
2024-10-04 14:45,2024-10-04 15:00,buy,2661.39,2659.20,2664.06,2659.20,-1.000,sl,30
2024-10-04 15:45,2024-10-04 15:45,sell,2640.62,2644.24,2635.82,2644.24,-1.000,sl,15
2024-10-04 19:45,2024-10-04 19:45,sell,2642.81,2650.20,2632.35,2645.34,-0.342,lock_stop,15
2024-10-07 05:00,2024-10-07 05:00,sell,2645.89,2648.28,2642.94,2648.28,-1.000,sl,15
2024-10-07 08:30,2024-10-07 08:45,sell,2643.02,2645.21,2640.36,2640.36,1.215,tp,30
2024-10-07 13:00,2024-10-07 15:15,buy,2656.86,2653.61,2661.12,2653.61,-1.000,sl,150
2024-10-07 21:45,2024-10-07 22:45,sell,2640.77,2644.15,2636.32,2644.15,-1.000,sl,75
2024-10-08 04:15,2024-10-08 04:45,sell,2640.92,2643.52,2637.65,2643.52,-1.000,sl,45
2024-10-08 05:45,2024-10-08 06:00,sell,2635.23,2638.95,2630.28,2638.95,-1.000,sl,30
2024-10-08 09:30,2024-10-08 09:45,sell,2640.81,2643.98,2636.68,2636.68,1.303,tp,30
2024-10-08 15:15,2024-10-08 15:15,buy,2652.38,2649.03,2656.78,2649.03,-1.000,sl,15
2024-10-08 17:15,2024-10-08 17:15,sell,2633.87,2639.08,2626.69,2626.69,1.380,tp,15
2024-10-08 17:45,2024-10-08 18:00,sell,2624.73,2630.68,2616.42,2616.42,1.395,tp,30
2024-10-08 18:30,2024-10-08 19:15,sell,2609.23,2616.04,2599.64,2616.04,-1.000,sl,60
2024-10-09 04:15,2024-10-09 04:15,sell,2620.04,2621.78,2618.05,2621.78,-1.000,sl,15
2024-10-09 06:15,2024-10-09 07:00,sell,2615.68,2618.33,2612.33,2618.33,-1.000,sl,60
2024-10-09 09:45,2024-10-09 09:45,sell,2612.01,2615.16,2607.92,2612.77,-0.242,lock_stop,15
2024-10-10 09:30,2024-10-10 09:30,buy,2616.05,2613.85,2618.73,2613.85,-1.000,sl,15
2024-10-10 15:45,2024-10-10 15:45,buy,2621.37,2618.08,2625.68,2625.68,1.310,tp,15
2024-10-10 22:15,2024-10-10 23:45,buy,2630.15,2626.08,2635.64,2630.05,-0.025,eod,105
2024-10-11 02:30,2024-10-11 02:30,buy,2632.67,2630.57,2635.19,2635.19,1.202,tp,15
2024-10-11 05:00,2024-10-11 05:00,buy,2638.01,2635.51,2641.14,2635.51,-1.000,sl,15
2024-10-11 05:30,2024-10-11 06:45,buy,2640.86,2637.88,2644.71,2644.71,1.290,tp,90
2024-10-11 15:00,2024-10-11 15:30,buy,2644.89,2642.28,2648.18,2642.28,-1.000,sl,45
2024-10-11 18:15,2024-10-11 22:00,buy,2657.30,2652.66,2663.63,2657.48,0.039,time,240
2024-10-14 06:00,2024-10-14 07:45,buy,2655.44,2652.28,2659.55,2659.55,1.302,tp,120
2024-10-14 09:30,2024-10-14 09:30,buy,2666.03,2663.41,2669.33,2663.41,-1.000,sl,15
2024-10-14 16:45,2024-10-14 16:45,buy,2659.33,2655.42,2664.57,2655.42,-1.000,sl,15
2024-10-14 18:00,2024-10-14 21:15,sell,2645.41,2650.24,2638.79,2650.24,-1.000,sl,210
2024-10-15 08:15,2024-10-15 09:00,sell,2641.41,2644.15,2637.92,2644.15,-1.000,sl,60
2024-10-15 13:30,2024-10-15 13:45,buy,2656.27,2653.18,2660.28,2653.18,-1.000,sl,30
2024-10-15 17:30,2024-10-15 19:00,buy,2659.62,2654.51,2666.65,2666.65,1.378,tp,105
2024-10-15 22:30,2024-10-15 22:30,buy,2666.33,2663.57,2669.85,2663.57,-1.000,sl,15
2024-10-16 04:15,2024-10-16 04:15,buy,2664.09,2662.37,2666.04,2662.37,-1.000,sl,15
2024-10-16 05:00,2024-10-16 05:15,buy,2668.29,2666.03,2671.06,2666.03,-1.000,sl,30
2024-10-16 08:45,2024-10-16 09:00,buy,2668.59,2666.33,2671.35,2671.35,1.223,tp,30
2024-10-16 09:30,2024-10-16 09:30,buy,2677.28,2674.38,2681.01,2674.38,-1.000,sl,15
2024-10-16 12:00,2024-10-16 12:15,buy,2679.68,2676.38,2684.01,2678.81,-0.263,lock_stop,30
2024-10-17 03:15,2024-10-17 03:30,buy,2675.68,2674.49,2676.85,2676.85,0.976,tp,30
2024-10-17 04:00,2024-10-17 04:00,buy,2678.15,2676.91,2679.38,2676.91,-1.000,sl,15
2024-10-17 04:45,2024-10-17 04:45,buy,2681.04,2679.34,2682.96,2682.96,1.132,tp,15
2024-10-17 08:30,2024-10-17 10:00,buy,2682.85,2679.92,2686.61,2679.92,-1.000,sl,105
2024-10-17 13:30,2024-10-17 14:45,buy,2687.11,2683.73,2691.55,2683.73,-1.000,sl,90
2024-10-17 17:00,2024-10-17 17:00,buy,2689.03,2684.85,2694.68,2684.85,-1.000,sl,15
2024-10-17 17:45,2024-10-17 18:00,buy,2694.54,2689.61,2701.30,2691.80,-0.556,lock_stop,30
2024-10-18 03:00,2024-10-18 03:30,buy,2693.95,2692.65,2695.27,2695.27,1.018,tp,45
2024-10-18 04:15,2024-10-18 04:15,buy,2697.61,2695.77,2699.75,2699.75,1.161,tp,15
2024-10-21 02:00,2024-10-21 03:45,buy,2723.83,2721.59,2726.56,2721.59,-1.000,sl,120
2024-10-21 04:15,2024-10-21 04:30,buy,2728.55,2725.68,2732.22,2725.68,-1.000,sl,30
2024-10-21 06:00,2024-10-21 06:00,buy,2731.02,2727.23,2736.08,2730.34,-0.180,lock_stop,15
2024-10-22 06:15,2024-10-22 07:00,buy,2731.74,2729.34,2734.72,2734.72,1.240,tp,60
2024-10-22 13:45,2024-10-22 14:15,buy,2738.85,2735.87,2742.69,2735.87,-1.000,sl,45
2024-10-22 16:30,2024-10-22 16:45,buy,2739.62,2735.96,2744.49,2735.96,-1.000,sl,30
2024-10-22 18:15,2024-10-22 18:30,buy,2744.16,2740.06,2749.69,2740.06,-1.000,sl,30
2024-10-22 20:00,2024-10-22 21:45,buy,2745.61,2741.82,2750.67,2744.64,-0.256,lock_stop,120
2024-10-23 06:45,2024-10-23 07:00,buy,2744.10,2741.49,2747.40,2747.40,1.261,tp,30
2024-10-23 07:30,2024-10-23 08:30,buy,2749.41,2746.48,2753.17,2752.37,1.012,lock_target,75
2024-10-24 09:30,2024-10-24 09:30,buy,2733.45,2731.05,2736.43,2736.43,1.240,tp,15
2024-10-24 10:15,2024-10-24 10:15,buy,2736.89,2734.36,2740.06,2734.36,-1.000,sl,15
2024-10-24 12:15,2024-10-24 15:30,buy,2738.16,2735.11,2742.11,2735.11,-1.000,sl,210
2024-10-24 16:30,2024-10-24 16:30,buy,2742.79,2739.76,2746.71,2739.76,-1.000,sl,15
2024-10-24 20:45,2024-10-24 20:45,buy,2737.14,2732.37,2743.67,2735.33,-0.380,lock_stop,15
2024-10-25 05:15,2024-10-25 05:30,sell,2728.88,2730.87,2726.52,2726.52,1.186,tp,30
2024-10-25 06:15,2024-10-25 06:15,sell,2724.37,2726.89,2721.22,2726.89,-1.000,sl,15
2024-10-25 11:15,2024-10-25 11:15,sell,2724.56,2727.33,2721.02,2721.02,1.275,tp,15
2024-10-25 17:45,2024-10-25 19:15,buy,2738.95,2734.05,2745.67,2734.05,-1.000,sl,105
2024-10-25 21:00,2024-10-25 22:00,buy,2744.54,2741.09,2749.10,2741.09,-1.000,sl,75
2024-10-25 23:30,2024-10-25 23:45,buy,2745.09,2742.59,2748.21,2747.39,0.922,eod,30
2024-10-28 08:15,2024-10-28 09:15,buy,2741.86,2738.88,2745.70,2738.88,-1.000,sl,75
2024-10-28 15:45,2024-10-28 19:30,buy,2742.23,2738.82,2746.72,2744.10,0.549,time,240
2024-10-29 02:00,2024-10-29 02:30,buy,2744.64,2743.06,2746.39,2746.39,1.105,tp,45
2024-10-29 03:15,2024-10-29 03:30,buy,2748.73,2746.74,2751.09,2751.09,1.186,tp,30
2024-10-30 02:15,2024-10-30 02:30,buy,2778.64,2776.98,2780.50,2776.98,-1.000,sl,30
2024-10-30 03:45,2024-10-30 04:15,buy,2780.62,2778.49,2783.19,2778.49,-1.000,sl,45
2024-10-30 07:30,2024-10-30 07:45,buy,2781.51,2779.13,2784.46,2784.46,1.238,tp,30
2024-10-30 08:15,2024-10-30 08:45,buy,2785.91,2783.36,2789.11,2789.11,1.255,tp,45
2024-10-30 12:15,2024-10-30 12:30,buy,2786.20,2783.24,2790.02,2783.24,-1.000,sl,30
2024-10-30 15:15,2024-10-30 15:15,buy,2787.33,2783.80,2792.00,2783.80,-1.000,sl,15
2024-10-30 17:45,2024-10-30 21:30,buy,2784.29,2778.22,2792.76,2784.64,0.058,time,240
2024-10-31 09:00,2024-10-31 09:15,sell,2779.51,2782.19,2776.12,2782.19,-1.000,sl,30
2024-10-31 12:15,2024-10-31 12:30,sell,2774.87,2777.77,2771.14,2777.77,-1.000,sl,30
2024-10-31 14:45,2024-10-31 15:00,sell,2774.01,2777.40,2769.55,2769.55,1.316,tp,30
2024-10-31 15:30,2024-10-31 15:30,sell,2767.03,2771.08,2761.58,2761.58,1.346,tp,15
2024-10-31 16:00,2024-10-31 16:00,sell,2755.08,2759.69,2748.79,2748.79,1.364,tp,15
2024-11-01 03:00,2024-11-01 03:00,sell,2744.82,2746.81,2742.46,2746.81,-1.000,sl,15
2024-11-01 09:15,2024-11-01 09:30,sell,2750.08,2752.41,2747.21,2747.21,1.232,tp,30
2024-11-01 12:30,2024-11-01 13:00,sell,2747.12,2750.51,2742.67,2750.51,-1.000,sl,45
2024-11-01 15:15,2024-11-01 15:15,buy,2761.30,2757.10,2766.98,2757.10,-1.000,sl,15
2024-11-01 19:30,2024-11-01 22:45,sell,2739.61,2744.97,2732.20,2735.84,0.704,eod,210
2024-11-04 07:45,2024-11-04 07:45,sell,2739.05,2741.43,2736.10,2741.43,-1.000,sl,15
2024-11-04 11:00,2024-11-04 11:15,sell,2733.10,2736.63,2728.43,2736.63,-1.000,sl,30
2024-11-04 16:00,2024-11-04 16:00,buy,2746.98,2743.64,2751.36,2745.83,-0.345,lock_stop,15
2024-11-05 02:15,2024-11-05 02:15,sell,2734.23,2735.82,2732.47,2735.82,-1.000,sl,15
2024-11-05 03:30,2024-11-05 03:30,sell,2733.43,2735.06,2731.61,2735.06,-1.000,sl,15
2024-11-05 04:45,2024-11-05 04:45,sell,2725.99,2728.56,2722.76,2728.56,-1.000,sl,15
2024-11-06 02:00,2024-11-06 02:00,buy,2745.96,2744.01,2748.27,2744.01,-1.000,sl,15
2024-11-06 03:45,2024-11-06 04:00,buy,2748.06,2744.39,2752.94,2744.39,-1.000,sl,30
2024-11-06 08:15,2024-11-06 08:15,sell,2732.32,2738.10,2724.28,2724.28,1.392,tp,15
2024-11-06 08:45,2024-11-06 08:45,sell,2703.97,2711.56,2693.21,2711.56,-1.000,sl,15
2024-11-06 11:45,2024-11-06 11:45,sell,2717.64,2728.12,2702.54,2724.65,-0.669,lock_stop,15
2024-11-07 03:15,2024-11-07 03:15,sell,2657.96,2660.95,2654.11,2654.11,1.291,tp,15
2024-11-07 15:15,2024-11-07 15:30,buy,2678.07,2674.14,2683.34,2683.34,1.341,tp,30
2024-11-08 02:15,2024-11-08 03:00,buy,2708.99,2705.01,2714.33,2705.01,-1.000,sl,60
2024-11-08 09:15,2024-11-08 09:30,sell,2683.04,2685.96,2679.28,2685.96,-1.000,sl,30
2024-11-08 16:00,2024-11-08 16:00,buy,2697.82,2693.74,2703.32,2703.32,1.347,tp,15
2024-11-08 19:00,2024-11-08 22:45,sell,2683.03,2689.00,2674.70,2685.02,-0.333,time,240
2024-11-11 03:15,2024-11-11 03:15,sell,2677.38,2680.22,2673.75,2673.75,1.280,tp,15
2024-11-11 04:45,2024-11-11 07:00,sell,2669.64,2673.30,2664.78,2673.30,-1.000,sl,150
2024-11-11 11:30,2024-11-11 12:00,sell,2665.25,2668.41,2661.13,2668.41,-1.000,sl,45
2024-11-11 13:00,2024-11-11 13:15,sell,2661.66,2665.64,2656.32,2665.64,-1.000,sl,30
2024-11-11 15:00,2024-11-11 15:30,sell,2656.99,2661.45,2650.93,2650.93,1.360,tp,45
2024-11-11 16:00,2024-11-11 16:15,sell,2635.24,2640.92,2627.34,2627.34,1.390,tp,30
2024-11-11 16:45,2024-11-11 17:00,sell,2619.84,2626.26,2610.84,2626.26,-1.000,sl,30
2024-11-11 19:30,2024-11-11 20:30,sell,2611.61,2617.17,2603.89,2617.17,-1.000,sl,75
2024-11-12 03:30,2024-11-12 03:30,sell,2619.06,2621.20,2616.47,2621.20,-1.000,sl,15
2024-11-12 06:00,2024-11-12 07:15,sell,2618.68,2621.87,2614.51,2614.51,1.304,tp,90
2024-11-12 07:45,2024-11-12 07:45,sell,2610.09,2613.27,2605.94,2605.94,1.304,tp,15
2024-11-12 09:45,2024-11-12 09:45,sell,2596.65,2601.73,2589.66,2601.73,-1.000,sl,15
2024-11-12 11:15,2024-11-12 14:00,sell,2594.10,2600.43,2585.23,2600.43,-1.000,sl,180
2024-11-12 17:30,2024-11-12 19:00,sell,2603.09,2609.54,2594.04,2594.04,1.403,tp,105
2024-11-13 05:00,2024-11-13 05:15,buy,2612.38,2609.38,2616.25,2609.38,-1.000,sl,30
2024-11-13 10:45,2024-11-13 13:30,buy,2609.16,2605.92,2613.39,2605.92,-1.000,sl,180
2024-11-13 18:45,2024-11-13 19:00,sell,2590.07,2596.89,2580.46,2580.46,1.408,tp,30
2024-11-13 19:30,2024-11-13 23:15,sell,2578.49,2585.46,2568.66,2575.96,0.363,time,240
2024-11-14 03:15,2024-11-14 03:45,sell,2567.69,2571.95,2561.92,2561.92,1.353,tp,45
2024-11-14 04:45,2024-11-14 05:15,sell,2559.19,2564.16,2552.37,2564.16,-1.000,sl,45
2024-11-14 07:45,2024-11-14 08:00,sell,2555.98,2559.32,2551.60,2559.32,-1.000,sl,30
2024-11-14 08:45,2024-11-14 09:00,sell,2554.84,2558.12,2550.54,2550.54,1.310,tp,30
2024-11-14 11:45,2024-11-14 11:45,sell,2543.46,2548.20,2536.97,2536.97,1.368,tp,15
2024-11-15 03:15,2024-11-15 03:30,buy,2570.23,2567.92,2573.07,2567.92,-1.000,sl,30
2024-11-15 08:15,2024-11-15 08:30,sell,2557.41,2560.05,2554.08,2560.05,-1.000,sl,30
2024-11-15 13:45,2024-11-15 13:45,buy,2572.34,2568.61,2577.31,2570.78,-0.419,lock_stop,15
2024-11-18 03:00,2024-11-18 03:15,buy,2576.81,2573.43,2581.25,2581.25,1.315,tp,30
2024-11-18 11:30,2024-11-18 11:45,buy,2591.93,2588.20,2596.90,2596.90,1.332,tp,30
2024-11-19 01:30,2024-11-19 03:00,buy,2612.58,2610.56,2614.98,2614.98,1.190,tp,105
2024-11-19 04:15,2024-11-19 04:30,buy,2618.60,2616.09,2621.74,2621.74,1.251,tp,30
2024-11-20 01:45,2024-11-20 02:15,buy,2635.02,2632.96,2637.48,2637.48,1.196,tp,45
2024-11-20 09:45,2024-11-20 09:45,sell,2624.11,2627.24,2620.03,2621.59,0.804,lock_target,15
2024-11-21 01:45,2024-11-21 02:30,buy,2652.03,2649.69,2654.91,2654.91,1.233,tp,60
2024-11-21 03:00,2024-11-21 03:00,buy,2658.68,2656.41,2661.46,2656.41,-1.000,sl,15
2024-11-21 06:45,2024-11-21 07:00,buy,2658.74,2655.83,2662.48,2655.83,-1.000,sl,30
2024-11-21 08:15,2024-11-21 09:15,buy,2659.74,2657.34,2662.71,2662.71,1.240,tp,75
2024-11-21 10:30,2024-11-21 11:00,buy,2667.00,2664.26,2670.48,2670.48,1.272,tp,45
2024-11-21 13:30,2024-11-21 14:00,buy,2673.28,2669.68,2678.06,2669.68,-1.000,sl,45
2024-11-21 20:00,2024-11-21 23:45,buy,2672.04,2667.20,2678.67,2669.41,-0.544,time,240
2024-11-22 02:30,2024-11-22 03:00,buy,2673.22,2671.20,2675.63,2675.63,1.191,tp,45
2024-11-22 04:15,2024-11-22 04:30,buy,2679.94,2677.45,2683.05,2683.05,1.249,tp,30
2024-11-25 01:30,2024-11-25 02:30,buy,2718.24,2713.51,2724.71,2713.51,-1.000,sl,75
2024-11-25 05:30,2024-11-25 07:45,sell,2671.26,2678.69,2660.75,2660.75,1.416,tp,150
2024-11-25 16:15,2024-11-25 16:15,sell,2660.77,2667.02,2652.01,2652.01,1.400,tp,15
2024-11-25 16:45,2024-11-25 16:45,sell,2634.10,2641.91,2623.01,2641.91,-1.000,sl,15
2024-11-25 18:00,2024-11-25 18:30,sell,2628.10,2637.72,2614.30,2637.72,-1.000,sl,45
2024-11-25 19:30,2024-11-25 23:15,sell,2624.64,2634.05,2611.16,2626.19,-0.165,time,240
2024-11-26 01:45,2024-11-26 01:45,sell,2609.18,2613.34,2603.56,2613.34,-1.000,sl,15
2024-11-26 07:15,2024-11-26 07:45,sell,2621.66,2625.04,2617.22,2625.04,-1.000,sl,45
2024-11-26 09:30,2024-11-26 09:45,sell,2615.98,2619.59,2611.19,2611.19,1.327,tp,30
2024-11-26 15:15,2024-11-26 15:15,buy,2641.80,2637.67,2647.36,2637.67,-1.000,sl,15
2024-11-26 20:15,2024-11-26 20:45,sell,2620.32,2624.61,2614.51,2622.61,-0.534,lock_stop,45
2024-11-27 04:15,2024-11-27 04:15,buy,2634.68,2631.88,2638.25,2638.25,1.277,tp,15
2024-11-27 04:45,2024-11-27 04:45,buy,2640.03,2636.93,2644.06,2636.93,-1.000,sl,15
2024-11-27 07:45,2024-11-27 07:45,buy,2645.40,2642.40,2649.27,2642.40,-1.000,sl,15
2024-11-27 09:00,2024-11-27 10:45,buy,2647.93,2644.78,2652.03,2652.03,1.301,tp,120
2024-11-27 14:00,2024-11-27 15:00,buy,2651.36,2647.99,2655.78,2647.99,-1.000,sl,75
2024-11-27 16:00,2024-11-27 16:00,buy,2656.51,2652.27,2662.24,2652.27,-1.000,sl,15
2024-11-27 21:30,2024-11-27 22:15,sell,2636.08,2639.70,2631.28,2638.37,-0.633,lock_stop,60
2024-11-28 03:15,2024-11-28 03:15,sell,2627.89,2630.45,2624.67,2624.67,1.256,tp,15
2024-11-28 11:00,2024-11-28 12:30,buy,2644.25,2640.76,2648.86,2648.86,1.321,tp,105
2024-11-29 03:00,2024-11-29 03:00,sell,2635.83,2637.73,2633.60,2637.73,-1.000,sl,15
2024-11-29 04:15,2024-11-29 04:15,buy,2656.66,2653.15,2661.30,2661.30,1.322,tp,15
2024-11-29 08:15,2024-11-29 08:15,buy,2666.28,2662.98,2670.60,2662.98,-1.000,sl,15
2024-11-29 12:00,2024-11-29 13:45,buy,2664.42,2660.49,2669.69,2660.49,-1.000,sl,120
2024-11-29 21:30,2024-11-29 21:30,sell,2649.23,2652.48,2644.97,2650.33,-0.338,lock_stop,15
2024-12-02 01:15,2024-12-02 01:30,sell,2648.11,2651.35,2643.87,2643.87,1.307,tp,30
2024-12-02 02:45,2024-12-02 02:45,sell,2632.56,2636.78,2626.86,2636.78,-1.000,sl,15
2024-12-02 03:30,2024-12-02 03:30,sell,2626.94,2632.28,2619.55,2632.28,-1.000,sl,15
2024-12-02 07:30,2024-12-02 07:45,sell,2624.15,2628.23,2618.66,2628.23,-1.000,sl,30
2024-12-02 16:15,2024-12-02 16:15,buy,2650.99,2645.92,2657.96,2647.80,-0.630,lock_stop,15
2024-12-03 02:30,2024-12-03 02:45,buy,2643.58,2640.79,2647.15,2640.79,-1.000,sl,30
2024-12-03 08:15,2024-12-03 08:15,buy,2645.78,2643.16,2649.08,2649.08,1.261,tp,15
2024-12-03 15:30,2024-12-03 15:45,buy,2646.62,2643.63,2650.49,2650.49,1.291,tp,30
2024-12-04 02:45,2024-12-04 03:00,sell,2640.51,2642.04,2638.83,2638.83,1.093,tp,30
2024-12-04 07:00,2024-12-04 09:15,buy,2648.66,2645.67,2652.52,2645.67,-1.000,sl,150
2024-12-04 15:00,2024-12-04 15:00,sell,2636.85,2639.94,2632.83,2632.83,1.298,tp,15
2024-12-04 16:30,2024-12-04 17:30,buy,2652.40,2647.33,2659.38,2655.62,0.635,lock_target,75
2024-12-05 07:45,2024-12-05 08:15,buy,2652.90,2650.16,2656.39,2650.16,-1.000,sl,45
2024-12-05 10:30,2024-12-05 12:00,sell,2644.52,2647.81,2640.22,2647.81,-1.000,sl,105
2024-12-05 14:00,2024-12-05 14:00,buy,2651.50,2648.61,2655.21,2650.42,-0.374,lock_stop,15
2024-12-06 03:00,2024-12-06 03:00,sell,2628.17,2629.92,2626.17,2629.92,-1.000,sl,15
2024-12-06 11:00,2024-12-06 11:15,buy,2644.51,2640.89,2649.31,2640.89,-1.000,sl,30
2024-12-06 16:15,2024-12-06 16:15,sell,2627.91,2633.00,2620.90,2629.69,-0.350,lock_stop,15
2024-12-09 02:45,2024-12-09 03:00,sell,2628.18,2632.64,2622.11,2632.64,-1.000,sl,30
2024-12-09 03:30,2024-12-09 04:30,buy,2649.23,2643.61,2657.03,2643.61,-1.000,sl,75
2024-12-09 08:15,2024-12-09 09:15,buy,2641.79,2638.06,2646.76,2646.76,1.332,tp,75
2024-12-09 09:45,2024-12-09 11:15,buy,2648.84,2645.61,2653.07,2653.07,1.307,tp,105
2024-12-09 12:00,2024-12-09 13:15,buy,2655.89,2652.69,2660.07,2660.07,1.305,tp,90
2024-12-09 15:45,2024-12-09 15:45,buy,2661.70,2658.09,2666.49,2665.54,1.063,lock_target,15
2024-12-10 03:00,2024-12-10 03:00,buy,2665.20,2663.02,2667.84,2663.02,-1.000,sl,15
2024-12-10 04:00,2024-12-10 05:45,buy,2667.72,2664.79,2671.49,2671.49,1.287,tp,120
2024-12-10 06:15,2024-12-10 08:00,buy,2672.40,2668.28,2677.96,2668.28,-1.000,sl,120
2024-12-10 12:30,2024-12-10 12:30,buy,2668.66,2665.53,2672.74,2672.74,1.301,tp,15
2024-12-10 14:15,2024-12-10 14:30,buy,2678.19,2674.42,2683.21,2674.42,-1.000,sl,30
2024-12-10 16:00,2024-12-10 16:30,buy,2680.63,2676.29,2686.51,2686.51,1.356,tp,45
2024-12-10 19:00,2024-12-10 22:45,buy,2692.38,2687.91,2698.46,2691.61,-0.172,time,240
2024-12-11 01:15,2024-12-11 01:45,buy,2694.97,2693.14,2697.09,2697.09,1.158,tp,45
2024-12-11 02:45,2024-12-11 03:00,buy,2700.47,2698.15,2703.32,2698.15,-1.000,sl,30
2024-12-11 12:15,2024-12-11 12:30,buy,2698.77,2694.04,2705.24,2694.04,-1.000,sl,30
2024-12-11 15:45,2024-12-11 16:30,buy,2700.70,2696.61,2706.21,2696.61,-1.000,sl,60
2024-12-11 17:00,2024-12-11 17:00,buy,2706.64,2701.98,2713.00,2713.00,1.366,tp,15
2024-12-11 17:45,2024-12-11 21:30,buy,2715.25,2710.00,2722.50,2719.27,0.766,time,240
2024-12-12 01:45,2024-12-12 02:45,buy,2719.57,2717.13,2722.61,2722.61,1.244,tp,75
2024-12-12 06:30,2024-12-12 08:45,buy,2713.03,2708.45,2719.27,2718.00,1.085,lock_target,150
2024-12-13 09:30,2024-12-13 10:45,sell,2682.59,2685.69,2678.56,2678.56,1.299,tp,90
2024-12-13 11:15,2024-12-13 11:45,sell,2672.62,2676.63,2667.22,2668.77,0.959,lock_target,45
2024-12-16 03:00,2024-12-16 03:00,sell,2646.81,2649.73,2643.05,2649.73,-1.000,sl,15
2024-12-16 07:15,2024-12-16 07:30,sell,2650.41,2652.78,2647.47,2652.78,-1.000,sl,30
2024-12-16 13:30,2024-12-16 13:30,buy,2662.83,2659.76,2666.80,2662.58,-0.082,lock_stop,15
2024-12-17 05:15,2024-12-17 05:15,sell,2652.24,2654.72,2649.14,2654.72,-1.000,sl,15
2024-12-17 08:30,2024-12-17 09:00,sell,2647.69,2650.51,2644.08,2650.51,-1.000,sl,45
2024-12-17 11:00,2024-12-17 11:30,sell,2643.87,2647.89,2638.46,2638.46,1.345,tp,45
2024-12-17 16:00,2024-12-17 16:15,sell,2636.83,2640.47,2631.99,2640.47,-1.000,sl,30
2024-12-17 23:00,2024-12-17 23:00,sell,2643.35,2645.68,2640.48,2644.19,-0.360,lock_stop,15
2024-12-18 02:00,2024-12-18 02:30,buy,2647.69,2645.97,2649.64,2649.64,1.136,tp,45
2024-12-18 03:00,2024-12-18 03:00,buy,2650.33,2648.43,2652.56,2648.43,-1.000,sl,15
2024-12-18 07:45,2024-12-18 08:00,buy,2648.26,2645.96,2651.09,2645.96,-1.000,sl,30
2024-12-18 10:15,2024-12-18 10:15,sell,2642.63,2644.90,2639.85,2644.90,-1.000,sl,15
2024-12-18 15:15,2024-12-18 15:15,sell,2642.98,2645.24,2640.21,2645.24,-1.000,sl,15
2024-12-19 08:15,2024-12-19 08:15,sell,2604.99,2608.68,2600.08,2608.68,-1.000,sl,15
2024-12-19 15:00,2024-12-19 15:30,sell,2605.83,2609.89,2600.36,2600.36,1.346,tp,45
2024-12-19 16:00,2024-12-19 17:30,sell,2596.12,2600.96,2589.49,2589.49,1.371,tp,105
2024-12-19 23:15,2024-12-19 23:45,sell,2594.91,2598.10,2590.75,2594.39,0.163,eod,45
2024-12-20 02:45,2024-12-20 03:00,sell,2591.86,2594.19,2588.99,2594.19,-1.000,sl,30
2024-12-20 09:15,2024-12-20 09:30,buy,2606.36,2603.58,2609.90,2603.58,-1.000,sl,30
2024-12-20 15:45,2024-12-20 15:45,buy,2609.03,2605.77,2613.29,2613.29,1.308,tp,15
2024-12-20 16:30,2024-12-20 17:00,buy,2615.33,2611.32,2620.72,2620.72,1.344,tp,45
2024-12-20 17:30,2024-12-20 17:45,buy,2624.53,2619.79,2631.01,2631.01,1.368,tp,30
2024-12-23 04:15,2024-12-23 08:00,buy,2625.79,2622.18,2630.58,2626.85,0.294,time,240
2024-12-23 08:45,2024-12-23 08:45,buy,2632.64,2630.04,2635.92,2630.04,-1.000,sl,15
2024-12-23 17:15,2024-12-23 18:30,sell,2612.03,2615.50,2607.45,2615.50,-1.000,sl,90
2024-12-24 07:00,2024-12-24 07:45,buy,2620.44,2618.43,2622.83,2618.43,-1.000,sl,60
2024-12-24 13:30,2024-12-24 13:45,sell,2612.85,2615.18,2609.98,2615.18,-1.000,sl,30
2024-12-24 17:00,2024-12-24 17:00,sell,2610.64,2613.48,2607.00,2612.76,-0.746,lock_stop,15
2024-12-26 01:30,2024-12-26 03:00,buy,2619.96,2617.33,2623.28,2623.28,1.262,tp,105
2024-12-26 03:30,2024-12-26 05:00,buy,2626.13,2623.55,2629.38,2628.50,0.918,lock_target,105
2024-12-27 05:45,2024-12-27 06:00,buy,2634.51,2632.17,2637.40,2632.17,-1.000,sl,30
2024-12-27 08:30,2024-12-27 08:30,buy,2636.63,2634.61,2639.03,2634.61,-1.000,sl,15
2024-12-27 11:15,2024-12-27 11:15,sell,2625.60,2628.52,2621.84,2627.20,-0.547,lock_stop,15
2024-12-30 05:30,2024-12-30 06:00,buy,2627.32,2624.74,2630.57,2624.74,-1.000,sl,45
2024-12-30 09:00,2024-12-30 09:45,sell,2618.94,2621.28,2616.05,2616.05,1.233,tp,60
2024-12-30 10:15,2024-12-30 10:45,sell,2615.09,2617.50,2612.10,2612.10,1.240,tp,45
2024-12-30 15:45,2024-12-30 15:45,sell,2612.99,2617.01,2607.58,2607.58,1.345,tp,15
2024-12-31 01:15,2024-12-31 01:30,sell,2603.99,2606.18,2601.33,2606.18,-1.000,sl,30
2024-12-31 06:00,2024-12-31 06:30,sell,2604.44,2606.43,2602.09,2606.43,-1.000,sl,45
2024-12-31 10:15,2024-12-31 10:15,buy,2614.51,2612.07,2617.54,2613.22,-0.530,lock_stop,15
2025-01-02 02:15,2025-01-02 03:00,buy,2626.02,2624.25,2628.05,2624.25,-1.000,sl,60
2025-01-02 03:30,2025-01-02 04:15,buy,2632.84,2630.37,2635.92,2635.92,1.247,tp,60
2025-01-02 07:30,2025-01-02 08:00,buy,2635.15,2632.94,2637.85,2632.94,-1.000,sl,45
2025-01-02 11:15,2025-01-02 12:00,buy,2638.47,2635.54,2642.23,2635.54,-1.000,sl,60
2025-01-02 12:30,2025-01-02 12:30,buy,2645.11,2641.45,2649.98,2644.00,-0.303,lock_stop,15
2025-01-03 02:15,2025-01-03 02:30,buy,2661.04,2659.00,2663.48,2659.00,-1.000,sl,30
2025-01-03 12:15,2025-01-03 12:30,buy,2656.92,2653.80,2660.97,2653.80,-1.000,sl,30
2025-01-03 13:00,2025-01-03 13:15,buy,2657.89,2654.86,2661.81,2656.86,-0.340,lock_stop,30
2025-01-06 06:15,2025-01-06 07:30,sell,2637.88,2641.02,2633.79,2633.79,1.301,tp,90
2025-01-06 08:30,2025-01-06 09:30,sell,2631.22,2634.13,2627.48,2627.48,1.285,tp,75
2025-01-07 02:30,2025-01-07 02:45,sell,2632.83,2634.32,2631.22,2634.32,-1.000,sl,30
2025-01-07 07:30,2025-01-07 08:00,buy,2643.54,2641.21,2646.41,2646.41,1.232,tp,45
2025-01-07 13:15,2025-01-07 13:15,buy,2645.14,2642.64,2648.27,2642.64,-1.000,sl,15
2025-01-07 14:00,2025-01-07 14:30,buy,2648.71,2646.12,2651.97,2651.97,1.259,tp,45
2025-01-07 15:15,2025-01-07 15:15,buy,2655.27,2652.28,2659.14,2659.14,1.291,tp,15
2025-01-07 15:45,2025-01-07 15:45,buy,2661.37,2657.83,2666.05,2662.45,0.305,lock_target,15
2025-01-08 02:30,2025-01-08 03:00,buy,2651.10,2649.20,2653.33,2649.20,-1.000,sl,45
2025-01-08 08:15,2025-01-08 09:00,buy,2651.26,2649.26,2653.63,2653.63,1.187,tp,60
2025-01-08 15:15,2025-01-08 15:15,buy,2655.63,2652.77,2659.30,2652.77,-1.000,sl,15
2025-01-08 16:00,2025-01-08 16:30,buy,2660.48,2656.78,2665.40,2665.40,1.331,tp,45
2025-01-08 19:00,2025-01-08 19:15,buy,2669.86,2665.51,2675.76,2665.51,-1.000,sl,30
2025-01-08 23:00,2025-01-08 23:45,buy,2663.65,2659.12,2669.83,2661.44,-0.487,eod,60
2025-01-09 05:45,2025-01-09 05:45,buy,2661.83,2659.45,2664.77,2659.45,-1.000,sl,15
2025-01-09 08:45,2025-01-09 10:00,buy,2664.32,2661.91,2667.30,2661.91,-1.000,sl,90
2025-01-09 12:45,2025-01-09 12:45,buy,2668.68,2665.51,2672.81,2667.51,-0.369,lock_stop,15
2025-01-10 04:30,2025-01-10 07:00,buy,2673.66,2671.71,2675.96,2671.71,-1.000,sl,165
2025-01-10 07:45,2025-01-10 08:45,buy,2675.58,2673.67,2677.81,2677.81,1.172,tp,75
2025-01-10 16:30,2025-01-10 16:30,buy,2689.34,2684.31,2696.25,2684.31,-1.000,sl,15
2025-01-10 17:30,2025-01-10 18:00,buy,2694.92,2688.04,2704.62,2688.04,-1.000,sl,45
2025-01-10 23:00,2025-01-10 23:30,buy,2690.89,2687.64,2695.14,2689.41,-0.456,lock_stop,45
2025-01-13 08:30,2025-01-13 09:15,buy,2690.64,2687.93,2694.07,2687.93,-1.000,sl,60
2025-01-13 12:15,2025-01-13 13:45,sell,2680.53,2684.25,2675.58,2675.58,1.332,tp,105
2025-01-13 14:15,2025-01-13 14:30,sell,2671.09,2675.00,2665.85,2665.85,1.340,tp,30
2025-01-13 18:00,2025-01-13 18:00,sell,2661.58,2667.05,2654.00,2667.05,-1.000,sl,15
2025-01-13 21:15,2025-01-13 22:30,sell,2657.24,2660.96,2652.28,2660.96,-1.000,sl,90
2025-01-14 06:45,2025-01-14 07:30,buy,2672.92,2670.30,2676.23,2670.30,-1.000,sl,60
2025-01-14 10:30,2025-01-14 10:45,buy,2673.23,2670.50,2676.70,2670.50,-1.000,sl,30
2025-01-14 15:45,2025-01-14 15:45,sell,2663.36,2667.20,2658.23,2667.20,-1.000,sl,15
2025-01-15 05:30,2025-01-15 07:45,buy,2675.40,2673.05,2678.30,2678.30,1.234,tp,150
2025-01-15 08:15,2025-01-15 10:00,buy,2681.76,2679.76,2684.13,2684.13,1.187,tp,120
2025-01-16 03:15,2025-01-16 03:45,buy,2699.45,2696.53,2703.20,2696.53,-1.000,sl,45
2025-01-16 09:15,2025-01-16 10:15,buy,2698.08,2695.73,2700.98,2700.98,1.234,tp,75
2025-01-16 11:30,2025-01-16 13:30,buy,2705.44,2701.86,2710.19,2710.19,1.326,tp,135
2025-01-16 15:45,2025-01-16 16:00,buy,2714.47,2710.65,2719.57,2716.17,0.446,lock_target,30
2025-01-17 11:30,2025-01-17 13:45,sell,2706.00,2708.59,2702.74,2708.59,-1.000,sl,150
2025-01-17 18:15,2025-01-17 19:00,buy,2716.67,2712.59,2722.16,2712.59,-1.000,sl,60
2025-01-17 22:00,2025-01-17 22:30,sell,2702.94,2705.67,2699.47,2703.62,-0.249,lock_stop,45
2025-01-20 01:30,2025-01-20 01:30,sell,2692.39,2695.72,2688.03,2695.72,-1.000,sl,15
2025-01-20 03:15,2025-01-20 03:15,sell,2689.87,2693.63,2684.85,2693.63,-1.000,sl,15
2025-01-20 08:30,2025-01-20 08:45,buy,2709.31,2706.96,2712.21,2712.21,1.234,tp,30
2025-01-20 12:30,2025-01-20 13:30,buy,2709.58,2706.39,2713.74,2706.39,-1.000,sl,75
2025-01-21 02:15,2025-01-21 02:45,buy,2711.41,2707.86,2716.11,2707.86,-1.000,sl,45
2025-01-21 03:30,2025-01-21 03:45,buy,2712.61,2708.87,2717.59,2717.59,1.333,tp,30
2025-01-21 04:15,2025-01-21 05:15,buy,2721.00,2716.79,2726.70,2726.70,1.352,tp,75
2025-01-21 07:00,2025-01-21 08:30,buy,2727.65,2723.72,2732.92,2723.72,-1.000,sl,105
2025-01-21 09:45,2025-01-21 10:00,buy,2731.92,2728.71,2736.10,2728.71,-1.000,sl,30
2025-01-21 14:30,2025-01-21 16:15,buy,2725.90,2722.18,2730.86,2730.86,1.332,tp,120
2025-01-21 16:45,2025-01-21 16:45,buy,2734.37,2730.67,2739.29,2738.11,1.012,lock_target,15
2025-01-22 02:45,2025-01-22 02:45,buy,2746.24,2744.01,2748.95,2748.95,1.219,tp,15
2025-01-22 06:30,2025-01-22 07:30,buy,2751.96,2749.46,2755.09,2755.09,1.250,tp,75
2025-01-23 11:30,2025-01-23 11:45,sell,2743.56,2746.26,2740.13,2746.26,-1.000,sl,30
2025-01-23 14:30,2025-01-23 15:15,sell,2745.24,2749.35,2739.70,2739.70,1.348,tp,60
2025-01-23 19:45,2025-01-23 21:45,buy,2758.83,2754.19,2765.16,2754.19,-1.000,sl,135
2025-01-24 01:45,2025-01-24 02:30,buy,2755.47,2753.22,2758.22,2758.22,1.222,tp,60
2025-01-24 03:15,2025-01-24 03:15,buy,2762.01,2759.95,2764.48,2759.95,-1.000,sl,15
2025-01-24 04:00,2025-01-24 04:00,buy,2762.51,2760.24,2765.30,2765.30,1.225,tp,15
2025-01-24 04:45,2025-01-24 05:00,buy,2772.91,2769.78,2776.98,2776.98,1.301,tp,30
2025-01-27 01:15,2025-01-27 02:45,sell,2767.61,2769.72,2765.07,2769.72,-1.000,sl,105
2025-01-27 03:45,2025-01-27 04:00,sell,2763.02,2766.27,2758.77,2758.77,1.308,tp,30
2025-01-27 07:30,2025-01-27 08:15,sell,2755.13,2758.47,2750.75,2750.75,1.313,tp,60
2025-01-27 09:30,2025-01-27 09:30,sell,2748.44,2751.32,2744.75,2751.32,-1.000,sl,15
2025-01-27 14:00,2025-01-27 14:00,buy,2771.41,2767.31,2776.93,2767.31,-1.000,sl,15
2025-01-27 15:45,2025-01-27 15:45,sell,2752.68,2757.15,2746.60,2757.15,-1.000,sl,15
2025-01-27 16:30,2025-01-27 16:30,sell,2750.53,2755.29,2744.02,2753.51,-0.627,lock_stop,15
2025-01-28 08:45,2025-01-28 09:15,sell,2739.31,2741.48,2736.67,2741.48,-1.000,sl,45
2025-01-28 10:00,2025-01-28 10:30,sell,2738.32,2740.59,2735.54,2735.54,1.224,tp,45
2025-01-28 15:15,2025-01-28 16:00,buy,2747.02,2744.69,2749.89,2749.89,1.232,tp,60
2025-01-28 16:30,2025-01-28 17:00,buy,2754.22,2751.61,2757.52,2751.61,-1.000,sl,45
2025-01-28 18:15,2025-01-28 20:30,buy,2757.67,2754.56,2761.72,2761.72,1.299,tp,150
2025-01-28 21:30,2025-01-28 23:45,buy,2764.38,2761.89,2767.48,2763.17,-0.487,eod,150
2025-01-29 02:45,2025-01-29 05:15,buy,2764.66,2763.06,2766.43,2763.06,-1.000,sl,165
2025-01-29 10:30,2025-01-29 11:00,buy,2764.64,2762.40,2767.38,2762.40,-1.000,sl,45
2025-01-29 15:30,2025-01-29 15:30,sell,2754.66,2757.16,2751.54,2757.16,-1.000,sl,15
2025-01-30 02:30,2025-01-30 06:15,buy,2761.39,2758.94,2764.44,2762.19,0.327,time,240
2025-01-30 09:00,2025-01-30 09:45,buy,2765.86,2763.71,2768.46,2768.46,1.209,tp,60
2025-01-30 10:15,2025-01-30 10:15,buy,2771.17,2768.71,2774.24,2772.67,0.609,lock_target,15
2025-01-31 09:30,2025-01-31 09:30,buy,2800.00,2797.65,2802.89,2797.65,-1.000,sl,15
2025-01-31 13:30,2025-01-31 14:00,buy,2796.81,2793.75,2800.77,2800.77,1.296,tp,45
2025-01-31 14:30,2025-01-31 16:45,buy,2805.60,2802.51,2809.61,2809.61,1.298,tp,150
2025-01-31 17:15,2025-01-31 17:15,buy,2815.89,2812.01,2821.09,2812.01,-1.000,sl,15
2025-01-31 19:45,2025-01-31 19:45,buy,2814.06,2808.85,2821.24,2808.85,-1.000,sl,15
2025-02-03 01:30,2025-02-03 01:30,sell,2791.59,2796.63,2784.65,2784.65,1.376,tp,15
2025-02-03 03:30,2025-02-03 04:15,sell,2782.24,2788.90,2772.88,2778.11,0.620,lock_target,60
2025-02-04 02:45,2025-02-04 03:15,buy,2816.15,2813.31,2819.79,2819.79,1.280,tp,45
2025-02-04 03:45,2025-02-04 04:15,buy,2823.12,2820.02,2827.14,2820.02,-1.000,sl,45
2025-02-04 10:30,2025-02-04 10:30,buy,2817.33,2813.39,2822.61,2813.39,-1.000,sl,15
2025-02-04 11:45,2025-02-04 12:30,buy,2819.65,2815.42,2825.37,2815.42,-1.000,sl,60
2025-02-04 14:30,2025-02-04 15:00,buy,2819.61,2816.52,2823.62,2823.62,1.298,tp,45
2025-02-04 15:30,2025-02-04 15:45,buy,2835.38,2831.59,2840.44,2831.59,-1.000,sl,30
2025-02-04 16:30,2025-02-04 17:00,buy,2837.57,2833.14,2843.59,2843.59,1.359,tp,45
2025-02-05 02:30,2025-02-05 02:30,buy,2843.16,2841.14,2845.57,2845.57,1.191,tp,15
2025-02-05 04:15,2025-02-05 04:30,buy,2852.64,2848.86,2857.68,2848.86,-1.000,sl,30
2025-02-05 06:15,2025-02-05 09:45,buy,2857.85,2853.49,2863.77,2863.77,1.357,tp,225
2025-02-05 10:15,2025-02-05 10:30,buy,2865.30,2862.13,2869.43,2869.43,1.303,tp,30
2025-02-06 04:00,2025-02-06 05:15,buy,2871.64,2868.03,2876.43,2868.03,-1.000,sl,90
2025-02-06 10:00,2025-02-06 10:15,sell,2855.63,2858.97,2851.25,2851.25,1.313,tp,30
2025-02-06 16:00,2025-02-06 16:45,sell,2856.44,2860.58,2850.85,2850.85,1.349,tp,60
2025-02-07 03:30,2025-02-07 03:30,buy,2863.18,2861.10,2865.67,2865.67,1.199,tp,15
2025-02-07 11:15,2025-02-07 12:15,buy,2868.11,2864.80,2872.46,2864.80,-1.000,sl,75
2025-02-07 16:30,2025-02-07 17:00,buy,2873.86,2868.50,2881.28,2881.28,1.383,tp,45
2025-02-07 17:30,2025-02-07 18:00,buy,2883.13,2876.71,2892.14,2876.71,-1.000,sl,45
2025-02-10 03:15,2025-02-10 03:30,buy,2871.23,2867.32,2876.47,2867.32,-1.000,sl,30
2025-02-10 06:00,2025-02-10 08:00,buy,2875.76,2872.32,2880.30,2880.30,1.319,tp,135
2025-02-10 08:30,2025-02-10 08:45,buy,2884.89,2882.17,2888.34,2888.34,1.270,tp,30
2025-02-10 09:30,2025-02-10 09:45,buy,2892.54,2889.44,2896.56,2895.45,0.939,lock_target,30
2025-02-11 01:15,2025-02-11 01:30,buy,2911.59,2909.11,2914.69,2914.69,1.248,tp,30
2025-02-11 03:00,2025-02-11 03:00,buy,2922.86,2919.29,2927.59,2927.59,1.325,tp,15
2025-02-12 02:45,2025-02-12 02:45,sell,2893.14,2895.72,2889.90,2889.90,1.257,tp,15
2025-02-12 12:00,2025-02-12 12:30,sell,2886.53,2890.46,2881.27,2881.27,1.341,tp,45
2025-02-13 02:00,2025-02-13 03:15,buy,2906.03,2903.44,2909.29,2903.44,-1.000,sl,90
2025-02-13 05:30,2025-02-13 07:00,buy,2915.34,2911.80,2920.02,2920.02,1.323,tp,105
2025-02-13 07:30,2025-02-13 07:45,buy,2922.65,2919.68,2926.49,2919.68,-1.000,sl,30
2025-02-13 17:15,2025-02-13 18:45,buy,2919.05,2913.66,2926.51,2913.66,-1.000,sl,105
2025-02-13 21:00,2025-02-13 23:45,buy,2924.38,2920.51,2929.57,2928.34,1.022,eod,180
2025-02-14 01:30,2025-02-14 02:00,buy,2931.14,2928.58,2934.36,2928.58,-1.000,sl,45
2025-02-14 07:45,2025-02-14 08:15,buy,2930.02,2927.30,2933.47,2933.47,1.270,tp,45
2025-02-14 08:45,2025-02-14 08:45,buy,2936.73,2933.79,2940.52,2933.79,-1.000,sl,15
2025-02-14 12:30,2025-02-14 12:45,buy,2939.29,2935.85,2943.83,2935.85,-1.000,sl,30
2025-02-14 17:30,2025-02-14 17:30,sell,2899.91,2907.08,2889.78,2905.47,-0.775,lock_stop,15
2025-02-17 08:00,2025-02-17 08:00,sell,2895.70,2899.40,2890.78,2890.78,1.331,tp,15
2025-02-17 08:30,2025-02-17 08:30,sell,2889.38,2893.32,2884.09,2893.32,-1.000,sl,15
2025-02-17 18:45,2025-02-17 18:45,sell,2896.65,2899.80,2892.55,2899.80,-1.000,sl,15
2025-02-18 03:15,2025-02-18 03:30,sell,2896.35,2898.31,2894.03,2894.03,1.182,tp,30
2025-02-18 05:15,2025-02-18 07:00,buy,2908.90,2905.41,2913.51,2913.51,1.321,tp,120
2025-02-19 03:45,2025-02-19 03:45,buy,2936.19,2933.65,2939.38,2939.38,1.254,tp,15
2025-02-19 07:45,2025-02-19 08:00,buy,2931.53,2928.29,2935.76,2935.76,1.307,tp,30
2025-02-20 02:15,2025-02-20 03:15,buy,2939.36,2936.79,2942.59,2936.79,-1.000,sl,75
2025-02-20 05:15,2025-02-20 06:00,buy,2943.97,2940.48,2948.58,2940.48,-1.000,sl,60
2025-02-20 07:30,2025-02-20 07:30,buy,2945.04,2942.04,2948.91,2943.92,-0.374,lock_stop,15
2025-02-21 03:45,2025-02-21 03:45,sell,2936.34,2939.78,2931.80,2931.80,1.318,tp,15
2025-02-21 10:15,2025-02-21 10:15,sell,2923.66,2927.65,2918.30,2918.30,1.343,tp,15
2025-02-24 01:15,2025-02-24 02:15,buy,2939.56,2936.08,2944.15,2936.08,-1.000,sl,75
2025-02-24 05:15,2025-02-24 06:00,buy,2942.72,2938.16,2948.94,2938.16,-1.000,sl,60
2025-02-24 09:45,2025-02-24 09:45,buy,2944.12,2940.55,2948.85,2943.84,-0.078,lock_stop,15
2025-02-25 10:00,2025-02-25 10:15,sell,2931.46,2934.67,2927.26,2934.67,-1.000,sl,30
2025-02-25 14:30,2025-02-25 14:30,sell,2934.16,2937.37,2929.98,2929.98,1.305,tp,15
2025-02-25 17:30,2025-02-25 18:00,sell,2909.93,2917.00,2899.95,2899.95,1.412,tp,45
2025-02-26 06:30,2025-02-26 07:15,sell,2914.99,2919.34,2909.09,2919.34,-1.000,sl,60
2025-02-26 08:15,2025-02-26 09:30,sell,2910.25,2914.08,2905.12,2914.08,-1.000,sl,90
2025-02-26 14:30,2025-02-26 14:30,sell,2910.77,2913.59,2907.16,2913.59,-1.000,sl,15
2025-02-27 01:45,2025-02-27 02:00,buy,2920.29,2917.99,2923.11,2917.99,-1.000,sl,30
2025-02-27 05:00,2025-02-27 06:30,sell,2906.50,2909.99,2901.90,2901.90,1.321,tp,105
2025-02-27 07:00,2025-02-27 07:15,sell,2897.12,2900.89,2892.09,2892.09,1.334,tp,30
2025-02-27 10:15,2025-02-27 10:15,sell,2884.92,2890.11,2877.76,2882.13,0.537,lock_target,15
2025-02-28 04:00,2025-02-28 05:15,sell,2874.57,2877.93,2870.15,2870.15,1.314,tp,90
2025-02-28 05:45,2025-02-28 06:15,sell,2863.53,2868.17,2857.19,2857.19,1.365,tp,45
2025-03-03 11:00,2025-03-03 11:30,buy,2868.81,2865.05,2873.83,2865.05,-1.000,sl,45
2025-03-03 13:00,2025-03-03 14:30,buy,2872.18,2868.26,2877.44,2877.44,1.341,tp,105
2025-03-03 16:45,2025-03-03 17:00,buy,2878.56,2874.55,2883.94,2874.55,-1.000,sl,30
2025-03-03 17:30,2025-03-03 17:30,buy,2889.44,2884.38,2896.41,2884.38,-1.000,sl,15
2025-03-03 18:45,2025-03-03 19:15,buy,2892.65,2887.34,2900.00,2887.34,-1.000,sl,45
2025-03-04 05:30,2025-03-04 06:00,buy,2892.15,2887.97,2897.79,2887.97,-1.000,sl,45
2025-03-04 09:30,2025-03-04 10:00,buy,2899.49,2896.01,2904.08,2904.08,1.320,tp,45
2025-03-04 10:30,2025-03-04 11:15,buy,2914.06,2909.34,2920.51,2920.51,1.368,tp,60
2025-03-04 14:30,2025-03-04 14:45,buy,2922.93,2918.99,2928.21,2924.80,0.475,lock_target,30
2025-03-05 08:00,2025-03-05 08:30,buy,2918.99,2915.10,2924.20,2915.10,-1.000,sl,45
2025-03-05 14:30,2025-03-05 14:30,buy,2918.70,2914.50,2924.37,2914.50,-1.000,sl,15
2025-03-05 18:30,2025-03-05 18:30,buy,2928.78,2920.45,2940.65,2928.17,-0.073,lock_stop,15
2025-03-06 03:45,2025-03-06 03:45,buy,2922.82,2920.66,2925.44,2925.44,1.211,tp,15
2025-03-06 08:15,2025-03-06 09:00,buy,2922.41,2919.45,2926.22,2919.45,-1.000,sl,60
2025-03-06 10:00,2025-03-06 10:00,sell,2909.93,2913.57,2905.09,2905.09,1.328,tp,15
2025-03-06 10:45,2025-03-06 11:15,sell,2904.30,2908.64,2898.41,2899.96,0.999,lock_target,45
2025-03-07 02:15,2025-03-07 02:15,sell,2899.40,2903.29,2894.20,2903.29,-1.000,sl,15
2025-03-07 09:45,2025-03-07 10:00,buy,2915.22,2912.30,2918.98,2918.98,1.286,tp,30
2025-03-07 10:30,2025-03-07 13:45,buy,2920.30,2917.01,2924.61,2917.01,-1.000,sl,210
2025-03-07 15:45,2025-03-07 15:45,buy,2923.10,2918.56,2929.28,2918.56,-1.000,sl,15
2025-03-07 17:00,2025-03-07 17:15,buy,2926.93,2920.46,2936.01,2924.99,-0.300,lock_stop,30
2025-03-10 07:30,2025-03-10 08:00,sell,2907.32,2910.26,2903.54,2910.26,-1.000,sl,45
2025-03-10 10:30,2025-03-10 10:45,sell,2903.39,2907.34,2898.08,2898.08,1.342,tp,30
2025-03-10 13:45,2025-03-10 13:45,sell,2897.10,2902.55,2889.55,2902.55,-1.000,sl,15
2025-03-10 19:00,2025-03-10 19:30,sell,2895.65,2901.07,2888.14,2888.14,1.385,tp,45
2025-03-11 01:45,2025-03-11 02:00,sell,2883.05,2886.43,2878.61,2886.43,-1.000,sl,30
2025-03-11 08:45,2025-03-11 09:30,buy,2900.38,2897.69,2903.78,2897.69,-1.000,sl,60
2025-03-11 10:15,2025-03-11 10:30,buy,2904.43,2901.16,2908.71,2908.71,1.309,tp,30
2025-03-11 11:00,2025-03-11 13:30,buy,2910.21,2906.61,2914.99,2914.99,1.327,tp,165
2025-03-11 14:45,2025-03-11 14:45,buy,2915.81,2912.97,2919.44,2912.97,-1.000,sl,15
2025-03-11 15:45,2025-03-11 16:00,buy,2919.95,2915.88,2925.43,2915.88,-1.000,sl,30
2025-03-11 21:30,2025-03-11 21:45,buy,2920.42,2917.36,2924.38,2918.34,-0.680,lock_stop,30
2025-03-12 05:15,2025-03-12 05:45,buy,2918.74,2916.14,2922.02,2916.14,-1.000,sl,45
2025-03-12 08:15,2025-03-12 08:15,buy,2920.33,2917.59,2923.82,2917.59,-1.000,sl,15
2025-03-12 10:45,2025-03-12 11:00,buy,2919.41,2915.81,2924.18,2924.18,1.326,tp,30
2025-03-12 14:45,2025-03-12 15:00,buy,2919.16,2915.70,2923.73,2915.70,-1.000,sl,30
2025-03-12 17:00,2025-03-12 17:45,buy,2922.10,2917.46,2928.43,2928.43,1.365,tp,60
2025-03-12 18:15,2025-03-12 22:00,buy,2933.89,2928.80,2940.90,2932.04,-0.363,time,240
2025-03-13 01:00,2025-03-13 01:15,buy,2938.25,2935.77,2941.34,2935.77,-1.000,sl,30
2025-03-13 03:15,2025-03-13 03:15,buy,2941.16,2938.80,2944.07,2938.80,-1.000,sl,15
2025-03-13 04:45,2025-03-13 04:45,buy,2942.22,2939.56,2945.59,2945.59,1.265,tp,15
2025-03-13 10:15,2025-03-13 11:15,buy,2941.65,2938.44,2945.84,2945.84,1.305,tp,75
2025-03-13 11:45,2025-03-13 12:00,buy,2948.13,2944.76,2952.55,2944.76,-1.000,sl,30
2025-03-13 15:45,2025-03-13 15:45,buy,2952.23,2947.85,2958.18,2947.85,-1.000,sl,15
2025-03-13 16:15,2025-03-13 16:30,buy,2953.22,2948.60,2959.53,2959.53,1.365,tp,30
2025-03-13 17:00,2025-03-13 17:45,buy,2970.10,2964.34,2978.12,2978.12,1.392,tp,60
2025-03-13 18:15,2025-03-13 18:30,buy,2979.12,2972.76,2988.03,2984.74,0.884,lock_target,30
2025-03-14 03:15,2025-03-14 03:15,buy,2990.09,2986.91,2994.24,2986.91,-1.000,sl,15
2025-03-14 06:00,2025-03-14 06:30,buy,2992.87,2989.25,2997.67,2989.25,-1.000,sl,45
2025-03-14 10:15,2025-03-14 11:00,buy,2990.04,2986.38,2994.91,2994.91,1.329,tp,60
2025-03-14 11:45,2025-03-14 12:15,buy,2999.15,2995.56,3003.91,3003.91,1.326,tp,45
2025-03-14 19:00,2025-03-14 20:30,buy,2990.00,2984.04,2998.32,2984.04,-1.000,sl,105
2025-03-14 21:00,2025-03-14 22:30,sell,2983.29,2986.31,2979.39,2986.31,-1.000,sl,105
2025-03-17 01:15,2025-03-17 02:15,buy,2991.08,2987.89,2995.24,2987.89,-1.000,sl,75
2025-03-17 06:30,2025-03-17 08:00,sell,2983.76,2986.33,2980.53,2986.33,-1.000,sl,105
2025-03-17 11:30,2025-03-17 11:45,buy,2992.96,2990.24,2996.41,2996.41,1.270,tp,30
2025-03-17 13:00,2025-03-17 14:00,buy,2999.26,2996.37,3002.97,2996.37,-1.000,sl,75
2025-03-17 16:30,2025-03-17 17:00,buy,2998.16,2992.98,3005.30,2995.79,-0.458,lock_stop,45
2025-03-18 03:30,2025-03-18 03:30,buy,3004.29,3002.06,3007.01,3002.06,-1.000,sl,15
2025-03-18 04:00,2025-03-18 04:00,buy,3005.89,3003.24,3009.25,3003.24,-1.000,sl,15
2025-03-18 05:00,2025-03-18 05:30,buy,3011.17,3007.94,3015.39,3010.68,-0.152,lock_stop,45
2025-03-19 05:00,2025-03-19 05:45,buy,3033.63,3031.11,3036.79,3036.79,1.252,tp,60
2025-03-19 07:45,2025-03-19 07:45,buy,3041.76,3038.94,3045.37,3044.50,0.971,lock_target,15
2025-03-20 02:15,2025-03-20 03:15,buy,3052.38,3049.87,3055.52,3055.52,1.251,tp,75
2025-03-20 06:30,2025-03-20 06:30,buy,3053.70,3050.35,3058.11,3056.85,0.939,lock_target,15
2025-03-21 02:00,2025-03-21 02:00,buy,3046.53,3044.99,3048.21,3044.99,-1.000,sl,15
2025-03-21 04:15,2025-03-21 05:00,sell,3035.25,3037.74,3032.14,3032.14,1.249,tp,60
2025-03-21 05:30,2025-03-21 07:15,sell,3030.31,3033.01,3026.88,3026.88,1.269,tp,120
2025-03-21 07:45,2025-03-21 07:45,sell,3024.79,3027.54,3021.29,3027.54,-1.000,sl,15
2025-03-21 15:30,2025-03-21 15:30,sell,3029.61,3033.32,3024.67,3024.67,1.331,tp,15
2025-03-21 16:00,2025-03-21 16:00,sell,3006.41,3011.77,2999.00,3003.89,0.470,lock_target,15
2025-03-24 02:45,2025-03-24 02:45,sell,3021.13,3023.25,3018.58,3018.58,1.205,tp,15
2025-03-24 05:00,2025-03-24 05:15,sell,3016.06,3019.61,3011.37,3019.61,-1.000,sl,30
2025-03-24 11:15,2025-03-24 11:30,buy,3030.58,3027.12,3035.15,3027.12,-1.000,sl,30
2025-03-24 12:30,2025-03-24 12:30,buy,3032.92,3029.15,3037.95,3029.15,-1.000,sl,15
2025-03-24 16:45,2025-03-24 16:45,sell,3010.40,3014.77,3004.47,3012.12,-0.394,lock_stop,15
2025-03-25 07:30,2025-03-25 07:45,buy,3020.29,3017.66,3023.61,3017.66,-1.000,sl,30
2025-03-25 10:45,2025-03-25 12:00,buy,3020.24,3016.84,3024.72,3024.72,1.316,tp,90
2025-03-25 13:30,2025-03-25 13:45,buy,3025.36,3022.52,3028.99,3022.52,-1.000,sl,30
2025-03-25 15:45,2025-03-25 16:00,buy,3027.93,3023.92,3033.32,3033.32,1.344,tp,30
2025-03-26 00:15,2025-03-26 02:30,buy,3022.18,3020.24,3024.46,3020.24,-1.000,sl,150
2025-03-26 04:00,2025-03-26 04:45,buy,3025.11,3023.04,3027.59,3023.04,-1.000,sl,60
2025-03-26 06:30,2025-03-26 07:15,sell,3015.40,3018.30,3011.68,3016.02,-0.214,lock_stop,60
2025-03-27 03:00,2025-03-27 03:45,buy,3025.64,3023.07,3028.87,3023.07,-1.000,sl,60
2025-03-27 04:45,2025-03-27 06:00,buy,3031.60,3028.75,3035.26,3035.26,1.281,tp,90
2025-03-27 06:30,2025-03-27 06:30,buy,3037.51,3034.51,3041.38,3034.51,-1.000,sl,15
2025-03-27 10:00,2025-03-27 12:00,buy,3036.22,3032.44,3041.26,3041.26,1.335,tp,135
2025-03-27 12:30,2025-03-27 14:30,buy,3052.37,3048.22,3057.96,3048.22,-1.000,sl,135
2025-03-27 16:45,2025-03-27 18:45,buy,3055.36,3049.23,3063.93,3049.23,-1.000,sl,135
2025-03-27 20:15,2025-03-27 22:45,buy,3054.77,3050.27,3060.89,3056.42,0.367,eod,165
2025-03-28 02:15,2025-03-28 02:15,buy,3058.51,3056.44,3060.99,3060.99,1.198,tp,15
2025-03-28 03:15,2025-03-28 03:30,buy,3066.56,3063.86,3069.98,3068.72,0.801,lock_target,30
2025-03-31 01:15,2025-03-31 03:00,buy,3090.91,3087.20,3095.84,3087.20,-1.000,sl,120
2025-03-31 04:30,2025-03-31 05:00,buy,3091.75,3086.72,3098.66,3098.66,1.376,tp,45
2025-03-31 06:15,2025-03-31 08:45,buy,3109.25,3102.64,3118.54,3118.54,1.405,tp,165
2025-03-31 09:15,2025-03-31 09:15,buy,3125.21,3119.64,3132.94,3119.64,-1.000,sl,15
2025-03-31 15:30,2025-03-31 16:00,buy,3125.33,3120.50,3131.95,3120.50,-1.000,sl,45
2025-03-31 18:15,2025-03-31 18:30,buy,3125.20,3117.72,3135.80,3117.72,-1.000,sl,30
2025-03-31 21:30,2025-03-31 23:45,buy,3122.21,3117.79,3128.22,3123.96,0.396,eod,150
2025-04-01 02:45,2025-04-01 02:45,buy,3126.29,3124.10,3128.95,3124.10,-1.000,sl,15
2025-04-01 03:45,2025-04-01 04:00,buy,3126.75,3124.16,3130.01,3130.01,1.259,tp,30
2025-04-01 04:45,2025-04-01 05:15,buy,3135.99,3132.47,3140.65,3140.65,1.323,tp,45
2025-04-01 06:00,2025-04-01 08:45,buy,3145.35,3140.87,3151.44,3140.87,-1.000,sl,180
2025-04-01 13:30,2025-04-01 14:00,buy,3136.39,3131.58,3142.98,3131.58,-1.000,sl,45
2025-04-01 18:45,2025-04-01 19:00,sell,3120.93,3126.84,3112.69,3112.69,1.394,tp,30
2025-04-02 01:15,2025-04-02 01:15,sell,3112.11,3115.10,3108.25,3108.25,1.291,tp,15
2025-04-02 08:30,2025-04-02 08:30,sell,3112.44,3116.49,3107.00,3116.49,-1.000,sl,15
2025-04-02 11:45,2025-04-02 12:00,buy,3133.19,3128.00,3140.36,3128.00,-1.000,sl,30
2025-04-02 16:45,2025-04-02 16:45,buy,3127.77,3121.71,3136.23,3121.71,-1.000,sl,15
2025-04-02 19:15,2025-04-02 20:15,buy,3130.17,3124.81,3137.58,3124.81,-1.000,sl,75
2025-04-03 01:15,2025-04-03 01:15,buy,3144.14,3134.24,3158.36,3134.24,-1.000,sl,15
2025-04-03 02:15,2025-04-03 03:15,buy,3156.91,3145.23,3173.81,3145.23,-1.000,sl,75
2025-04-03 13:00,2025-04-03 13:00,sell,3121.42,3127.38,3113.11,3113.11,1.395,tp,15
2025-04-03 13:30,2025-04-03 13:45,sell,3107.29,3113.76,3098.21,3098.21,1.403,tp,30
2025-04-03 15:30,2025-04-03 15:30,sell,3077.91,3087.77,3063.74,3063.74,1.437,tp,15
2025-04-04 03:30,2025-04-04 04:00,sell,3108.96,3113.00,3103.52,3113.00,-1.000,sl,45
2025-04-04 05:30,2025-04-04 05:30,sell,3104.20,3108.76,3097.98,3097.98,1.363,tp,15
2025-04-04 11:00,2025-04-04 11:15,sell,3092.64,3098.69,3084.20,3084.20,1.397,tp,30
2025-04-04 15:45,2025-04-04 15:45,sell,3088.48,3103.27,3066.91,3071.14,1.172,lock_target,15
2025-04-07 07:00,2025-04-07 08:00,sell,3018.69,3035.85,2993.57,3035.85,-1.000,sl,75
2025-04-07 09:30,2025-04-07 09:30,sell,3018.11,3028.28,3003.48,3028.28,-1.000,sl,15
2025-04-07 10:15,2025-04-07 10:15,sell,3013.96,3025.56,2997.19,3025.56,-1.000,sl,15
2025-04-08 02:45,2025-04-08 03:00,sell,2979.62,2985.08,2972.06,2985.08,-1.000,sl,30
2025-04-08 09:00,2025-04-08 09:30,buy,3005.84,2999.79,3014.29,3014.29,1.397,tp,45
2025-04-08 14:15,2025-04-08 14:45,buy,3011.64,3006.23,3019.13,3019.13,1.385,tp,45
2025-04-08 19:45,2025-04-08 20:00,sell,2985.30,2993.44,2973.72,2981.06,0.521,lock_target,30
2025-04-09 02:45,2025-04-09 02:45,sell,2973.58,2979.12,2965.90,2979.12,-1.000,sl,15
2025-04-09 08:00,2025-04-09 09:00,buy,3012.66,3005.13,3023.32,3023.32,1.417,tp,75
2025-04-09 09:30,2025-04-09 09:45,buy,3029.70,3022.23,3040.29,3040.29,1.416,tp,30
2025-04-09 10:15,2025-04-09 14:00,buy,3045.54,3036.59,3058.35,3036.59,-1.000,sl,240
2025-04-09 14:30,2025-04-09 15:00,buy,3060.52,3053.20,3070.88,3070.88,1.415,tp,45
2025-04-10 03:30,2025-04-10 04:00,buy,3096.40,3088.63,3107.42,3088.63,-1.000,sl,45
2025-04-10 05:15,2025-04-10 05:30,buy,3105.50,3096.65,3118.15,3118.15,1.429,tp,30
2025-04-10 06:15,2025-04-10 08:30,buy,3125.70,3115.58,3140.26,3115.58,-1.000,sl,150
2025-04-10 13:00,2025-04-10 15:00,buy,3116.33,3109.42,3126.07,3126.07,1.410,tp,135
2025-04-10 17:15,2025-04-10 18:00,buy,3143.20,3132.82,3158.14,3158.14,1.440,tp,60
2025-04-11 01:15,2025-04-11 01:45,buy,3179.97,3173.81,3188.59,3188.59,1.399,tp,45
2025-04-11 03:30,2025-04-11 03:30,buy,3195.07,3189.02,3203.52,3203.52,1.397,tp,15
2025-04-14 04:30,2025-04-14 04:30,buy,3229.16,3221.21,3240.46,3240.46,1.421,tp,15
2025-04-14 05:15,2025-04-14 05:15,buy,3243.88,3237.02,3253.55,3237.02,-1.000,sl,15
2025-04-14 13:30,2025-04-14 14:00,sell,3209.18,3216.07,3199.46,3216.07,-1.000,sl,45
2025-04-14 16:15,2025-04-14 16:15,sell,3196.22,3204.88,3183.86,3204.88,-1.000,sl,15
2025-04-14 21:45,2025-04-14 21:45,sell,3204.08,3209.33,3196.82,3208.11,-0.767,lock_stop,15
2025-04-15 07:00,2025-04-15 08:15,buy,3228.54,3223.81,3235.01,3223.81,-1.000,sl,90
2025-04-15 11:15,2025-04-15 11:30,buy,3231.37,3226.43,3238.15,3226.43,-1.000,sl,30
2025-04-15 17:00,2025-04-15 17:00,sell,3212.87,3218.61,3204.88,3218.61,-1.000,sl,15
2025-04-16 01:30,2025-04-16 01:45,buy,3235.50,3231.88,3240.31,3240.31,1.327,tp,30
2025-04-16 02:30,2025-04-16 02:30,buy,3242.94,3238.94,3248.32,3248.32,1.344,tp,15
2025-04-17 01:15,2025-04-17 02:00,buy,3354.65,3349.47,3361.79,3349.47,-1.000,sl,60
2025-04-17 07:00,2025-04-17 08:30,buy,3344.76,3335.05,3358.71,3335.05,-1.000,sl,105
2025-04-17 17:00,2025-04-17 17:15,sell,3314.56,3323.22,3302.20,3302.20,1.428,tp,30
2025-04-17 17:45,2025-04-17 19:15,sell,3294.42,3305.23,3278.83,3305.23,-1.000,sl,105
2025-04-17 22:30,2025-04-17 22:30,sell,3312.48,3317.73,3305.23,3317.73,-1.000,sl,15
2025-04-21 01:15,2025-04-21 01:15,buy,3338.63,3333.99,3344.97,3344.97,1.365,tp,15
2025-04-21 03:15,2025-04-21 03:30,buy,3354.50,3347.80,3363.93,3363.93,1.407,tp,30
2025-04-22 01:15,2025-04-22 02:15,buy,3432.34,3427.02,3439.69,3439.69,1.382,tp,75
2025-04-22 02:45,2025-04-22 02:45,buy,3442.05,3436.35,3449.97,3436.35,-1.000,sl,15
2025-04-22 04:45,2025-04-22 05:30,buy,3450.71,3440.81,3464.93,3464.93,1.437,tp,60
2025-04-22 06:00,2025-04-22 06:00,buy,3473.48,3461.98,3490.10,3476.15,0.232,lock_target,15
2025-04-23 01:15,2025-04-23 01:30,sell,3335.14,3347.71,3316.91,3316.91,1.450,tp,30
2025-04-23 06:00,2025-04-23 06:00,sell,3354.23,3366.86,3335.91,3335.91,1.451,tp,15
2025-04-24 04:15,2025-04-24 04:30,buy,3348.54,3339.75,3361.10,3361.10,1.429,tp,30
2025-04-24 10:15,2025-04-24 10:15,buy,3337.90,3329.94,3349.21,3329.94,-1.000,sl,15
2025-04-24 14:30,2025-04-24 16:00,buy,3341.64,3334.72,3351.40,3334.72,-1.000,sl,105
2025-04-24 19:15,2025-04-24 19:30,buy,3335.51,3326.59,3348.26,3326.59,-1.000,sl,30
2025-04-24 20:30,2025-04-24 20:30,buy,3336.98,3329.39,3347.74,3333.49,-0.460,lock_stop,15
2025-04-25 01:15,2025-04-25 01:15,buy,3353.97,3348.97,3360.85,3348.97,-1.000,sl,15
2025-04-25 01:45,2025-04-25 02:00,buy,3365.78,3359.47,3374.62,3359.47,-1.000,sl,30
2025-04-25 08:45,2025-04-25 08:45,sell,3309.01,3316.92,3297.78,3297.78,1.421,tp,15
2025-04-25 14:45,2025-04-25 15:00,sell,3289.07,3295.87,3279.50,3295.87,-1.000,sl,30
2025-04-25 16:15,2025-04-25 16:15,sell,3284.29,3292.36,3272.81,3272.81,1.423,tp,15
2025-04-28 01:15,2025-04-28 01:15,buy,3327.10,3320.34,3336.62,3320.34,-1.000,sl,15
2025-04-28 05:15,2025-04-28 05:30,sell,3271.02,3280.82,3256.94,3280.82,-1.000,sl,30
2025-04-28 08:45,2025-04-28 08:45,sell,3287.98,3294.88,3278.25,3294.88,-1.000,sl,15
2025-04-29 12:00,2025-04-29 15:15,sell,3311.68,3318.07,3302.72,3302.72,1.402,tp,210
2025-04-30 03:15,2025-04-30 03:15,buy,3324.45,3319.23,3331.65,3319.23,-1.000,sl,15
2025-04-30 05:00,2025-04-30 08:30,sell,3307.96,3314.53,3298.73,3314.53,-1.000,sl,225
2025-04-30 11:15,2025-04-30 11:15,sell,3284.89,3291.23,3276.01,3285.69,-0.126,lock_stop,15
2025-05-01 01:15,2025-05-01 02:00,sell,3276.27,3282.69,3267.27,3282.69,-1.000,sl,60
2025-05-01 03:30,2025-05-01 03:45,sell,3258.68,3268.27,3244.91,3244.91,1.435,tp,30
2025-05-01 06:15,2025-05-01 09:00,sell,3231.78,3242.68,3216.05,3242.68,-1.000,sl,180
2025-05-01 12:30,2025-05-01 12:45,sell,3225.56,3231.27,3217.62,3217.62,1.391,tp,30
2025-05-01 13:15,2025-05-01 13:30,sell,3214.81,3220.72,3206.57,3220.72,-1.000,sl,30
2025-05-01 15:00,2025-05-01 15:15,sell,3205.31,3211.78,3196.24,3211.78,-1.000,sl,30
2025-05-01 18:45,2025-05-01 18:45,sell,3206.71,3216.92,3192.03,3216.92,-1.000,sl,15
2025-05-02 03:30,2025-05-02 03:45,buy,3243.55,3238.03,3251.20,3238.03,-1.000,sl,30
2025-05-02 05:30,2025-05-02 06:30,buy,3246.46,3240.86,3254.24,3254.24,1.388,tp,75
2025-05-02 09:30,2025-05-02 09:30,buy,3258.41,3253.47,3265.20,3253.47,-1.000,sl,15
2025-05-02 12:45,2025-05-02 13:00,buy,3266.22,3260.03,3274.89,3260.03,-1.000,sl,30
2025-05-02 18:00,2025-05-02 18:15,buy,3262.95,3253.38,3276.67,3253.38,-1.000,sl,30
2025-05-05 04:15,2025-05-05 04:30,buy,3259.39,3253.94,3266.95,3266.95,1.385,tp,30
2025-05-05 09:45,2025-05-05 11:15,buy,3262.91,3257.92,3269.76,3269.76,1.375,tp,105
2025-05-06 04:15,2025-05-06 04:15,buy,3362.67,3355.24,3373.19,3355.24,-1.000,sl,15
2025-05-06 04:45,2025-05-06 05:30,buy,3378.71,3369.76,3391.51,3369.76,-1.000,sl,60
2025-05-06 10:30,2025-05-06 10:30,buy,3374.64,3367.80,3384.27,3373.19,-0.212,lock_stop,15
2025-05-07 12:30,2025-05-07 13:00,sell,3373.92,3380.60,3364.53,3380.60,-1.000,sl,45
2025-05-07 17:00,2025-05-07 17:00,buy,3394.77,3388.02,3404.27,3388.02,-1.000,sl,15
2025-05-07 21:45,2025-05-07 21:45,sell,3379.77,3385.90,3371.20,3385.90,-1.000,sl,15
2025-05-08 05:00,2025-05-08 06:00,buy,3409.29,3401.78,3419.93,3401.78,-1.000,sl,75
2025-05-08 09:00,2025-05-08 09:00,sell,3355.11,3363.33,3343.41,3343.41,1.424,tp,15
2025-05-08 09:30,2025-05-08 09:45,sell,3339.03,3348.58,3325.34,3325.34,1.435,tp,30
2025-05-08 13:00,2025-05-08 13:15,sell,3331.68,3340.23,3319.48,3340.23,-1.000,sl,30
2025-05-08 18:30,2025-05-08 18:45,sell,3346.65,3356.21,3332.93,3332.93,1.435,tp,30
2025-05-09 03:30,2025-05-09 03:30,sell,3310.25,3315.90,3302.40,3315.90,-1.000,sl,15
2025-05-09 04:30,2025-05-09 04:30,sell,3302.11,3309.51,3291.64,3291.64,1.416,tp,15
2025-05-09 05:15,2025-05-09 05:30,sell,3277.02,3285.99,3264.20,3285.99,-1.000,sl,30
2025-05-09 14:15,2025-05-09 14:15,buy,3331.29,3326.42,3337.97,3337.97,1.372,tp,15
2025-05-09 16:30,2025-05-09 16:30,buy,3340.24,3333.91,3349.11,3333.91,-1.000,sl,15
2025-05-09 19:15,2025-05-09 19:15,buy,3347.02,3339.37,3357.87,3339.37,-1.000,sl,15
2025-05-12 01:15,2025-05-12 01:45,sell,3281.68,3289.32,3270.84,3270.84,1.418,tp,45
2025-05-12 04:15,2025-05-12 04:45,sell,3261.67,3275.79,3241.12,3275.79,-1.000,sl,45
2025-05-12 08:45,2025-05-12 09:00,sell,3270.80,3276.49,3262.89,3276.49,-1.000,sl,30
2025-05-12 10:15,2025-05-12 10:15,sell,3246.22,3253.55,3235.85,3235.85,1.415,tp,15
2025-05-12 13:00,2025-05-12 14:45,sell,3214.43,3226.70,3196.66,3226.70,-1.000,sl,120
2025-05-12 19:15,2025-05-12 23:00,sell,3231.24,3239.98,3218.75,3236.47,-0.598,time,240
2025-05-13 04:30,2025-05-13 04:30,sell,3229.73,3235.61,3221.53,3221.53,1.394,tp,15
2025-05-13 08:15,2025-05-13 08:30,buy,3260.53,3253.56,3270.35,3253.56,-1.000,sl,30
2025-05-13 10:00,2025-05-13 10:30,buy,3262.39,3255.97,3271.39,3255.97,-1.000,sl,45
2025-05-13 17:00,2025-05-13 17:00,sell,3227.30,3234.80,3216.67,3234.80,-1.000,sl,15
2025-05-13 19:00,2025-05-13 19:30,buy,3253.69,3245.18,3265.83,3250.28,-0.401,lock_stop,45
2025-05-14 02:15,2025-05-14 02:30,buy,3255.60,3252.16,3260.13,3252.16,-1.000,sl,30
2025-05-14 05:30,2025-05-14 07:00,sell,3235.00,3241.25,3226.25,3226.25,1.400,tp,105
2025-05-14 15:00,2025-05-14 15:15,sell,3219.91,3225.44,3212.25,3212.25,1.387,tp,30
2025-05-14 15:45,2025-05-14 15:45,sell,3200.73,3207.73,3190.85,3190.85,1.411,tp,15
2025-05-15 04:45,2025-05-15 05:00,sell,3177.71,3182.97,3170.45,3170.45,1.381,tp,30
2025-05-15 05:30,2025-05-15 05:30,sell,3163.68,3170.15,3154.60,3154.60,1.403,tp,15
2025-05-16 01:15,2025-05-16 01:45,buy,3245.54,3240.75,3252.09,3252.09,1.369,tp,45
2025-05-16 09:15,2025-05-16 09:15,buy,3228.75,3221.69,3238.71,3221.69,-1.000,sl,15
2025-05-16 11:15,2025-05-16 11:15,sell,3197.14,3205.31,3185.51,3205.31,-1.000,sl,15
2025-05-16 13:45,2025-05-16 13:45,sell,3195.80,3203.09,3185.49,3185.49,1.414,tp,15
2025-05-16 15:00,2025-05-16 15:15,sell,3162.91,3172.12,3149.72,3172.12,-1.000,sl,30
2025-05-19 01:15,2025-05-19 01:15,buy,3218.10,3211.98,3226.65,3226.65,1.398,tp,15
2025-05-19 02:00,2025-05-19 02:00,buy,3239.52,3231.88,3250.36,3244.37,0.635,lock_target,15
2025-05-20 02:15,2025-05-20 03:15,sell,3221.29,3224.39,3217.27,3217.27,1.298,tp,75
2025-05-20 05:30,2025-05-20 05:45,sell,3210.74,3216.50,3202.73,3206.71,0.700,lock_target,30
2025-05-21 01:15,2025-05-21 01:15,buy,3300.04,3296.01,3305.47,3296.01,-1.000,sl,15
2025-05-21 03:45,2025-05-21 04:00,buy,3302.38,3296.63,3310.37,3310.37,1.391,tp,30
2025-05-21 06:30,2025-05-21 08:00,buy,3308.06,3299.84,3319.76,3299.84,-1.000,sl,105
2025-05-21 08:45,2025-05-21 11:00,buy,3312.86,3307.11,3320.85,3307.11,-1.000,sl,150
2025-05-21 13:30,2025-05-21 13:30,buy,3316.61,3310.88,3324.57,3311.21,-0.943,lock_stop,15
2025-05-22 02:30,2025-05-22 02:45,buy,3322.85,3317.96,3329.56,3317.96,-1.000,sl,30
2025-05-22 04:15,2025-05-22 04:15,buy,3327.53,3322.63,3334.26,3334.26,1.373,tp,15
2025-05-22 04:45,2025-05-22 05:00,buy,3342.85,3337.14,3350.79,3337.14,-1.000,sl,30
2025-05-22 05:45,2025-05-22 06:45,buy,3343.77,3337.68,3352.28,3337.68,-1.000,sl,75
2025-05-22 12:30,2025-05-22 13:30,sell,3306.32,3312.28,3298.01,3298.01,1.395,tp,75
2025-05-22 14:00,2025-05-22 14:15,sell,3289.46,3296.14,3280.07,3296.14,-1.000,sl,30
2025-05-22 17:00,2025-05-22 17:15,sell,3287.65,3297.95,3272.83,3297.95,-1.000,sl,30
2025-05-23 07:45,2025-05-23 08:45,buy,3314.10,3308.41,3322.01,3322.01,1.390,tp,75
2025-05-23 09:15,2025-05-23 11:15,buy,3328.63,3323.41,3335.84,3323.41,-1.000,sl,135
2025-05-23 14:45,2025-05-23 14:45,buy,3334.99,3329.47,3342.64,3342.64,1.387,tp,15
2025-05-23 15:15,2025-05-23 15:30,buy,3350.32,3343.50,3359.92,3359.92,1.408,tp,30
2025-05-26 05:45,2025-05-26 06:00,buy,3353.09,3346.46,3362.41,3346.46,-1.000,sl,30
2025-05-26 10:00,2025-05-26 11:30,sell,3336.93,3341.04,3331.39,3331.39,1.348,tp,105
2025-05-26 12:30,2025-05-26 13:00,sell,3326.95,3332.14,3319.78,3332.14,-1.000,sl,45
2025-05-26 15:30,2025-05-26 15:30,sell,3326.54,3330.59,3321.08,3330.59,-1.000,sl,15
2025-05-27 01:15,2025-05-27 01:15,buy,3343.86,3341.42,3346.89,3346.89,1.244,tp,15
2025-05-27 03:15,2025-05-27 03:15,buy,3349.66,3347.02,3353.00,3347.02,-1.000,sl,15
2025-05-27 06:30,2025-05-27 06:45,buy,3347.04,3342.13,3353.79,3342.13,-1.000,sl,30
2025-05-27 08:00,2025-05-27 08:30,sell,3330.65,3334.95,3324.83,3324.83,1.354,tp,45
2025-05-27 09:00,2025-05-27 09:00,sell,3323.26,3327.84,3317.02,3327.84,-1.000,sl,15
2025-05-27 10:00,2025-05-27 10:45,sell,3308.53,3314.47,3300.24,3300.24,1.395,tp,60
2025-05-27 14:30,2025-05-27 15:15,sell,3289.91,3296.88,3280.08,3296.88,-1.000,sl,60
2025-05-28 03:45,2025-05-28 03:45,buy,3314.59,3311.07,3319.24,3311.07,-1.000,sl,15
2025-05-28 04:45,2025-05-28 05:00,sell,3301.31,3305.76,3295.26,3305.76,-1.000,sl,30
2025-05-28 06:30,2025-05-28 06:30,sell,3293.75,3299.91,3285.14,3298.05,-0.699,lock_stop,15
2025-05-29 02:15,2025-05-29 02:30,sell,3270.03,3277.34,3259.69,3259.69,1.415,tp,30
2025-05-29 08:45,2025-05-29 09:00,sell,3267.90,3273.01,3260.86,3273.01,-1.000,sl,30
2025-05-29 13:30,2025-05-29 15:15,buy,3298.57,3292.98,3306.34,3306.34,1.388,tp,120
2025-05-29 15:45,2025-05-29 15:45,buy,3313.89,3308.03,3322.05,3316.45,0.437,lock_target,15
2025-05-30 06:45,2025-05-30 08:30,sell,3293.57,3299.46,3285.36,3299.46,-1.000,sl,120
2025-05-30 17:00,2025-05-30 17:00,sell,3276.41,3284.56,3264.81,3284.56,-1.000,sl,15
2025-05-30 23:30,2025-05-30 23:30,sell,3289.97,3293.12,3285.87,3292.09,-0.674,lock_stop,15
2025-06-02 02:00,2025-06-02 03:30,buy,3313.35,3308.37,3320.19,3308.37,-1.000,sl,105
2025-06-02 07:30,2025-06-02 08:15,buy,3313.83,3309.52,3319.67,3319.67,1.355,tp,60
2025-06-02 08:45,2025-06-02 09:00,buy,3322.75,3318.70,3328.21,3328.21,1.346,tp,30
2025-06-02 09:30,2025-06-02 09:30,buy,3337.80,3333.21,3344.05,3344.05,1.364,tp,15
2025-06-03 01:15,2025-06-03 01:15,buy,3386.53,3383.31,3390.73,3390.73,1.306,tp,15
2025-06-03 08:30,2025-06-03 08:45,sell,3358.82,3363.87,3351.87,3363.87,-1.000,sl,30
2025-06-03 09:45,2025-06-03 10:00,sell,3355.30,3360.86,3347.59,3360.86,-1.000,sl,30
2025-06-03 15:15,2025-06-03 15:30,sell,3353.14,3357.15,3347.75,3357.15,-1.000,sl,30
2025-06-03 17:00,2025-06-03 17:00,sell,3345.55,3351.43,3337.36,3337.36,1.394,tp,15
2025-06-04 03:15,2025-06-04 03:15,sell,3353.63,3356.71,3349.64,3356.71,-1.000,sl,15
2025-06-04 04:00,2025-06-04 04:00,sell,3350.01,3353.85,3344.88,3353.85,-1.000,sl,15
2025-06-04 04:30,2025-06-04 04:45,buy,3363.84,3358.90,3370.63,3370.63,1.374,tp,30
2025-06-04 14:30,2025-06-04 15:15,sell,3346.46,3351.36,3339.73,3351.36,-1.000,sl,60
2025-06-04 17:30,2025-06-04 17:30,buy,3369.57,3362.58,3379.43,3379.43,1.411,tp,15
2025-06-04 20:45,2025-06-04 22:00,buy,3379.18,3373.71,3386.76,3373.71,-1.000,sl,90
2025-06-05 02:30,2025-06-05 02:30,buy,3378.88,3375.94,3382.66,3375.94,-1.000,sl,15
2025-06-05 03:30,2025-06-05 03:30,buy,3381.28,3377.91,3385.71,3377.91,-1.000,sl,15
2025-06-05 11:45,2025-06-05 11:45,buy,3375.58,3371.29,3381.38,3375.21,-0.086,lock_stop,15
2025-06-06 07:30,2025-06-06 08:30,buy,3372.37,3367.71,3378.74,3367.71,-1.000,sl,75
2025-06-06 15:45,2025-06-06 15:45,sell,3352.89,3358.24,3345.50,3358.24,-1.000,sl,15
2025-06-06 17:00,2025-06-06 17:15,sell,3342.96,3350.49,3332.29,3332.29,1.417,tp,30
2025-06-06 21:15,2025-06-06 23:45,sell,3315.09,3321.09,3306.71,3312.12,0.495,eod,165
2025-06-09 03:45,2025-06-09 04:00,sell,3302.59,3307.88,3295.28,3307.88,-1.000,sl,30
2025-06-09 05:00,2025-06-09 05:15,sell,3295.61,3302.29,3286.21,3302.29,-1.000,sl,30
2025-06-09 12:30,2025-06-09 12:30,sell,3318.41,3322.76,3312.51,3321.75,-0.767,lock_stop,15
2025-06-10 04:15,2025-06-10 04:30,sell,3313.18,3317.54,3307.27,3307.27,1.357,tp,30
2025-06-10 14:00,2025-06-10 14:00,buy,3335.60,3331.74,3340.76,3339.04,0.892,lock_target,15
2025-06-11 04:30,2025-06-11 04:45,buy,3336.02,3330.93,3343.04,3330.93,-1.000,sl,30
2025-06-11 06:00,2025-06-11 09:15,buy,3338.49,3333.57,3345.24,3333.57,-1.000,sl,210
2025-06-11 11:00,2025-06-11 11:00,buy,3345.97,3341.54,3351.98,3345.06,-0.206,lock_stop,15
2025-06-12 01:15,2025-06-12 01:45,buy,3361.27,3355.47,3369.34,3369.34,1.392,tp,45
2025-06-12 04:30,2025-06-12 04:30,buy,3375.72,3369.13,3384.98,3369.13,-1.000,sl,15
2025-06-12 05:45,2025-06-12 07:00,buy,3377.32,3371.05,3386.10,3371.05,-1.000,sl,90
2025-06-12 13:00,2025-06-12 13:15,buy,3365.67,3358.09,3376.41,3376.41,1.418,tp,30
2025-06-12 13:45,2025-06-12 14:30,buy,3382.49,3374.02,3394.57,3374.02,-1.000,sl,60
2025-06-12 16:45,2025-06-12 16:45,buy,3398.66,3390.30,3410.57,3390.30,-1.000,sl,15
2025-06-12 22:15,2025-06-12 23:45,buy,3386.67,3382.58,3392.17,3386.66,-0.002,eod,105
2025-06-13 02:45,2025-06-13 02:45,buy,3387.63,3384.99,3390.97,3390.97,1.263,tp,15
2025-06-13 03:15,2025-06-13 03:15,buy,3402.43,3397.89,3408.62,3408.62,1.362,tp,15
2025-06-16 01:15,2025-06-16 01:30,buy,3450.27,3445.19,3457.27,3445.19,-1.000,sl,30
2025-06-16 08:45,2025-06-16 09:15,sell,3420.42,3425.38,3413.61,3413.61,1.374,tp,45
2025-06-16 10:15,2025-06-16 11:15,sell,3410.81,3416.77,3402.49,3416.77,-1.000,sl,75
2025-06-16 17:00,2025-06-16 17:00,sell,3387.96,3395.57,3377.17,3395.57,-1.000,sl,15
2025-06-16 20:45,2025-06-16 21:45,sell,3393.01,3397.76,3386.50,3386.50,1.369,tp,75
2025-06-16 22:15,2025-06-16 22:30,sell,3383.78,3387.60,3378.68,3387.60,-1.000,sl,30
2025-06-17 06:00,2025-06-17 06:15,sell,3389.75,3396.29,3380.56,3380.56,1.404,tp,30
2025-06-17 09:45,2025-06-17 09:45,sell,3381.63,3386.39,3375.11,3386.39,-1.000,sl,15
2025-06-17 12:00,2025-06-17 12:15,sell,3378.66,3383.95,3371.34,3383.95,-1.000,sl,30
2025-06-17 15:15,2025-06-17 15:30,sell,3384.60,3390.35,3376.59,3390.35,-1.000,sl,30
2025-06-17 17:45,2025-06-17 17:45,sell,3375.42,3382.60,3365.27,3382.60,-1.000,sl,15
2025-06-18 03:15,2025-06-18 03:45,sell,3383.43,3387.14,3378.49,3387.14,-1.000,sl,45
2025-06-18 04:45,2025-06-18 05:00,sell,3380.02,3384.14,3374.46,3374.46,1.348,tp,30
2025-06-18 05:30,2025-06-18 05:45,sell,3373.17,3377.49,3367.31,3377.49,-1.000,sl,30
2025-06-18 07:45,2025-06-18 08:00,buy,3397.65,3392.95,3404.07,3392.95,-1.000,sl,30
2025-06-18 09:45,2025-06-18 09:45,sell,3379.97,3384.17,3374.29,3384.17,-1.000,sl,15
2025-06-19 06:30,2025-06-19 06:30,sell,3371.07,3376.14,3364.09,3376.14,-1.000,sl,15
2025-06-19 08:45,2025-06-19 08:45,sell,3368.79,3372.50,3363.85,3363.85,1.332,tp,15
2025-06-19 09:15,2025-06-19 09:30,sell,3355.57,3360.33,3349.06,3349.06,1.369,tp,30
2025-06-19 15:15,2025-06-19 15:30,sell,3365.81,3370.18,3359.89,3370.18,-1.000,sl,30
2025-06-19 16:30,2025-06-19 16:30,sell,3362.63,3367.28,3356.27,3367.28,-1.000,sl,15
2025-06-20 01:15,2025-06-20 02:15,sell,3364.63,3369.02,3358.67,3369.02,-1.000,sl,75
2025-06-20 04:15,2025-06-20 04:45,sell,3358.93,3363.16,3353.22,3363.16,-1.000,sl,45
2025-06-20 06:00,2025-06-20 06:00,sell,3352.21,3356.97,3345.69,3345.69,1.369,tp,15
2025-06-20 09:00,2025-06-20 10:00,sell,3344.47,3349.31,3337.83,3349.31,-1.000,sl,75
2025-06-20 14:30,2025-06-20 14:30,sell,3351.66,3355.02,3347.25,3355.02,-1.000,sl,15
2025-06-23 01:15,2025-06-23 01:15,buy,3380.32,3375.88,3386.35,3375.88,-1.000,sl,15
2025-06-23 07:30,2025-06-23 08:30,sell,3359.66,3364.93,3352.38,3352.38,1.381,tp,75
2025-06-23 14:15,2025-06-23 14:15,buy,3374.69,3370.65,3380.13,3380.13,1.345,tp,15
2025-06-23 16:45,2025-06-23 17:00,buy,3381.98,3375.22,3391.50,3375.22,-1.000,sl,30
2025-06-23 19:30,2025-06-23 19:30,buy,3391.63,3384.97,3401.00,3384.97,-1.000,sl,15
2025-06-24 08:15,2025-06-24 08:30,sell,3341.50,3345.84,3335.62,3335.62,1.356,tp,30
2025-06-24 09:00,2025-06-24 09:00,sell,3331.83,3336.44,3325.53,3325.53,1.365,tp,15
2025-06-25 04:15,2025-06-25 04:30,buy,3331.10,3328.33,3334.63,3328.33,-1.000,sl,30
2025-06-25 05:00,2025-06-25 05:00,buy,3334.88,3331.66,3339.09,3331.66,-1.000,sl,15
2025-06-25 08:45,2025-06-25 08:45,buy,3332.90,3330.20,3336.32,3331.64,-0.467,lock_stop,15
2025-06-26 02:15,2025-06-26 03:00,buy,3337.34,3334.44,3341.07,3334.44,-1.000,sl,60
2025-06-26 05:45,2025-06-26 07:00,buy,3340.20,3336.30,3345.42,3336.30,-1.000,sl,90
2025-06-26 10:00,2025-06-26 10:15,buy,3339.97,3336.44,3344.64,3344.64,1.323,tp,30
2025-06-26 10:45,2025-06-26 12:00,buy,3346.44,3342.81,3351.26,3342.81,-1.000,sl,90
2025-06-26 16:15,2025-06-26 16:30,sell,3319.33,3325.46,3310.75,3310.75,1.398,tp,30
2025-06-26 22:15,2025-06-26 23:45,sell,3329.81,3333.06,3325.56,3327.76,0.630,eod,105
2025-06-27 01:15,2025-06-27 01:30,sell,3324.04,3326.95,3320.30,3320.30,1.285,tp,30
2025-06-27 05:45,2025-06-27 06:00,sell,3311.52,3316.10,3305.28,3305.28,1.364,tp,30
2025-06-30 01:15,2025-06-30 01:15,sell,3265.52,3270.68,3258.41,3258.41,1.379,tp,15
2025-06-30 08:00,2025-06-30 08:45,buy,3286.07,3281.76,3291.91,3288.92,0.661,lock_target,60
2025-07-01 02:00,2025-07-01 04:00,buy,3311.70,3308.23,3316.27,3316.27,1.320,tp,135
2025-07-01 04:30,2025-07-01 04:30,buy,3320.53,3317.01,3325.18,3317.01,-1.000,sl,15
2025-07-01 06:30,2025-07-01 08:00,buy,3321.37,3317.68,3326.28,3326.28,1.331,tp,105
2025-07-01 08:30,2025-07-01 09:15,buy,3329.79,3326.58,3333.99,3326.58,-1.000,sl,60
2025-07-01 10:15,2025-07-01 11:00,buy,3336.56,3332.86,3341.48,3341.48,1.331,tp,60
2025-07-01 12:30,2025-07-01 12:30,buy,3343.14,3338.69,3349.19,3345.92,0.625,lock_target,15
2025-07-02 01:30,2025-07-02 02:00,buy,3342.52,3340.00,3345.67,3340.00,-1.000,sl,45
2025-07-02 05:15,2025-07-02 05:45,sell,3329.97,3334.64,3323.60,3334.64,-1.000,sl,45
2025-07-02 08:30,2025-07-02 08:30,buy,3343.14,3339.93,3347.33,3339.93,-1.000,sl,15
2025-07-03 01:15,2025-07-03 01:15,buy,3360.74,3358.14,3364.02,3364.02,1.260,tp,15
2025-07-03 15:45,2025-07-03 15:45,sell,3312.03,3318.62,3302.78,3318.62,-1.000,sl,15
2025-07-03 23:15,2025-07-03 23:45,sell,3326.37,3328.32,3324.07,3325.92,0.231,eod,45
2025-07-04 01:15,2025-07-04 01:30,sell,3324.15,3325.93,3322.11,3325.93,-1.000,sl,30
2025-07-04 16:45,2025-07-04 16:45,buy,3338.03,3334.60,3342.54,3334.60,-1.000,sl,15
2025-07-07 02:15,2025-07-07 02:30,sell,3331.06,3334.03,3327.24,3327.24,1.289,tp,30
2025-07-07 03:15,2025-07-07 04:00,sell,3325.06,3328.52,3320.49,3320.49,1.319,tp,60
2025-07-08 01:15,2025-07-08 01:30,buy,3344.50,3341.14,3348.92,3341.14,-1.000,sl,30
2025-07-08 08:30,2025-07-08 09:00,buy,3335.92,3332.78,3340.01,3332.78,-1.000,sl,45
2025-07-08 10:15,2025-07-08 10:15,buy,3338.25,3335.04,3342.44,3335.04,-1.000,sl,15
2025-07-09 02:45,2025-07-09 02:45,sell,3297.77,3300.38,3294.48,3300.38,-1.000,sl,15
2025-07-09 05:45,2025-07-09 05:45,sell,3294.27,3298.78,3288.14,3288.14,1.361,tp,15
2025-07-09 09:00,2025-07-09 10:15,sell,3289.12,3293.89,3282.59,3293.89,-1.000,sl,90
2025-07-09 14:45,2025-07-09 15:00,sell,3286.17,3290.06,3280.96,3290.06,-1.000,sl,30
2025-07-09 17:45,2025-07-09 18:00,buy,3310.74,3304.93,3318.83,3308.15,-0.446,lock_stop,30
2025-07-10 01:15,2025-07-10 03:30,buy,3317.82,3314.75,3321.79,3321.79,1.296,tp,150
2025-07-10 04:30,2025-07-10 05:30,buy,3324.42,3321.00,3328.93,3321.00,-1.000,sl,75
2025-07-10 08:00,2025-07-10 09:15,buy,3322.47,3319.38,3326.49,3326.49,1.298,tp,90
2025-07-11 03:15,2025-07-11 03:30,buy,3326.85,3324.52,3329.71,3329.71,1.231,tp,30
2025-07-11 06:15,2025-07-11 07:30,buy,3335.31,3331.10,3341.00,3331.10,-1.000,sl,90
2025-07-11 08:30,2025-07-11 08:30,buy,3340.52,3337.16,3344.93,3337.16,-1.000,sl,15
2025-07-11 09:30,2025-07-11 09:30,buy,3343.11,3339.30,3348.21,3339.30,-1.000,sl,15
2025-07-11 13:30,2025-07-11 13:45,buy,3345.97,3342.03,3351.26,3345.04,-0.236,lock_stop,30
2025-07-14 01:15,2025-07-14 01:15,buy,3366.14,3362.45,3371.05,3371.05,1.330,tp,15
2025-07-14 02:15,2025-07-14 02:15,buy,3372.62,3368.33,3378.42,3368.33,-1.000,sl,15
2025-07-14 09:45,2025-07-14 09:45,buy,3362.97,3359.40,3367.69,3367.69,1.325,tp,15
2025-07-14 10:30,2025-07-14 10:30,buy,3374.82,3370.30,3380.98,3370.30,-1.000,sl,15
2025-07-14 13:15,2025-07-14 13:30,buy,3374.42,3369.80,3380.73,3369.80,-1.000,sl,30
2025-07-14 17:45,2025-07-14 18:00,sell,3341.93,3347.82,3333.73,3347.82,-1.000,sl,30
2025-07-14 22:45,2025-07-14 23:30,sell,3346.06,3348.59,3342.89,3342.89,1.253,tp,60
2025-07-15 07:15,2025-07-15 09:45,buy,3361.21,3357.91,3365.53,3357.91,-1.000,sl,165
2025-07-15 16:30,2025-07-15 16:45,sell,3340.64,3345.86,3333.43,3345.86,-1.000,sl,30
2025-07-15 18:30,2025-07-15 19:00,sell,3334.18,3341.78,3323.40,3323.40,1.418,tp,45
2025-07-16 05:15,2025-07-16 06:15,sell,3328.62,3331.45,3324.99,3331.45,-1.000,sl,75
2025-07-16 16:45,2025-07-16 17:30,sell,3326.87,3331.32,3320.81,3320.81,1.360,tp,60
2025-07-16 18:30,2025-07-16 18:30,buy,3363.42,3354.53,3376.13,3376.13,1.430,tp,15
2025-07-17 01:15,2025-07-17 01:30,buy,3351.31,3348.49,3354.91,3348.49,-1.000,sl,30
2025-07-17 08:45,2025-07-17 09:00,sell,3336.88,3340.09,3332.70,3332.70,1.305,tp,30
2025-07-17 09:30,2025-07-17 09:45,sell,3329.90,3333.64,3324.91,3333.64,-1.000,sl,30
2025-07-17 11:00,2025-07-17 11:15,sell,3325.60,3329.96,3319.69,3329.96,-1.000,sl,30
2025-07-17 15:45,2025-07-17 16:00,sell,3312.71,3317.57,3306.04,3316.76,-0.833,lock_stop,30
2025-07-18 01:45,2025-07-18 02:15,buy,3343.15,3340.88,3345.93,3340.88,-1.000,sl,45
2025-07-18 05:15,2025-07-18 05:30,buy,3343.69,3340.66,3347.62,3340.66,-1.000,sl,30
2025-07-18 08:15,2025-07-18 08:15,buy,3339.83,3336.61,3344.03,3337.97,-0.578,lock_stop,15
2025-07-21 03:45,2025-07-21 04:00,buy,3353.84,3351.25,3357.09,3357.09,1.258,tp,30
2025-07-21 04:30,2025-07-21 04:45,buy,3358.34,3355.45,3362.05,3355.45,-1.000,sl,30
2025-07-21 08:00,2025-07-21 08:00,buy,3358.04,3354.93,3362.08,3362.08,1.299,tp,15
2025-07-21 08:30,2025-07-21 09:15,buy,3367.35,3363.81,3372.03,3369.89,0.718,lock_target,60
2025-07-22 01:30,2025-07-22 02:30,buy,3400.24,3398.18,3402.71,3398.18,-1.000,sl,75
2025-07-22 06:45,2025-07-22 07:00,buy,3393.18,3389.28,3398.41,3389.28,-1.000,sl,30
2025-07-22 10:30,2025-07-22 10:30,sell,3383.47,3386.27,3379.90,3386.27,-1.000,sl,15
2025-07-23 06:30,2025-07-23 06:45,buy,3428.04,3423.23,3434.62,3423.23,-1.000,sl,30
2025-07-23 10:00,2025-07-23 10:45,buy,3425.31,3421.84,3429.89,3421.84,-1.000,sl,60
2025-07-23 12:15,2025-07-23 13:00,buy,3430.36,3426.29,3435.85,3426.29,-1.000,sl,60
2025-07-24 02:00,2025-07-24 02:15,sell,3386.45,3389.24,3382.89,3389.24,-1.000,sl,30
2025-07-24 05:15,2025-07-24 05:15,sell,3381.91,3385.73,3376.80,3385.73,-1.000,sl,15
2025-07-24 06:15,2025-07-24 06:15,sell,3378.87,3383.92,3371.92,3379.91,-0.206,lock_stop,15
2025-07-25 01:15,2025-07-25 01:45,sell,3366.88,3369.15,3364.09,3369.15,-1.000,sl,45
2025-07-25 06:00,2025-07-25 06:45,sell,3362.96,3366.09,3358.89,3358.89,1.300,tp,60
2025-07-25 07:45,2025-07-25 07:45,sell,3358.19,3361.53,3353.80,3361.53,-1.000,sl,15
2025-07-25 08:45,2025-07-25 09:00,sell,3356.35,3359.46,3352.30,3359.46,-1.000,sl,30
2025-07-25 10:45,2025-07-25 11:15,sell,3353.16,3356.84,3348.26,3348.26,1.330,tp,45
2025-07-25 14:30,2025-07-25 14:45,sell,3339.56,3343.39,3334.44,3343.39,-1.000,sl,30
2025-07-25 18:00,2025-07-25 20:30,sell,3331.62,3336.95,3324.25,3335.54,-0.735,lock_stop,165
2025-07-28 01:15,2025-07-28 01:30,sell,3332.68,3334.92,3329.94,3329.94,1.222,tp,30
2025-07-28 11:00,2025-07-28 11:00,sell,3334.72,3338.19,3330.14,3338.19,-1.000,sl,15
2025-07-28 11:45,2025-07-28 12:00,sell,3333.59,3337.46,3328.41,3337.46,-1.000,sl,30
2025-07-28 15:15,2025-07-28 15:15,sell,3333.08,3336.27,3328.92,3328.92,1.304,tp,15
2025-07-28 15:45,2025-07-28 16:30,sell,3327.61,3331.20,3322.84,3322.84,1.326,tp,60
2025-07-28 17:00,2025-07-28 17:00,sell,3302.00,3307.28,3294.70,3307.28,-1.000,sl,15
2025-07-29 01:15,2025-07-29 01:15,sell,3312.47,3314.83,3309.55,3314.83,-1.000,sl,15
2025-07-29 02:30,2025-07-29 02:45,sell,3311.14,3313.69,3307.93,3313.69,-1.000,sl,30
2025-07-29 03:30,2025-07-29 03:30,sell,3308.54,3311.44,3304.82,3308.89,-0.121,lock_stop,15
2025-07-30 01:30,2025-07-30 01:30,buy,3329.19,3326.57,3332.49,3326.57,-1.000,sl,15
2025-07-30 03:15,2025-07-30 03:45,buy,3330.17,3328.07,3332.69,3332.69,1.202,tp,45
2025-07-30 16:00,2025-07-30 16:15,sell,3313.11,3318.20,3306.10,3306.10,1.377,tp,30
2025-07-30 16:45,2025-07-30 17:00,sell,3302.54,3308.31,3294.50,3308.31,-1.000,sl,30
2025-07-30 18:30,2025-07-30 20:15,sell,3292.38,3299.34,3282.57,3299.34,-1.000,sl,120
2025-07-30 21:45,2025-07-30 21:45,sell,3288.69,3293.67,3281.84,3281.84,1.374,tp,15
2025-07-30 22:15,2025-07-30 22:45,sell,3275.17,3280.40,3267.95,3269.38,1.107,lock_target,45
2025-07-31 11:30,2025-07-31 12:30,buy,3310.98,3306.11,3317.66,3306.11,-1.000,sl,75
2025-07-31 15:45,2025-07-31 16:30,buy,3308.84,3304.01,3315.46,3304.01,-1.000,sl,60
2025-07-31 19:15,2025-07-31 19:15,sell,3290.90,3295.98,3283.91,3292.50,-0.315,lock_stop,15
2025-08-01 05:00,2025-08-01 05:00,sell,3283.55,3287.59,3278.12,3287.59,-1.000,sl,15
2025-08-01 10:45,2025-08-01 11:45,sell,3287.13,3290.60,3282.55,3290.60,-1.000,sl,75
2025-08-01 14:00,2025-08-01 15:15,buy,3298.53,3294.56,3303.86,3303.86,1.342,tp,90
2025-08-01 15:45,2025-08-01 16:00,buy,3339.46,3333.22,3348.19,3348.19,1.400,tp,30
2025-08-01 16:30,2025-08-01 16:30,buy,3352.02,3344.54,3362.61,3344.54,-1.000,sl,15
2025-08-01 21:45,2025-08-01 22:30,buy,3351.07,3347.17,3356.29,3356.29,1.340,tp,60
2025-08-01 23:45,2025-08-01 23:45,buy,3362.91,3359.28,3367.73,3363.23,0.088,eod,15
2025-08-04 06:15,2025-08-04 07:15,buy,3356.15,3352.17,3361.49,3361.49,1.343,tp,75
2025-08-04 10:00,2025-08-04 10:00,buy,3362.85,3359.41,3367.38,3359.41,-1.000,sl,15
2025-08-04 14:15,2025-08-04 14:45,buy,3364.00,3360.62,3368.44,3368.44,1.315,tp,45
2025-08-04 16:15,2025-08-04 16:15,buy,3373.53,3369.29,3379.26,3375.53,0.472,lock_target,15
2025-08-05 02:15,2025-08-05 02:30,buy,3378.97,3376.94,3381.39,3376.94,-1.000,sl,30
2025-08-05 09:45,2025-08-05 10:00,sell,3366.22,3369.03,3362.63,3369.03,-1.000,sl,30
2025-08-05 12:15,2025-08-05 12:45,sell,3365.02,3368.80,3359.97,3359.97,1.335,tp,45
2025-08-05 13:15,2025-08-05 14:30,sell,3356.48,3360.48,3351.10,3351.10,1.344,tp,90
2025-08-05 17:45,2025-08-05 19:30,buy,3384.51,3378.57,3392.79,3378.57,-1.000,sl,120
2025-08-06 02:30,2025-08-06 03:15,buy,3382.04,3380.23,3384.14,3384.14,1.155,tp,60
2025-08-06 08:00,2025-08-06 09:00,sell,3372.17,3375.28,3368.13,3375.28,-1.000,sl,75
2025-08-06 10:30,2025-08-06 10:30,sell,3370.02,3373.05,3366.09,3373.05,-1.000,sl,15
2025-08-06 11:30,2025-08-06 12:45,sell,3366.46,3370.34,3361.26,3361.26,1.339,tp,90
2025-08-06 23:30,2025-08-06 23:45,sell,3368.53,3371.35,3364.93,3368.40,0.046,eod,30
2025-08-07 04:30,2025-08-07 05:00,buy,3378.28,3374.58,3383.21,3383.21,1.331,tp,45
2025-08-07 09:45,2025-08-07 10:00,buy,3385.40,3381.67,3390.38,3387.92,0.675,lock_target,30
2025-08-08 06:45,2025-08-08 08:30,buy,3396.00,3390.64,3403.41,3390.64,-1.000,sl,120
2025-08-08 11:00,2025-08-08 11:45,buy,3401.97,3396.78,3409.12,3396.78,-1.000,sl,60
2025-08-08 17:30,2025-08-08 17:30,sell,3383.03,3390.90,3371.85,3386.83,-0.483,lock_stop,15
2025-08-11 03:45,2025-08-11 04:00,sell,3383.41,3387.81,3377.43,3377.43,1.358,tp,30
2025-08-11 09:15,2025-08-11 09:15,sell,3373.17,3376.78,3368.39,3368.39,1.327,tp,15
2025-08-12 09:15,2025-08-12 09:15,sell,3348.28,3351.84,3343.57,3343.57,1.324,tp,15
2025-08-12 14:15,2025-08-12 14:30,sell,3343.46,3347.61,3337.86,3337.86,1.349,tp,30
2025-08-13 01:30,2025-08-13 03:00,buy,3352.07,3349.57,3355.20,3349.57,-1.000,sl,105
2025-08-13 04:00,2025-08-13 04:00,sell,3343.30,3345.89,3340.03,3345.89,-1.000,sl,15
2025-08-13 05:45,2025-08-13 05:45,buy,3353.15,3349.27,3358.34,3351.80,-0.348,lock_stop,15
2025-08-14 02:15,2025-08-14 02:30,buy,3360.42,3358.25,3363.05,3363.05,1.212,tp,30
2025-08-14 03:15,2025-08-14 03:15,buy,3368.19,3365.78,3371.18,3371.18,1.241,tp,15
2025-08-15 01:30,2025-08-15 02:30,sell,3333.76,3336.05,3330.95,3336.05,-1.000,sl,75
2025-08-15 13:30,2025-08-15 14:30,sell,3337.89,3342.11,3332.19,3342.11,-1.000,sl,75
2025-08-15 20:15,2025-08-15 20:15,sell,3335.49,3339.07,3330.74,3336.50,-0.282,lock_stop,15
2025-08-18 01:15,2025-08-18 01:15,sell,3333.15,3335.14,3330.79,3335.14,-1.000,sl,15
2025-08-18 02:15,2025-08-18 02:15,sell,3330.00,3332.20,3327.32,3327.32,1.216,tp,15
2025-08-18 05:00,2025-08-18 05:15,buy,3347.11,3342.79,3352.97,3342.79,-1.000,sl,30
2025-08-18 06:45,2025-08-18 07:30,buy,3348.50,3344.88,3353.30,3353.30,1.327,tp,60
2025-08-18 08:00,2025-08-18 08:15,buy,3357.78,3354.40,3362.23,3354.40,-1.000,sl,30
2025-08-18 17:00,2025-08-18 19:00,sell,3336.56,3339.92,3332.14,3332.14,1.314,tp,135
2025-08-18 22:15,2025-08-18 22:45,sell,3330.97,3333.29,3328.11,3333.29,-1.000,sl,45
2025-08-19 02:30,2025-08-19 03:00,sell,3332.00,3333.70,3330.08,3333.70,-1.000,sl,45
2025-08-19 13:15,2025-08-19 14:30,buy,3343.03,3340.05,3346.88,3340.05,-1.000,sl,90
2025-08-19 18:00,2025-08-19 19:45,sell,3325.03,3330.27,3317.79,3317.79,1.381,tp,120
2025-08-19 20:30,2025-08-19 20:30,sell,3315.28,3319.81,3309.10,3319.81,-1.000,sl,15
2025-08-19 23:15,2025-08-19 23:15,sell,3315.24,3317.66,3312.23,3316.69,-0.599,lock_stop,15
2025-08-20 03:00,2025-08-20 03:00,sell,3314.00,3315.84,3311.87,3315.84,-1.000,sl,15
2025-08-20 04:30,2025-08-20 04:30,sell,3311.80,3314.36,3308.59,3314.36,-1.000,sl,15
2025-08-20 14:15,2025-08-20 14:30,buy,3329.20,3326.61,3332.46,3328.98,-0.085,lock_stop,30
2025-08-21 01:15,2025-08-21 01:15,buy,3351.19,3349.03,3353.81,3349.03,-1.000,sl,15
2025-08-21 09:30,2025-08-21 09:30,sell,3334.31,3336.57,3331.55,3336.57,-1.000,sl,15
2025-08-21 13:45,2025-08-21 14:00,sell,3330.27,3333.48,3326.09,3326.09,1.305,tp,30
2025-08-22 03:15,2025-08-22 03:15,sell,3336.21,3337.88,3334.33,3337.88,-1.000,sl,15
2025-08-22 05:00,2025-08-22 05:00,sell,3333.85,3336.16,3331.00,3336.16,-1.000,sl,15
2025-08-22 06:15,2025-08-22 06:15,sell,3332.16,3334.82,3328.80,3333.67,-0.569,lock_stop,15
2025-08-25 06:45,2025-08-25 07:00,buy,3367.69,3365.10,3370.96,3365.10,-1.000,sl,30
2025-08-25 09:15,2025-08-25 11:00,buy,3367.95,3365.75,3370.63,3365.75,-1.000,sl,120
2025-08-25 14:45,2025-08-25 15:00,buy,3370.01,3367.59,3373.02,3368.61,-0.579,lock_stop,30
2025-08-26 02:15,2025-08-26 02:15,sell,3358.29,3360.51,3355.59,3355.59,1.218,tp,15
2025-08-26 02:45,2025-08-26 03:00,sell,3353.71,3356.16,3350.67,3356.16,-1.000,sl,30
2025-08-26 04:00,2025-08-26 04:00,buy,3383.51,3378.44,3390.48,3378.44,-1.000,sl,15
2025-08-26 14:45,2025-08-26 15:45,buy,3379.18,3375.44,3384.17,3375.44,-1.000,sl,75
2025-08-26 18:00,2025-08-26 18:45,buy,3379.60,3375.21,3385.57,3385.57,1.358,tp,60
2025-08-26 22:15,2025-08-26 23:45,buy,3388.56,3385.90,3391.92,3391.92,1.265,tp,105
2025-08-27 07:45,2025-08-27 08:30,sell,3374.74,3377.40,3371.37,3377.40,-1.000,sl,60
2025-08-27 13:30,2025-08-27 15:15,sell,3376.25,3379.35,3372.23,3379.35,-1.000,sl,120
2025-08-27 18:15,2025-08-27 18:15,buy,3389.36,3385.33,3394.78,3387.92,-0.357,lock_stop,15
2025-08-28 09:45,2025-08-28 11:30,buy,3395.59,3393.00,3398.84,3398.84,1.258,tp,120
2025-08-28 12:00,2025-08-28 13:00,buy,3400.97,3397.69,3405.26,3397.69,-1.000,sl,75
2025-08-28 14:30,2025-08-28 15:00,buy,3404.47,3401.20,3408.75,3408.75,1.309,tp,45
2025-08-28 17:15,2025-08-28 18:15,buy,3411.81,3406.83,3418.65,3406.83,-1.000,sl,75
2025-08-28 19:15,2025-08-28 22:45,buy,3414.01,3408.95,3420.98,3420.98,1.377,tp,225
2025-08-29 11:15,2025-08-29 11:45,buy,3414.13,3411.51,3417.44,3411.51,-1.000,sl,45
2025-08-29 13:15,2025-08-29 14:45,sell,3406.47,3409.27,3402.89,3409.27,-1.000,sl,105
2025-08-29 16:15,2025-08-29 16:15,buy,3418.90,3415.59,3423.24,3417.54,-0.411,lock_stop,15
2025-09-01 05:00,2025-09-01 05:00,buy,3457.61,3453.02,3463.87,3463.87,1.364,tp,15
2025-09-01 05:45,2025-09-01 05:45,buy,3475.65,3468.81,3485.29,3483.57,1.158,lock_target,15
2025-09-02 04:15,2025-09-02 04:15,buy,3489.19,3485.00,3494.86,3494.86,1.351,tp,15
2025-09-02 04:45,2025-09-02 04:45,buy,3502.53,3497.55,3509.38,3497.55,-1.000,sl,15
2025-09-02 15:00,2025-09-02 15:15,buy,3489.93,3485.18,3496.44,3485.18,-1.000,sl,30
2025-09-02 17:15,2025-09-02 17:30,buy,3497.91,3489.97,3509.20,3509.20,1.421,tp,30
2025-09-02 18:00,2025-09-02 19:00,buy,3511.35,3502.14,3524.53,3524.53,1.432,tp,75
2025-09-03 03:30,2025-09-03 03:30,buy,3537.59,3533.62,3542.91,3542.91,1.342,tp,15
2025-09-03 11:30,2025-09-03 11:30,buy,3541.30,3536.86,3547.34,3536.86,-1.000,sl,15
2025-09-03 14:15,2025-09-03 15:15,buy,3546.51,3541.99,3552.67,3541.99,-1.000,sl,75
2025-09-03 16:00,2025-09-03 16:15,buy,3550.65,3545.61,3557.58,3557.58,1.376,tp,30
2025-09-03 17:30,2025-09-03 17:45,buy,3563.32,3556.43,3573.02,3556.43,-1.000,sl,30
2025-09-03 19:30,2025-09-03 21:00,buy,3568.09,3561.07,3577.99,3577.99,1.411,tp,105
2025-09-04 05:45,2025-09-04 05:45,sell,3537.46,3544.19,3527.98,3527.98,1.407,tp,15
2025-09-04 06:15,2025-09-04 06:15,sell,3514.99,3523.29,3503.16,3523.29,-1.000,sl,15
2025-09-04 19:00,2025-09-04 20:30,buy,3553.02,3545.46,3563.73,3545.46,-1.000,sl,105
2025-09-05 03:00,2025-09-05 03:15,buy,3552.86,3549.51,3557.26,3549.51,-1.000,sl,30
2025-09-05 06:45,2025-09-05 09:00,buy,3558.07,3553.99,3563.57,3553.99,-1.000,sl,150
2025-09-05 12:45,2025-09-05 13:00,buy,3551.75,3548.05,3556.68,3550.60,-0.311,lock_stop,30
2025-09-08 04:00,2025-09-08 04:00,buy,3594.42,3589.72,3600.85,3589.72,-1.000,sl,15
2025-09-08 08:45,2025-09-08 09:00,buy,3587.56,3583.66,3592.78,3592.78,1.340,tp,30
2025-09-08 09:30,2025-09-08 10:00,buy,3594.59,3590.84,3599.59,3599.59,1.333,tp,45
2025-09-08 10:30,2025-09-08 10:30,buy,3609.22,3604.86,3615.14,3613.11,0.891,lock_target,15
2025-09-09 03:15,2025-09-09 04:00,buy,3637.35,3634.15,3641.53,3641.53,1.305,tp,60
2025-09-09 04:30,2025-09-09 05:00,buy,3644.76,3640.65,3650.30,3650.30,1.348,tp,45
2025-09-10 04:00,2025-09-10 04:30,sell,3623.68,3629.22,3615.99,3629.22,-1.000,sl,45
2025-09-10 09:15,2025-09-10 09:30,buy,3646.50,3643.01,3651.11,3643.01,-1.000,sl,30
2025-09-10 12:45,2025-09-10 13:30,buy,3651.29,3647.06,3657.00,3657.00,1.352,tp,60
2025-09-10 21:30,2025-09-10 21:45,buy,3648.82,3644.78,3654.26,3644.78,-1.000,sl,30
2025-09-10 22:45,2025-09-10 22:45,sell,3637.45,3640.79,3633.06,3640.79,-1.000,sl,15
2025-09-11 05:00,2025-09-11 05:30,sell,3640.77,3644.29,3636.12,3636.12,1.322,tp,45
2025-09-11 06:45,2025-09-11 08:45,sell,3630.63,3634.88,3624.88,3624.88,1.353,tp,135
2025-09-12 04:00,2025-09-12 04:00,buy,3636.82,3634.05,3640.34,3640.34,1.274,tp,15
2025-09-12 04:45,2025-09-12 05:15,buy,3645.78,3642.38,3650.25,3649.81,1.187,lock_target,45
2025-10-15 08:00,2025-10-15 11:45,buy,4179.94,4139.67,4239.72,4208.05,0.698,time,240
2025-10-15 17:15,2025-10-15 17:30,buy,4208.66,4197.39,4224.93,4197.39,-1.000,sl,30
2025-10-15 21:15,2025-10-15 23:45,buy,4200.32,4189.70,4215.62,4207.45,0.672,eod,165
2025-10-16 01:45,2025-10-16 02:00,buy,4215.54,4209.12,4224.55,4209.12,-1.000,sl,30
2025-10-16 03:30,2025-10-16 03:45,buy,4223.41,4216.64,4232.93,4216.64,-1.000,sl,30
2025-10-16 04:45,2025-10-16 04:45,buy,4231.02,4222.47,4243.21,4230.09,-0.109,lock_stop,15
2025-10-17 01:15,2025-10-17 01:15,buy,4349.91,4337.66,4367.66,4367.66,1.449,tp,15
2025-10-17 07:00,2025-10-17 08:30,buy,4366.76,4346.98,4395.80,4346.98,-1.000,sl,105
2025-10-17 17:15,2025-10-17 17:15,sell,4217.40,4242.76,4179.98,4242.76,-1.000,sl,15
2025-10-17 19:30,2025-10-17 21:00,sell,4214.27,4240.72,4175.22,4240.72,-1.000,sl,105
2025-10-20 03:00,2025-10-20 04:00,sell,4237.55,4250.92,4218.12,4250.92,-1.000,sl,75
2025-10-20 09:00,2025-10-20 09:30,sell,4239.65,4249.13,4226.06,4226.06,1.434,tp,45
2025-10-20 15:00,2025-10-20 15:15,buy,4279.65,4271.13,4291.80,4291.80,1.427,tp,30
2025-10-20 15:45,2025-10-20 15:45,buy,4320.28,4308.99,4336.59,4323.53,0.288,lock_target,15
2025-10-21 10:45,2025-10-21 11:00,sell,4300.40,4312.15,4283.40,4283.40,1.447,tp,30
2025-10-21 15:15,2025-10-21 15:45,sell,4225.16,4240.68,4202.50,4210.98,0.913,lock_target,45
2025-10-22 03:00,2025-10-22 03:00,sell,4092.71,4104.87,4075.10,4075.10,1.449,tp,15
2025-10-22 11:15,2025-10-22 11:15,sell,4087.40,4103.30,4064.18,4103.30,-1.000,sl,15
2025-10-22 13:45,2025-10-22 14:00,sell,4053.69,4078.74,4016.74,4016.74,1.475,tp,30
2025-10-22 18:00,2025-10-22 18:00,sell,4014.70,4037.94,3980.47,4037.94,-1.000,sl,15
2025-10-23 06:30,2025-10-23 07:15,buy,4095.77,4083.57,4113.44,4083.57,-1.000,sl,60
2025-10-23 08:45,2025-10-23 08:45,buy,4096.78,4088.20,4109.02,4109.02,1.427,tp,15
2025-10-23 09:15,2025-10-23 09:30,buy,4130.04,4120.02,4144.45,4120.02,-1.000,sl,30
2025-10-23 12:30,2025-10-23 13:15,buy,4122.29,4109.16,4141.35,4109.16,-1.000,sl,60
2025-10-23 16:15,2025-10-23 17:00,buy,4135.26,4123.67,4152.01,4152.01,1.446,tp,60
2025-10-24 03:30,2025-10-24 04:30,buy,4133.03,4123.38,4146.88,4123.38,-1.000,sl,75
2025-10-24 07:30,2025-10-24 08:00,sell,4106.53,4116.53,4092.15,4116.53,-1.000,sl,45
2025-10-24 09:15,2025-10-24 09:15,sell,4082.98,4092.15,4069.85,4089.63,-0.725,lock_stop,15
2025-10-27 06:15,2025-10-27 06:45,sell,4057.12,4068.47,4040.72,4068.47,-1.000,sl,45
2025-10-27 09:30,2025-10-27 10:45,sell,4068.02,4077.08,4055.05,4055.05,1.431,tp,90
2025-10-27 13:45,2025-10-27 14:00,sell,4020.36,4034.70,3999.47,4034.70,-1.000,sl,30
2025-10-27 16:15,2025-10-27 16:30,sell,4004.60,4018.33,3984.62,3984.62,1.454,tp,30
2025-10-27 17:15,2025-10-27 18:00,sell,3978.47,3993.90,3955.95,3993.90,-1.000,sl,60
2025-10-27 21:30,2025-10-27 22:15,sell,3988.95,3998.60,3975.10,3998.60,-1.000,sl,60
2025-10-28 05:00,2025-10-28 06:15,sell,3983.37,3995.52,3965.77,3965.77,1.449,tp,90
2025-10-28 07:45,2025-10-28 08:15,sell,3960.23,3971.98,3943.23,3952.79,0.633,lock_target,45
2025-10-29 00:15,2025-10-29 00:15,sell,3936.29,3947.13,3920.66,3947.13,-1.000,sl,15
2025-10-29 02:30,2025-10-29 04:30,buy,3971.11,3957.73,3990.55,3957.73,-1.000,sl,135
2025-10-29 08:15,2025-10-29 08:45,buy,3968.86,3959.20,3982.73,3982.73,1.435,tp,45
2025-10-29 09:15,2025-10-29 10:15,buy,3995.19,3984.47,4010.64,4010.64,1.442,tp,75
2025-10-29 11:00,2025-10-29 14:00,buy,4016.61,4006.45,4031.23,4028.32,1.152,lock_target,195
2025-10-30 04:15,2025-10-30 05:00,sell,3935.84,3948.81,3917.02,3917.02,1.452,tp,60
2025-10-30 11:15,2025-10-30 11:45,buy,4005.04,3992.82,4022.75,3992.82,-1.000,sl,45
2025-10-30 16:00,2025-10-30 16:00,buy,3995.50,3982.32,4014.64,4014.64,1.453,tp,15
2025-10-30 19:45,2025-10-30 20:00,buy,4010.54,4000.18,4025.45,4000.18,-1.000,sl,30
2025-10-30 21:15,2025-10-30 22:45,buy,4025.18,4015.99,4038.34,4024.28,-0.098,eod,105
2025-10-31 01:00,2025-10-31 01:00,buy,4038.13,4029.72,4050.12,4029.72,-1.000,sl,15
2025-10-31 09:15,2025-10-31 10:45,buy,4015.72,4006.89,4028.34,4006.89,-1.000,sl,105
2025-10-31 14:30,2025-10-31 14:30,buy,4019.00,4011.36,4029.84,4029.84,1.418,tp,15
2025-11-03 01:45,2025-11-03 02:00,sell,3979.35,3987.82,3967.27,3967.27,1.426,tp,30
2025-11-03 10:00,2025-11-03 10:15,buy,4025.41,4018.39,4035.32,4018.39,-1.000,sl,30
2025-11-03 14:00,2025-11-03 15:15,buy,4007.78,3999.12,4020.14,4020.14,1.428,tp,90
2025-11-03 17:00,2025-11-03 17:00,buy,4022.39,4014.57,4033.49,4026.88,0.574,lock_target,15
2025-11-04 01:15,2025-11-04 01:15,sell,3987.95,3995.28,3977.57,3995.28,-1.000,sl,15
2025-11-04 02:45,2025-11-04 02:45,sell,3979.73,3987.81,3968.24,3987.81,-1.000,sl,15
2025-11-04 04:15,2025-11-04 04:15,sell,3976.87,3987.02,3962.27,3983.85,-0.688,lock_stop,15
2025-11-05 07:30,2025-11-05 07:45,buy,3976.04,3968.88,3986.16,3968.88,-1.000,sl,30
2025-11-05 10:15,2025-11-05 11:15,buy,3982.41,3974.97,3992.94,3974.97,-1.000,sl,75
2025-11-05 15:15,2025-11-05 15:15,buy,3972.10,3965.04,3982.07,3965.04,-1.000,sl,15
2025-11-06 04:45,2025-11-06 05:30,buy,3980.29,3974.31,3988.64,3988.64,1.396,tp,60
2025-11-06 09:00,2025-11-06 09:00,buy,3991.69,3987.14,3997.89,3997.89,1.363,tp,15
2025-11-07 07:00,2025-11-07 07:15,buy,3998.61,3992.77,4006.75,3992.77,-1.000,sl,30
2025-11-07 08:45,2025-11-07 09:00,buy,4001.57,3996.26,4008.91,4008.91,1.382,tp,30
2025-11-07 11:15,2025-11-07 11:30,buy,4010.92,4005.41,4018.57,4005.41,-1.000,sl,30
2025-11-07 18:45,2025-11-07 18:45,buy,4020.96,4010.68,4035.76,4010.68,-1.000,sl,15
2025-11-10 01:15,2025-11-10 01:15,buy,4010.98,4005.10,4019.18,4005.10,-1.000,sl,15
2025-11-10 02:00,2025-11-10 02:45,buy,4012.02,4005.59,4021.03,4021.03,1.403,tp,60
2025-11-10 03:15,2025-11-10 03:15,buy,4026.85,4020.53,4035.70,4035.70,1.401,tp,15
2025-11-10 06:15,2025-11-10 07:30,buy,4056.40,4047.75,4068.75,4062.69,0.727,lock_target,90
2025-11-11 01:15,2025-11-11 02:15,buy,4119.54,4114.80,4126.03,4126.03,1.368,tp,75
2025-11-11 02:45,2025-11-11 03:15,buy,4129.60,4124.94,4135.97,4135.97,1.366,tp,45
2025-11-12 01:15,2025-11-12 01:30,buy,4133.51,4128.78,4139.98,4139.98,1.368,tp,30
2025-11-12 06:00,2025-11-12 07:15,sell,4111.64,4118.80,4101.53,4105.31,0.884,lock_target,90
2025-11-13 05:45,2025-11-13 09:30,buy,4207.49,4196.59,4223.22,4215.27,0.714,time,240
2025-11-13 10:00,2025-11-13 10:00,buy,4220.10,4212.95,4230.21,4230.02,1.387,lock_target,15
2025-11-14 03:30,2025-11-14 03:30,sell,4174.43,4183.32,4161.73,4183.32,-1.000,sl,15
2025-11-14 08:30,2025-11-14 09:15,sell,4177.98,4185.94,4166.66,4166.66,1.421,tp,60
2025-11-14 12:15,2025-11-14 13:15,sell,4165.16,4175.31,4150.57,4150.57,1.438,tp,75
2025-11-14 14:00,2025-11-14 14:00,sell,4132.32,4143.09,4116.78,4125.94,0.592,lock_target,15
2025-11-17 05:15,2025-11-17 07:15,sell,4079.52,4089.80,4064.73,4064.73,1.439,tp,135
2025-11-17 07:45,2025-11-17 08:00,sell,4057.24,4065.54,4045.41,4065.54,-1.000,sl,30
2025-11-17 13:00,2025-11-17 13:30,sell,4069.98,4078.48,4057.85,4078.48,-1.000,sl,45
2025-11-17 16:00,2025-11-17 16:30,sell,4064.99,4075.76,4049.46,4075.76,-1.000,sl,45
2025-11-17 21:00,2025-11-17 21:30,sell,4062.32,4070.16,4051.18,4051.18,1.420,tp,45
2025-11-17 22:00,2025-11-17 22:00,sell,4010.83,4021.25,3995.82,4021.25,-1.000,sl,15
2025-11-18 04:00,2025-11-18 04:15,sell,4024.75,4034.42,4010.87,4034.42,-1.000,sl,30
2025-11-18 05:00,2025-11-18 08:45,sell,4017.48,4028.88,4001.01,4008.98,0.746,time,240
2025-11-18 09:30,2025-11-18 09:30,sell,4001.97,4010.24,3990.19,4010.24,-1.000,sl,15
2025-11-18 15:45,2025-11-18 16:15,buy,4063.55,4054.28,4076.82,4076.82,1.433,tp,45
2025-11-18 19:45,2025-11-18 23:30,buy,4073.39,4060.94,4091.44,4067.28,-0.491,time,240
2025-11-19 02:00,2025-11-19 02:15,buy,4076.97,4071.21,4084.99,4071.21,-1.000,sl,30
2025-11-19 04:45,2025-11-19 05:15,buy,4078.24,4070.42,4089.34,4070.42,-1.000,sl,45
2025-11-19 07:15,2025-11-19 07:15,buy,4079.36,4072.19,4089.49,4089.49,1.413,tp,15
2025-11-19 07:45,2025-11-19 09:00,buy,4092.74,4085.19,4103.43,4085.19,-1.000,sl,90
2025-11-19 11:45,2025-11-19 11:45,buy,4099.18,4091.01,4110.81,4110.81,1.423,tp,15
2025-11-19 17:00,2025-11-19 17:15,buy,4127.91,4117.88,4142.33,4117.88,-1.000,sl,30
2025-11-20 04:15,2025-11-20 04:15,sell,4063.08,4073.12,4048.64,4048.64,1.438,tp,15
2025-11-20 08:30,2025-11-20 08:30,sell,4062.67,4072.07,4049.20,4072.07,-1.000,sl,15
2025-11-20 10:15,2025-11-20 10:30,sell,4046.81,4057.30,4031.69,4057.30,-1.000,sl,30
2025-11-20 19:00,2025-11-20 19:45,sell,4048.59,4065.72,4023.53,4065.72,-1.000,sl,60
2025-11-21 01:15,2025-11-21 01:15,buy,4085.34,4077.12,4097.04,4077.12,-1.000,sl,15
2025-11-21 01:45,2025-11-21 01:45,buy,4087.39,4079.16,4099.11,4079.16,-1.000,sl,15
2025-11-21 05:00,2025-11-21 06:15,sell,4057.03,4066.59,4043.31,4059.76,-0.285,lock_stop,90
2025-11-24 04:00,2025-11-24 05:30,sell,4043.95,4053.00,4031.01,4053.00,-1.000,sl,105
2025-11-24 14:45,2025-11-24 16:30,buy,4079.47,4073.09,4088.42,4073.09,-1.000,sl,120
2025-11-24 17:15,2025-11-24 17:15,buy,4092.55,4084.04,4104.69,4088.28,-0.502,lock_stop,15
2025-11-25 02:00,2025-11-25 02:00,buy,4143.99,4137.23,4153.50,4137.23,-1.000,sl,15
2025-11-25 04:30,2025-11-25 08:15,buy,4144.91,4136.12,4157.46,4140.83,-0.464,time,240
2025-11-25 15:30,2025-11-25 16:15,buy,4141.67,4132.73,4154.46,4134.20,-0.835,lock_stop,60
2025-11-26 02:15,2025-11-26 03:00,buy,4138.82,4133.89,4145.58,4145.58,1.373,tp,60
2025-11-26 03:45,2025-11-26 04:15,buy,4150.49,4144.80,4158.41,4158.41,1.390,tp,45
2025-11-27 05:00,2025-11-27 06:30,sell,4145.06,4150.79,4137.10,4150.79,-1.000,sl,105
2025-11-27 13:45,2025-11-27 14:15,buy,4161.01,4155.80,4168.19,4155.80,-1.000,sl,45
2025-11-27 15:15,2025-11-27 15:15,sell,4150.80,4155.17,4144.87,4152.35,-0.354,lock_stop,15
2025-11-28 01:15,2025-11-28 02:00,buy,4162.98,4160.00,4166.82,4166.82,1.290,tp,60
2025-11-28 02:30,2025-11-28 02:30,buy,4170.86,4167.72,4174.95,4174.95,1.301,tp,15
2025-12-01 03:30,2025-12-01 03:45,buy,4238.66,4229.66,4251.54,4251.54,1.431,tp,30
2025-12-01 07:00,2025-12-01 07:00,buy,4245.79,4238.12,4256.67,4238.12,-1.000,sl,15
2025-12-01 10:00,2025-12-01 12:00,buy,4245.57,4237.01,4257.78,4257.78,1.427,tp,135
2025-12-01 15:45,2025-12-01 15:45,buy,4262.01,4254.66,4272.41,4254.66,-1.000,sl,15
2025-12-02 02:00,2025-12-02 03:00,sell,4227.36,4233.29,4219.09,4219.09,1.395,tp,75
2025-12-02 08:30,2025-12-02 08:45,sell,4205.30,4211.04,4197.32,4211.04,-1.000,sl,30
2025-12-02 11:30,2025-12-02 11:30,sell,4194.39,4202.24,4183.24,4183.24,1.420,tp,15
2025-12-02 17:30,2025-12-02 17:45,sell,4187.88,4198.18,4173.06,4173.06,1.439,tp,30
2025-12-03 04:15,2025-12-03 07:30,buy,4224.05,4217.25,4233.63,4217.25,-1.000,sl,210
2025-12-03 12:15,2025-12-03 12:15,sell,4194.81,4200.12,4187.47,4200.12,-1.000,sl,15
2025-12-03 15:30,2025-12-03 15:45,buy,4220.63,4214.19,4229.66,4229.66,1.403,tp,30
2025-12-04 05:15,2025-12-04 07:30,sell,4192.80,4199.76,4182.98,4182.98,1.410,tp,150
2025-12-04 11:00,2025-12-04 11:15,sell,4184.38,4191.71,4174.01,4191.71,-1.000,sl,30
2025-12-04 14:45,2025-12-04 16:00,sell,4192.44,4198.53,4183.92,4198.53,-1.000,sl,90
2025-12-04 18:30,2025-12-04 21:00,buy,4216.40,4206.60,4230.47,4206.60,-1.000,sl,165
2025-12-05 06:00,2025-12-05 07:00,buy,4209.78,4203.98,4217.85,4217.85,1.392,tp,75
2025-12-05 07:30,2025-12-05 08:00,buy,4219.70,4214.47,4226.92,4226.92,1.380,tp,45
2025-12-08 07:30,2025-12-08 07:30,sell,4206.00,4210.73,4199.54,4210.73,-1.000,sl,15
2025-12-08 17:00,2025-12-08 17:00,sell,4196.44,4204.03,4185.68,4185.68,1.418,tp,15
2025-12-09 07:00,2025-12-09 07:45,sell,4186.61,4191.21,4180.33,4180.33,1.364,tp,60
2025-12-09 08:15,2025-12-09 08:30,sell,4174.22,4179.22,4167.35,4179.22,-1.000,sl,30
2025-12-09 18:00,2025-12-09 19:45,buy,4212.62,4203.40,4225.82,4203.40,-1.000,sl,120
2025-12-09 22:00,2025-12-09 23:45,buy,4212.76,4206.86,4220.98,4208.14,-0.783,eod,120
2025-12-10 03:15,2025-12-10 05:00,buy,4215.15,4211.46,4220.06,4211.46,-1.000,sl,120
2025-12-10 07:45,2025-12-10 08:15,buy,4212.10,4207.64,4218.17,4207.64,-1.000,sl,45
2025-12-10 10:15,2025-12-10 10:15,sell,4202.14,4206.60,4196.07,4203.88,-0.390,lock_stop,15
2025-12-11 02:15,2025-12-11 03:30,buy,4242.99,4232.89,4257.52,4232.89,-1.000,sl,90
2025-12-11 14:00,2025-12-11 14:15,sell,4210.88,4216.32,4203.35,4216.32,-1.000,sl,30
2025-12-11 15:00,2025-12-11 15:00,buy,4220.65,4215.48,4227.78,4215.48,-1.000,sl,15
2025-12-12 07:30,2025-12-12 07:45,buy,4274.46,4270.10,4280.37,4280.37,1.357,tp,30
2025-12-12 08:30,2025-12-12 09:00,buy,4281.20,4276.98,4286.91,4286.91,1.352,tp,45
2025-12-15 03:15,2025-12-15 03:30,buy,4313.21,4307.11,4321.73,4321.73,1.397,tp,30
2025-12-15 04:45,2025-12-15 05:00,buy,4329.07,4323.05,4337.47,4323.05,-1.000,sl,30
2025-12-15 07:45,2025-12-15 08:45,buy,4339.18,4334.06,4346.23,4346.23,1.378,tp,75
2025-12-15 11:15,2025-12-15 11:45,buy,4349.35,4344.06,4356.66,4344.06,-1.000,sl,45
2025-12-15 18:15,2025-12-15 18:30,sell,4303.18,4315.11,4285.91,4285.91,1.448,tp,30
2025-12-16 05:00,2025-12-16 07:30,sell,4289.64,4297.65,4278.25,4278.25,1.422,tp,165
2025-12-16 10:30,2025-12-16 10:45,sell,4278.74,4285.74,4268.86,4285.74,-1.000,sl,30
2025-12-16 16:30,2025-12-16 17:15,buy,4325.38,4317.72,4336.25,4317.72,-1.000,sl,60
2025-12-16 21:00,2025-12-16 21:15,buy,4311.45,4302.19,4324.71,4302.19,-1.000,sl,30
2025-12-17 02:15,2025-12-17 03:00,buy,4312.74,4308.23,4318.88,4318.88,1.361,tp,60
2025-12-17 03:45,2025-12-17 03:45,buy,4323.11,4318.50,4329.39,4326.51,0.738,lock_target,15
2025-12-18 07:15,2025-12-18 07:45,buy,4337.41,4332.66,4343.91,4332.66,-1.000,sl,45
2025-12-18 14:30,2025-12-18 14:30,sell,4319.08,4323.45,4313.15,4323.45,-1.000,sl,15
2025-12-18 15:15,2025-12-18 15:15,sell,4316.12,4320.69,4309.89,4320.69,-1.000,sl,15
2025-12-19 03:00,2025-12-19 03:15,sell,4325.68,4330.11,4319.65,4319.65,1.359,tp,30
2025-12-19 15:30,2025-12-19 15:30,buy,4334.95,4329.95,4341.83,4329.95,-1.000,sl,15
2025-12-19 17:15,2025-12-19 18:00,buy,4341.85,4334.00,4352.99,4352.99,1.420,tp,60
2025-12-22 01:30,2025-12-22 01:45,buy,4348.82,4344.48,4354.70,4354.70,1.356,tp,30
2025-12-22 02:15,2025-12-22 02:15,buy,4359.79,4354.73,4366.76,4363.25,0.684,lock_target,15
2025-12-23 01:15,2025-12-23 02:00,buy,4455.00,4449.27,4462.97,4462.97,1.391,tp,60
2025-12-23 02:30,2025-12-23 03:00,buy,4468.46,4462.10,4477.38,4477.38,1.402,tp,45
2025-12-24 01:45,2025-12-24 02:30,buy,4505.64,4498.78,4515.31,4515.31,1.409,tp,60
2025-12-24 03:30,2025-12-24 04:00,buy,4521.64,4512.37,4534.93,4512.37,-1.000,sl,45
2025-12-24 12:00,2025-12-24 12:30,buy,4494.80,4487.97,4504.42,4487.97,-1.000,sl,45
2025-12-24 15:30,2025-12-24 15:30,sell,4478.60,4485.81,4468.42,4485.81,-1.000,sl,15
2025-12-24 17:00,2025-12-24 17:00,sell,4464.31,4473.13,4451.70,4473.13,-1.000,sl,15
2025-12-26 02:30,2025-12-26 03:00,buy,4507.34,4498.08,4520.60,4520.60,1.432,tp,45
2025-12-26 07:45,2025-12-26 08:15,buy,4512.37,4504.68,4523.29,4518.23,0.762,lock_target,45
2025-12-29 08:00,2025-12-29 08:15,sell,4506.41,4513.46,4496.46,4496.46,1.411,tp,30
2025-12-29 08:45,2025-12-29 08:45,sell,4486.76,4495.22,4474.69,4474.69,1.426,tp,15
2025-12-30 10:30,2025-12-30 10:45,sell,4353.22,4363.25,4338.80,4363.25,-1.000,sl,30
2025-12-30 14:15,2025-12-30 15:30,buy,4396.35,4388.29,4407.81,4388.29,-1.000,sl,90
2025-12-30 22:00,2025-12-30 22:15,sell,4348.37,4357.56,4335.21,4350.30,-0.210,lock_stop,30
2025-12-31 01:30,2025-12-31 02:00,sell,4333.82,4343.76,4319.53,4343.76,-1.000,sl,45
2025-12-31 07:00,2025-12-31 07:45,sell,4332.78,4344.61,4315.66,4315.66,1.447,tp,60
2025-12-31 11:00,2025-12-31 11:15,sell,4306.96,4322.82,4283.80,4322.82,-1.000,sl,30
2025-12-31 18:15,2025-12-31 22:00,sell,4323.41,4336.75,4304.03,4314.83,0.643,time,240
2026-01-02 03:00,2026-01-02 03:15,buy,4354.34,4345.07,4367.62,4345.07,-1.000,sl,30
2026-01-02 05:00,2026-01-02 05:30,buy,4362.99,4355.17,4374.09,4374.09,1.420,tp,45
2026-01-02 06:00,2026-01-02 09:45,buy,4375.39,4368.14,4385.63,4382.68,1.006,time,240
2026-01-02 10:15,2026-01-02 10:30,buy,4385.27,4379.16,4393.82,4390.29,0.821,lock_target,30
2026-01-05 02:30,2026-01-05 03:00,buy,4387.43,4377.15,4402.22,4402.22,1.439,tp,45
2026-01-05 07:30,2026-01-05 07:30,buy,4412.73,4404.49,4424.46,4404.49,-1.000,sl,15
2026-01-05 08:15,2026-01-05 10:15,buy,4418.43,4410.32,4429.97,4429.97,1.423,tp,135
2026-01-05 11:45,2026-01-05 12:00,buy,4437.73,4430.94,4447.29,4430.94,-1.000,sl,30
2026-01-05 16:15,2026-01-05 16:45,buy,4426.48,4415.61,4442.16,4442.16,1.442,tp,45
2026-01-06 01:15,2026-01-06 01:30,buy,4451.79,4445.00,4461.35,4445.00,-1.000,sl,30
2026-01-06 04:00,2026-01-06 05:00,buy,4450.56,4441.52,4463.49,4463.49,1.431,tp,75
2026-01-06 10:30,2026-01-06 11:00,buy,4471.30,4463.27,4482.72,4463.27,-1.000,sl,45
2026-01-06 13:45,2026-01-06 15:45,buy,4462.43,4454.47,4473.74,4454.47,-1.000,sl,135
2026-01-06 16:15,2026-01-06 16:15,buy,4472.02,4464.69,4482.40,4464.69,-1.000,sl,15
2026-01-07 01:15,2026-01-07 01:45,buy,4497.88,4492.42,4505.45,4492.42,-1.000,sl,45
2026-01-07 06:30,2026-01-07 07:30,sell,4465.71,4475.04,4452.34,4452.34,1.433,tp,75
2026-01-07 13:45,2026-01-07 14:15,sell,4450.19,4457.13,4440.41,4440.41,1.410,tp,45
2026-01-07 15:15,2026-01-07 15:15,sell,4432.70,4441.39,4420.29,4441.39,-1.000,sl,15
2026-01-07 17:15,2026-01-07 17:15,sell,4426.24,4438.65,4408.25,4438.65,-1.000,sl,15
2026-01-08 02:15,2026-01-08 02:15,buy,4465.93,4460.82,4472.97,4460.82,-1.000,sl,15
2026-01-08 06:45,2026-01-08 07:30,sell,4431.76,4439.09,4421.40,4421.40,1.415,tp,60
2026-01-08 10:45,2026-01-08 10:45,sell,4421.15,4429.98,4408.53,4429.98,-1.000,sl,15
2026-01-08 14:00,2026-01-08 14:00,sell,4422.46,4429.01,4413.26,4413.26,1.405,tp,15
2026-01-08 18:45,2026-01-08 20:30,buy,4460.93,4448.61,4478.79,4448.61,-1.000,sl,120
2026-01-08 22:30,2026-01-08 23:45,buy,4470.31,4463.25,4480.27,4477.73,1.051,eod,90
2026-01-09 07:45,2026-01-09 08:30,buy,4467.60,4461.95,4475.45,4475.45,1.389,tp,60
2026-01-09 14:00,2026-01-09 14:15,buy,4475.65,4470.41,4482.88,4470.41,-1.000,sl,30
2026-01-09 15:45,2026-01-09 17:00,buy,4487.31,4478.61,4499.73,4499.73,1.428,tp,90
2026-01-09 17:30,2026-01-09 17:30,buy,4505.49,4492.12,4524.92,4514.32,0.660,lock_target,15
2026-01-12 01:15,2026-01-12 01:30,buy,4530.51,4523.87,4539.85,4539.85,1.406,tp,30
2026-01-12 02:15,2026-01-12 02:15,buy,4553.89,4545.68,4565.58,4565.58,1.424,tp,15
2026-01-13 07:30,2026-01-13 07:30,buy,4601.50,4595.46,4609.93,4595.46,-1.000,sl,15
2026-01-13 08:45,2026-01-13 08:45,sell,4575.62,4582.27,4566.28,4582.27,-1.000,sl,15
2026-01-22 19:00,2026-01-22 20:45,buy,4878.20,4851.61,4917.46,4917.46,1.476,tp,120
2026-01-22 21:15,2026-01-22 23:45,buy,4924.16,4893.98,4968.80,4936.10,0.396,eod,165
2026-01-23 01:15,2026-01-23 01:30,buy,4943.28,4932.81,4958.35,4932.81,-1.000,sl,30
2026-01-23 03:00,2026-01-23 03:00,buy,4965.17,4953.02,4982.77,4953.02,-1.000,sl,15
2026-01-23 07:45,2026-01-23 07:45,buy,4961.23,4954.69,4970.41,4960.56,-0.103,lock_stop,15
2026-01-26 01:15,2026-01-26 01:45,buy,5021.62,5010.58,5037.55,5037.55,1.443,tp,45
2026-01-26 02:45,2026-01-26 03:00,buy,5050.41,5037.80,5068.70,5037.80,-1.000,sl,30
2026-01-26 03:30,2026-01-26 06:45,buy,5074.41,5058.80,5097.21,5058.80,-1.000,sl,210
2026-01-26 08:45,2026-01-26 08:45,buy,5092.17,5079.45,5110.62,5079.45,-1.000,sl,15
2026-01-26 17:00,2026-01-26 17:15,buy,5096.67,5083.72,5115.47,5090.24,-0.497,lock_stop,30
2026-01-27 08:00,2026-01-27 09:30,buy,5083.18,5071.81,5099.61,5099.61,1.445,tp,105
2026-01-27 12:00,2026-01-27 12:15,buy,5098.54,5088.00,5113.73,5088.00,-1.000,sl,30
2026-01-27 18:00,2026-01-27 21:45,buy,5091.31,5073.14,5117.94,5098.96,0.421,time,240
2026-01-27 22:15,2026-01-27 22:45,buy,5141.76,5129.44,5159.61,5159.61,1.449,tp,45
2026-01-28 03:15,2026-01-28 03:30,buy,5190.76,5174.13,5215.07,5215.07,1.462,tp,30
2026-01-28 05:00,2026-01-28 05:00,buy,5232.04,5216.09,5255.34,5243.37,0.710,lock_target,15
2026-01-29 01:15,2026-01-29 01:30,buy,5475.18,5448.25,5514.94,5514.94,1.477,tp,30
2026-01-29 06:45,2026-01-29 07:15,buy,5557.57,5531.07,5596.70,5531.07,-1.000,sl,45
2026-01-29 08:15,2026-01-29 08:45,buy,5584.40,5562.78,5616.20,5562.78,-1.000,sl,45
2026-01-29 14:15,2026-01-29 15:00,buy,5535.85,5514.80,5566.80,5514.80,-1.000,sl,60
2026-01-29 16:30,2026-01-29 16:30,buy,5543.79,5522.33,5575.35,5522.33,-1.000,sl,15
2026-01-30 03:15,2026-01-30 03:15,sell,5308.86,5349.47,5248.57,5349.47,-1.000,sl,15
2026-01-30 04:00,2026-01-30 04:00,sell,5300.78,5343.63,5237.12,5237.12,1.485,tp,15
2026-01-30 04:30,2026-01-30 04:30,sell,5170.79,5224.84,5090.33,5224.84,-1.000,sl,15
2026-01-30 08:30,2026-01-30 10:30,sell,5156.51,5194.01,5100.88,5100.88,1.483,tp,135
2026-01-30 11:15,2026-01-30 11:45,sell,5028.17,5079.10,4952.39,4952.39,1.488,tp,45
