open,close,dir,entry,sl,tp,exit,r,why,hold_h
2015-03-17 03:00,2015-03-17 03:45,sell,1153.18,1154.94,1149.67,1154.94,-1.000,sl,0.75
2015-03-17 09:45,2015-03-17 14:30,sell,1154.99,1157.03,1150.91,1150.91,2.000,tp,4.75
2015-03-17 16:45,2015-03-18 18:45,sell,1151.33,1158.35,1137.28,1154.43,-0.441,time,24.00
2015-04-14 19:15,2015-04-15 20:00,sell,1193.50,1198.78,1182.95,1198.78,-1.000,sl,23.75
2015-04-21 04:00,2015-04-21 05:00,sell,1193.63,1195.04,1190.82,1195.04,-1.000,sl,1.00
2015-04-23 03:00,2015-04-23 04:15,sell,1187.59,1188.62,1185.52,1185.52,2.000,tp,1.25
2015-04-23 09:00,2015-04-23 11:00,sell,1188.03,1189.82,1184.45,1189.82,-1.000,sl,2.00
2015-04-23 15:15,2015-04-23 15:30,sell,1188.17,1190.90,1182.71,1190.90,-1.000,sl,0.25
2015-04-24 06:00,2015-04-24 09:15,sell,1191.71,1193.06,1189.01,1193.06,-1.000,sl,3.25
2015-04-24 12:30,2015-04-24 16:45,sell,1190.72,1193.57,1185.01,1185.01,2.000,tp,4.25
2015-04-27 01:15,2015-04-27 02:30,sell,1178.58,1179.74,1176.26,1179.74,-1.000,sl,1.25
2015-04-27 09:15,2015-04-27 10:15,sell,1181.16,1182.55,1178.37,1182.55,-1.000,sl,1.00
2015-05-01 04:45,2015-05-01 12:00,sell,1183.07,1184.54,1180.14,1180.14,2.000,tp,7.25
2015-05-01 12:30,2015-05-01 15:30,sell,1179.27,1182.02,1173.77,1173.77,2.000,tp,3.00
2015-05-01 19:00,2015-05-01 22:45,sell,1171.24,1176.40,1160.93,1176.40,-1.000,sl,3.75
2015-05-04 10:00,2015-05-04 15:45,sell,1182.64,1184.35,1179.23,1184.35,-1.000,sl,5.75
2015-05-07 07:00,2015-05-07 08:45,sell,1187.30,1188.98,1183.94,1188.98,-1.000,sl,1.75
2015-05-07 14:15,2015-05-07 14:30,sell,1182.90,1185.44,1177.82,1185.44,-1.000,sl,0.25
2015-05-07 21:00,2015-05-08 05:00,sell,1182.28,1184.59,1177.66,1184.59,-1.000,sl,7.00
2015-05-08 06:00,2015-05-08 09:15,sell,1182.95,1184.70,1179.45,1184.70,-1.000,sl,3.25
2015-05-08 12:15,2015-05-08 13:00,sell,1185.13,1187.50,1180.39,1187.50,-1.000,sl,0.75
2015-05-11 21:15,2015-05-12 12:45,sell,1183.41,1187.09,1176.04,1187.09,-1.000,sl,14.50
2015-05-18 01:30,2015-05-18 03:00,buy,1224.48,1222.95,1227.54,1222.95,-1.000,sl,1.50
2015-05-18 07:30,2015-05-18 08:45,buy,1224.89,1223.42,1227.83,1227.83,2.000,tp,1.25
2015-05-18 17:30,2015-05-19 04:15,buy,1227.35,1223.45,1235.14,1223.45,-1.000,sl,9.75
2015-06-01 12:00,2015-06-01 15:45,sell,1186.56,1189.03,1181.62,1189.03,-1.000,sl,3.75
2015-06-02 04:45,2015-06-02 07:30,sell,1186.86,1188.30,1183.99,1188.30,-1.000,sl,2.75
2015-06-02 12:15,2015-06-02 13:15,sell,1185.86,1188.84,1179.90,1188.84,-1.000,sl,1.00
2015-06-03 22:45,2015-06-04 15:30,sell,1184.82,1188.30,1177.86,1177.86,2.000,tp,15.75
2015-06-04 16:15,2015-06-05 15:30,sell,1177.36,1181.52,1169.05,1169.05,2.000,tp,22.25
2015-06-05 15:30,2015-06-08 03:15,sell,1168.44,1172.50,1160.33,1172.50,-1.000,sl,10.75
2015-06-08 07:00,2015-06-09 04:45,sell,1173.29,1176.02,1167.82,1176.02,-1.000,sl,20.75
2015-06-12 13:15,2015-06-12 14:30,sell,1179.10,1181.20,1174.90,1181.20,-1.000,sl,1.25
2015-06-12 19:30,2015-06-15 01:15,sell,1179.93,1182.79,1174.21,1182.79,-1.000,sl,4.75
2015-06-15 07:00,2015-06-15 09:45,sell,1181.09,1182.46,1178.35,1182.46,-1.000,sl,2.75
2015-06-17 02:30,2015-06-17 03:00,sell,1181.18,1182.20,1179.14,1182.20,-1.000,sl,0.50
2015-06-17 09:30,2015-06-17 09:45,sell,1178.09,1179.55,1175.16,1179.55,-1.000,sl,0.25
2015-06-17 16:00,2015-06-17 16:15,sell,1178.00,1179.75,1174.50,1179.75,-1.000,sl,0.25
2015-06-24 01:45,2015-06-24 02:45,sell,1177.76,1178.62,1176.03,1178.62,-1.000,sl,1.00
2015-06-24 08:30,2015-06-24 09:30,sell,1177.23,1178.46,1174.78,1178.46,-1.000,sl,1.00
2015-06-24 15:00,2015-06-24 15:30,sell,1176.37,1178.93,1171.24,1171.24,2.000,tp,0.50
2015-06-25 09:15,2015-06-25 11:30,sell,1176.24,1177.41,1173.90,1173.90,2.000,tp,2.25
2015-06-25 17:45,2015-06-26 10:30,sell,1172.49,1175.54,1166.40,1175.54,-1.000,sl,15.75
2015-06-26 14:30,2015-06-29 01:00,sell,1173.08,1175.78,1167.68,1175.78,-1.000,sl,9.50
2015-06-30 12:00,2015-06-30 13:00,sell,1175.97,1177.84,1172.24,1172.24,2.000,tp,1.00
2015-06-30 18:00,2015-06-30 18:30,sell,1168.85,1173.15,1160.25,1173.15,-1.000,sl,0.50
2015-07-01 02:15,2015-07-01 03:45,sell,1171.95,1173.81,1168.22,1173.81,-1.000,sl,1.00
2015-07-01 08:45,2015-07-01 09:30,sell,1173.39,1174.47,1171.23,1174.47,-1.000,sl,0.75
2015-07-01 15:00,2015-07-01 17:15,sell,1171.13,1173.02,1167.34,1173.02,-1.000,sl,2.25
2015-07-01 21:00,2015-07-02 10:00,sell,1168.28,1170.40,1164.04,1164.04,2.000,tp,12.00
2015-07-02 10:00,2015-07-02 11:15,sell,1164.19,1166.10,1160.36,1166.10,-1.000,sl,1.25
2015-07-02 17:45,2015-07-02 23:00,sell,1163.07,1168.18,1152.86,1168.18,-1.000,sl,5.25
2015-07-03 08:00,2015-07-03 09:00,sell,1166.31,1167.58,1163.76,1167.58,-1.000,sl,1.00
2015-07-03 18:00,2015-07-03 18:30,sell,1166.81,1169.09,1162.25,1169.09,-1.000,sl,0.50
2015-07-06 10:15,2015-07-06 12:15,sell,1167.08,1169.01,1163.21,1163.21,2.000,tp,2.00
2015-07-07 12:15,2015-07-07 13:00,sell,1165.75,1167.87,1161.51,1167.87,-1.000,sl,0.75
2015-07-07 20:00,2015-07-08 16:15,sell,1155.26,1161.71,1142.35,1161.71,-1.000,sl,19.25
2015-07-08 22:45,2015-07-08 23:15,sell,1158.54,1161.22,1153.17,1161.22,-1.000,sl,0.50
2015-07-09 05:45,2015-07-09 08:30,sell,1157.47,1160.24,1151.93,1160.24,-1.000,sl,2.75
2015-07-13 11:45,2015-07-13 18:30,sell,1154.58,1158.19,1147.36,1158.19,-1.000,sl,6.75
2015-07-14 02:15,2015-07-14 09:00,sell,1156.54,1157.56,1154.51,1154.51,2.000,tp,6.75
2015-07-14 09:00,2015-07-14 15:30,sell,1154.74,1156.26,1151.71,1156.26,-1.000,sl,6.50
2015-07-14 19:30,2015-07-15 16:00,sell,1154.93,1157.23,1150.34,1150.34,2.000,tp,19.50
2015-07-15 16:00,2015-07-15 18:00,sell,1148.90,1151.34,1144.02,1144.02,2.000,tp,2.00
2015-07-16 01:30,2015-07-16 04:45,sell,1148.68,1149.85,1146.34,1146.34,2.000,tp,3.25
2015-07-16 07:30,2015-07-16 11:45,sell,1147.24,1148.48,1144.75,1144.75,2.000,tp,4.25
2015-07-16 13:45,2015-07-16 17:00,sell,1143.83,1146.31,1138.86,1146.31,-1.000,sl,3.25
2015-07-16 21:30,2015-07-17 15:30,sell,1144.73,1146.24,1141.71,1141.71,2.000,tp,17.00
2015-07-17 15:30,2015-07-17 16:45,sell,1139.29,1141.49,1134.88,1134.88,2.000,tp,1.25
2015-07-17 21:30,2015-07-17 23:30,sell,1132.89,1134.88,1128.90,1134.88,-1.000,sl,2.00
2015-07-20 05:45,2015-07-21 06:45,sell,1105.96,1122.91,1072.05,1103.63,0.137,time,24.00
2015-07-21 08:45,2015-07-21 09:30,sell,1102.82,1104.60,1099.25,1104.60,-1.000,sl,0.75
2015-07-21 15:00,2015-07-21 17:00,sell,1105.03,1107.57,1099.95,1107.57,-1.000,sl,2.00
2015-07-21 21:30,2015-07-22 01:00,sell,1100.23,1102.77,1095.14,1102.77,-1.000,sl,2.50
2015-07-22 04:30,2015-07-22 09:00,sell,1096.71,1099.49,1091.16,1091.16,2.000,tp,4.50
2015-07-22 13:15,2015-07-22 14:45,sell,1093.88,1096.61,1088.42,1088.42,2.000,tp,1.50
2015-07-22 20:30,2015-07-23 04:30,sell,1092.17,1095.82,1084.88,1095.82,-1.000,sl,7.00
2015-07-23 09:45,2015-07-23 10:00,sell,1095.87,1097.72,1092.17,1097.72,-1.000,sl,0.25
2015-07-23 17:00,2015-07-23 22:15,sell,1096.33,1100.17,1088.65,1088.65,2.000,tp,5.25
2015-07-24 02:15,2015-07-24 04:00,sell,1090.09,1092.17,1085.94,1085.94,2.000,tp,1.75
2015-07-24 09:15,2015-07-24 14:30,sell,1083.98,1087.10,1077.74,1077.74,2.000,tp,5.25
2015-07-24 16:15,2015-07-24 18:15,sell,1080.83,1084.98,1072.54,1084.98,-1.000,sl,2.00
2015-07-30 08:45,2015-07-30 09:00,sell,1092.35,1094.34,1088.37,1088.37,2.000,tp,0.25
2015-07-30 14:45,2015-07-30 15:30,sell,1085.43,1087.32,1081.66,1087.32,-1.000,sl,0.75
2015-07-30 21:15,2015-07-31 09:45,sell,1088.33,1091.63,1081.73,1081.73,2.000,tp,11.50
2015-07-31 09:45,2015-07-31 10:00,sell,1081.53,1083.64,1077.32,1083.64,-1.000,sl,0.25
2015-08-03 22:45,2015-08-04 09:00,sell,1085.94,1088.47,1080.88,1088.47,-1.000,sl,9.25
2015-08-04 23:30,2015-08-05 15:15,sell,1087.63,1090.44,1082.01,1090.44,-1.000,sl,14.75
2015-08-05 16:45,2015-08-06 17:45,sell,1087.56,1091.00,1080.68,1089.51,-0.567,time,24.00
2015-08-28 03:45,2015-08-28 04:00,sell,1124.91,1126.32,1122.09,1126.32,-1.000,sl,0.25
2015-08-28 12:00,2015-08-28 16:30,sell,1126.71,1130.35,1119.43,1130.35,-1.000,sl,4.50
2015-09-03 20:45,2015-09-04 15:30,sell,1124.02,1127.16,1117.74,1127.16,-1.000,sl,17.75
2015-09-04 16:00,2015-09-07 17:00,sell,1119.45,1124.91,1108.53,1119.66,-0.038,time,24.00
2015-09-07 17:30,2015-09-08 02:45,sell,1118.94,1120.69,1115.43,1120.69,-1.000,sl,3.25
2015-09-08 07:30,2015-09-08 14:45,sell,1120.60,1121.77,1118.27,1121.77,-1.000,sl,7.25
2015-09-08 21:15,2015-09-09 04:00,sell,1121.27,1124.23,1115.34,1124.23,-1.000,sl,5.75
2015-09-09 09:45,2015-09-09 15:30,sell,1121.99,1123.54,1118.89,1118.89,2.000,tp,5.75
2015-09-09 16:00,2015-09-09 18:45,sell,1113.36,1116.22,1107.64,1107.64,2.000,tp,2.75
2015-09-09 22:15,2015-09-10 15:45,sell,1107.55,1110.54,1101.57,1110.54,-1.000,sl,16.50
2015-09-10 17:30,2015-09-10 18:15,sell,1109.13,1113.18,1101.04,1113.18,-1.000,sl,0.75
2015-09-11 03:00,2015-09-11 03:45,sell,1110.76,1111.98,1108.32,1111.98,-1.000,sl,0.75
2015-09-11 09:30,2015-09-11 11:00,sell,1110.22,1111.45,1107.76,1107.76,2.000,tp,1.50
2015-09-11 16:00,2015-09-11 16:30,sell,1104.48,1107.15,1099.15,1099.15,2.000,tp,0.50
2015-09-14 02:15,2015-09-14 04:30,sell,1105.74,1107.60,1102.02,1107.60,-1.000,sl,2.25
2015-09-14 08:30,2015-09-14 14:30,sell,1107.42,1109.15,1103.96,1103.96,2.000,tp,6.00
2015-09-14 14:30,2015-09-14 14:45,sell,1103.69,1105.57,1099.93,1105.57,-1.000,sl,0.25
2015-09-15 01:45,2015-09-15 13:45,sell,1107.88,1109.69,1104.27,1104.27,2.000,tp,12.00
2015-09-15 13:45,2015-09-15 14:15,sell,1104.35,1106.58,1099.89,1106.58,-1.000,sl,0.50
2015-09-15 21:30,2015-09-15 22:45,sell,1103.93,1105.69,1100.40,1105.69,-1.000,sl,1.25
2015-09-16 06:45,2015-09-16 09:45,sell,1104.74,1105.80,1102.63,1105.80,-1.000,sl,3.00
2015-09-30 15:45,2015-10-01 16:45,sell,1116.50,1120.29,1108.91,1117.53,-0.271,time,24.00
2015-10-01 19:00,2015-10-02 11:00,sell,1114.93,1118.42,1107.94,1107.94,2.000,tp,15.00
2015-10-08 11:30,2015-10-08 15:00,buy,1144.41,1142.24,1148.74,1142.24,-1.000,sl,3.50
2015-10-08 18:30,2015-10-08 22:00,buy,1144.75,1140.37,1153.52,1140.37,-1.000,sl,3.50
2015-10-09 08:45,2015-10-09 09:30,buy,1148.52,1146.70,1152.16,1146.70,-1.000,sl,0.75
2015-10-09 15:30,2015-10-09 16:45,buy,1155.10,1151.42,1162.45,1151.42,-1.000,sl,1.25
2015-10-09 21:45,2015-10-12 08:45,buy,1157.06,1154.63,1161.93,1161.93,2.000,tp,10.00
2015-10-12 08:45,2015-10-12 17:15,buy,1164.41,1161.98,1169.28,1161.98,-1.000,sl,8.50
2015-10-12 19:30,2015-10-13 04:00,buy,1164.10,1160.13,1172.04,1160.13,-1.000,sl,7.50
2015-10-13 10:45,2015-10-13 11:15,buy,1158.29,1155.97,1162.92,1155.97,-1.000,sl,0.50
2015-10-13 16:45,2015-10-14 10:15,buy,1166.10,1161.62,1175.06,1175.06,2.000,tp,16.50
2015-10-14 10:15,2015-10-14 12:30,buy,1175.03,1172.42,1180.26,1172.42,-1.000,sl,2.25
2015-10-14 17:15,2015-10-14 22:15,buy,1176.18,1169.65,1189.24,1189.24,2.000,tp,5.00
2015-10-15 01:45,2015-10-15 15:15,buy,1184.28,1181.42,1189.99,1189.99,2.000,tp,13.50
2015-10-15 15:15,2015-10-15 15:30,buy,1189.71,1186.37,1196.39,1186.37,-1.000,sl,0.25
2015-10-15 21:30,2015-10-15 22:30,buy,1186.83,1182.97,1194.55,1182.97,-1.000,sl,1.00
2015-10-16 14:30,2015-10-16 14:45,buy,1181.23,1178.16,1187.38,1178.16,-1.000,sl,0.25
2015-10-16 21:15,2015-10-16 22:00,buy,1182.84,1180.65,1187.23,1180.65,-1.000,sl,0.75
2015-10-20 22:45,2015-10-20 23:45,buy,1177.27,1174.78,1182.24,1174.78,-1.000,sl,1.00
2015-10-21 05:45,2015-10-21 07:30,buy,1178.27,1176.51,1181.80,1176.51,-1.000,sl,1.75
2015-10-23 14:15,2015-10-23 16:00,buy,1179.19,1175.97,1185.63,1175.97,-1.000,sl,1.75
2015-11-09 09:00,2015-11-09 10:30,sell,1092.50,1093.98,1089.53,1093.98,-1.000,sl,1.50
2015-11-09 15:00,2015-11-10 16:00,sell,1092.63,1095.59,1086.72,1088.14,1.519,time,24.00
2015-11-10 16:15,2015-11-10 18:00,sell,1086.97,1089.70,1081.50,1089.70,-1.000,sl,1.75
2015-11-10 22:30,2015-11-10 23:15,sell,1087.55,1089.37,1083.92,1089.37,-1.000,sl,0.75
2015-11-11 09:45,2015-11-11 13:15,sell,1091.32,1093.09,1087.78,1087.78,2.000,tp,3.50
2015-11-11 16:45,2015-11-11 17:45,sell,1085.67,1088.32,1080.36,1088.32,-1.000,sl,1.00
2015-11-11 22:45,2015-11-12 01:00,sell,1084.34,1086.62,1079.77,1086.62,-1.000,sl,1.25
2015-11-12 06:30,2015-11-12 07:45,sell,1087.39,1088.78,1084.61,1088.78,-1.000,sl,1.25
2015-11-12 13:00,2015-11-12 14:15,sell,1086.98,1088.55,1083.85,1083.85,2.000,tp,1.25
2015-11-13 03:00,2015-11-13 09:15,sell,1082.75,1084.97,1078.30,1084.97,-1.000,sl,6.25
2015-11-13 10:15,2015-11-13 13:00,sell,1082.52,1084.70,1078.15,1084.70,-1.000,sl,2.75
2015-11-13 19:30,2015-11-16 01:00,sell,1080.96,1083.79,1075.31,1083.79,-1.000,sl,4.50
2015-11-17 01:30,2015-11-17 07:30,sell,1082.98,1085.09,1078.77,1078.77,2.000,tp,6.00
2015-11-17 07:30,2015-11-17 11:15,sell,1079.00,1080.87,1075.26,1080.87,-1.000,sl,3.75
2015-11-17 13:30,2015-11-17 15:00,sell,1078.92,1081.14,1074.48,1081.14,-1.000,sl,1.50
2015-11-17 22:00,2015-11-18 21:00,sell,1071.22,1075.08,1063.50,1075.08,-1.000,sl,22.00
2015-11-18 22:45,2015-11-19 02:15,sell,1069.54,1073.84,1060.94,1073.84,-1.000,sl,2.50
2015-11-19 13:00,2015-11-19 16:15,sell,1073.00,1074.89,1069.23,1074.89,-1.000,sl,3.25
2015-11-23 03:45,2015-11-23 16:00,sell,1071.04,1074.27,1064.57,1074.27,-1.000,sl,12.25
2015-11-23 17:00,2015-11-24 10:45,sell,1069.89,1074.42,1060.83,1074.42,-1.000,sl,16.75
2015-11-25 18:15,2015-11-26 05:15,sell,1071.08,1074.65,1063.94,1074.65,-1.000,sl,10.00
2015-11-26 07:45,2015-11-26 08:15,sell,1072.07,1073.92,1068.36,1073.92,-1.000,sl,0.50
2015-11-26 14:30,2015-11-27 02:30,sell,1071.50,1073.28,1067.94,1073.28,-1.000,sl,7.00
2015-11-27 03:15,2015-11-27 05:00,sell,1070.41,1071.87,1067.49,1067.49,2.000,tp,1.75
2015-11-27 10:45,2015-11-27 15:00,sell,1067.29,1069.33,1063.20,1063.20,2.000,tp,4.25
2015-11-27 17:15,2015-11-30 16:30,sell,1056.22,1061.48,1045.71,1061.48,-1.000,sl,18.25
2015-12-02 16:45,2015-12-03 03:00,sell,1055.87,1059.13,1049.35,1049.35,2.000,tp,9.25
2015-12-03 03:00,2015-12-03 04:45,sell,1048.40,1051.50,1042.20,1051.50,-1.000,sl,1.75
2015-12-03 10:00,2015-12-03 14:30,sell,1052.05,1054.23,1047.68,1054.23,-1.000,sl,4.50
2015-12-14 21:30,2015-12-15 12:30,sell,1064.88,1068.07,1058.50,1068.07,-1.000,sl,14.00
2015-12-15 13:45,2015-12-15 15:30,sell,1063.00,1066.84,1055.31,1066.84,-1.000,sl,1.75
2015-12-15 20:15,2015-12-16 05:00,sell,1061.81,1065.67,1054.10,1065.67,-1.000,sl,7.75
2015-12-16 09:45,2015-12-16 10:30,sell,1064.24,1065.69,1061.34,1065.69,-1.000,sl,0.75
2015-12-17 16:15,2015-12-18 14:15,sell,1054.39,1059.13,1044.90,1059.13,-1.000,sl,21.00
2015-12-30 16:15,2015-12-31 09:30,sell,1060.48,1063.42,1054.59,1063.42,-1.000,sl,16.25
2015-12-31 10:00,2015-12-31 14:30,sell,1061.97,1063.04,1059.83,1059.83,2.000,tp,4.50
2015-12-31 16:15,2015-12-31 16:30,sell,1060.76,1063.01,1056.26,1063.01,-1.000,sl,0.25
2016-01-15 12:00,2016-01-15 14:45,sell,1082.39,1084.70,1077.77,1084.70,-1.000,sl,2.75
2016-01-26 01:00,2016-01-26 05:15,buy,1108.45,1106.69,1111.97,1111.97,2.000,tp,4.25
2016-01-26 11:30,2016-01-26 13:15,buy,1114.43,1111.74,1119.80,1111.74,-1.000,sl,1.75
2016-01-26 17:30,2016-01-27 18:30,buy,1117.10,1113.34,1124.61,1117.10,0.000,time,24.00
2016-01-27 18:30,2016-01-27 21:00,buy,1117.35,1114.65,1122.75,1122.75,2.000,tp,2.50
2016-01-28 05:45,2016-01-28 07:00,buy,1121.70,1119.73,1125.65,1119.73,-1.000,sl,1.25
2016-01-28 13:00,2016-01-28 16:00,buy,1119.25,1117.08,1123.59,1117.08,-1.000,sl,3.00
2016-02-01 02:45,2016-02-01 10:00,buy,1118.48,1115.69,1124.05,1124.05,2.000,tp,7.25
2016-02-01 11:15,2016-02-01 15:30,buy,1122.38,1120.24,1126.67,1120.24,-1.000,sl,4.25
2016-02-01 18:45,2016-02-02 19:15,buy,1126.45,1122.56,1134.23,1122.56,-1.000,sl,23.50
2016-02-02 20:00,2016-02-03 17:00,buy,1126.39,1122.96,1133.25,1133.25,2.000,tp,20.00
2016-02-03 17:00,2016-02-03 20:45,buy,1135.02,1130.30,1144.46,1144.46,2.000,tp,3.75
2016-02-03 23:00,2016-02-04 15:15,buy,1142.69,1138.01,1152.05,1152.05,2.000,tp,15.25
2016-02-04 15:15,2016-02-05 11:45,buy,1151.25,1148.10,1157.56,1157.56,2.000,tp,19.50
2016-02-05 11:45,2016-02-05 15:30,buy,1157.63,1155.00,1162.88,1155.00,-1.000,sl,3.75
2016-02-05 17:45,2016-02-05 22:15,buy,1153.86,1146.77,1168.04,1168.04,2.000,tp,4.50
2016-02-08 02:15,2016-02-08 14:30,buy,1166.93,1161.23,1178.34,1178.34,2.000,tp,12.25
2016-02-08 14:30,2016-02-08 17:00,buy,1182.66,1177.58,1192.81,1192.81,2.000,tp,2.50
2016-02-09 01:00,2016-02-09 09:45,buy,1193.29,1188.48,1202.90,1188.48,-1.000,sl,8.75
2016-02-09 10:15,2016-02-09 10:45,buy,1193.67,1189.49,1202.02,1189.49,-1.000,sl,0.50
2016-02-09 17:30,2016-02-09 22:00,buy,1195.61,1189.68,1207.48,1189.68,-1.000,sl,4.50
2016-02-10 02:45,2016-02-10 09:15,buy,1191.86,1188.90,1197.77,1188.90,-1.000,sl,6.50
2016-02-10 16:15,2016-02-10 17:15,buy,1191.52,1186.25,1202.06,1186.25,-1.000,sl,1.00
2016-02-10 22:15,2016-02-11 02:00,buy,1194.11,1190.49,1201.36,1201.36,2.000,tp,2.75
2016-02-11 08:00,2016-02-11 10:15,buy,1207.51,1204.79,1212.95,1212.95,2.000,tp,2.25
2016-02-11 15:00,2016-02-11 18:30,buy,1238.23,1228.56,1257.56,1257.56,2.000,tp,3.50
2016-02-11 21:15,2016-02-11 21:45,buy,1254.58,1243.60,1276.53,1243.60,-1.000,sl,0.50
2016-02-12 07:15,2016-02-12 08:15,buy,1237.23,1233.72,1244.26,1244.26,2.000,tp,1.00
2016-02-12 13:15,2016-02-12 13:45,buy,1242.80,1237.70,1252.99,1237.70,-1.000,sl,0.50
2016-02-12 20:00,2016-02-15 01:00,buy,1237.34,1232.19,1247.65,1232.19,-1.000,sl,4.00
2016-02-18 19:00,2016-02-18 20:30,buy,1221.87,1217.03,1231.55,1231.55,2.000,tp,1.50
2016-02-19 02:45,2016-02-19 03:00,buy,1232.28,1228.02,1240.80,1228.02,-1.000,sl,0.25
2016-02-19 10:15,2016-02-19 11:15,buy,1225.93,1222.53,1232.73,1222.53,-1.000,sl,1.00
2016-02-19 16:30,2016-02-22 05:00,buy,1228.96,1221.08,1244.71,1221.08,-1.000,sl,11.50
2016-02-23 17:00,2016-02-24 12:30,buy,1223.67,1217.39,1236.22,1236.22,2.000,tp,18.50
2016-02-24 12:30,2016-02-24 16:00,buy,1235.28,1230.21,1245.42,1245.42,2.000,tp,3.50
2016-02-25 03:00,2016-02-25 16:00,buy,1234.30,1229.86,1243.19,1229.86,-1.000,sl,13.00
2016-02-25 16:30,2016-02-26 11:00,buy,1236.30,1228.83,1251.24,1228.83,-1.000,sl,17.50
2016-02-26 13:45,2016-02-26 15:30,buy,1236.00,1231.91,1244.17,1231.91,-1.000,sl,1.75
2016-02-29 20:15,2016-03-01 03:15,buy,1234.05,1230.07,1242.02,1242.02,2.000,tp,6.00
2016-03-01 03:15,2016-03-01 09:00,buy,1245.05,1241.35,1252.45,1241.35,-1.000,sl,5.75
2016-03-01 13:30,2016-03-01 16:00,buy,1245.31,1241.49,1252.96,1241.49,-1.000,sl,2.50
2016-03-02 20:15,2016-03-03 17:00,buy,1240.97,1236.24,1250.43,1250.43,2.000,tp,19.75
2016-03-03 17:00,2016-03-03 22:15,buy,1251.98,1246.49,1262.96,1262.96,2.000,tp,5.25
2016-03-04 04:00,2016-03-04 10:45,buy,1260.89,1257.04,1268.60,1268.60,2.000,tp,6.75
2016-03-04 10:45,2016-03-04 14:00,buy,1269.67,1265.93,1277.15,1265.93,-1.000,sl,3.25
2016-03-04 16:45,2016-03-04 17:45,buy,1276.47,1266.84,1295.74,1266.84,-1.000,sl,1.00
2016-03-07 01:15,2016-03-07 04:00,buy,1263.04,1256.99,1275.15,1256.99,-1.000,sl,2.75
2016-03-07 08:00,2016-03-07 13:00,buy,1263.41,1259.87,1270.50,1270.50,2.000,tp,5.00
2016-03-07 16:45,2016-03-07 19:30,buy,1268.97,1264.37,1278.17,1264.37,-1.000,sl,2.75
2016-03-08 01:30,2016-03-08 09:45,buy,1267.82,1264.46,1274.55,1274.55,2.000,tp,8.25
2016-03-08 09:45,2016-03-08 16:30,buy,1273.86,1270.58,1280.42,1270.58,-1.000,sl,6.75
2016-03-10 21:00,2016-03-10 22:00,buy,1273.07,1267.18,1284.85,1267.18,-1.000,sl,1.00
2016-03-11 07:30,2016-03-11 08:30,buy,1275.64,1271.74,1283.43,1271.74,-1.000,sl,1.00
2016-03-11 14:00,2016-03-11 14:30,buy,1267.63,1263.25,1276.39,1263.25,-1.000,sl,0.50
2016-03-18 02:30,2016-03-18 03:00,buy,1259.74,1257.50,1264.21,1264.21,2.000,tp,0.50
2016-03-18 08:30,2016-03-18 09:00,buy,1265.08,1262.86,1269.51,1262.86,-1.000,sl,0.50
2016-03-18 19:45,2016-03-21 03:15,buy,1255.69,1251.88,1263.30,1251.88,-1.000,sl,5.50
2016-04-08 01:15,2016-04-08 03:00,buy,1240.58,1237.93,1245.89,1237.93,-1.000,sl,1.75
2016-04-08 11:00,2016-04-08 13:00,buy,1235.73,1232.37,1242.45,1232.37,-1.000,sl,2.00
2016-04-08 18:00,2016-04-11 05:00,buy,1241.43,1236.56,1251.16,1251.16,2.000,tp,10.00
2016-04-11 05:00,2016-04-11 08:45,buy,1251.83,1248.47,1258.56,1248.47,-1.000,sl,3.75
2016-04-11 15:15,2016-04-12 11:00,buy,1252.42,1248.65,1259.96,1259.96,2.000,tp,18.75
2016-04-12 11:00,2016-04-12 13:15,buy,1259.66,1257.01,1264.95,1257.01,-1.000,sl,2.25
2016-04-12 18:30,2016-04-13 08:00,buy,1257.53,1251.49,1269.61,1251.49,-1.000,sl,12.50
2016-04-19 21:15,2016-04-20 02:45,buy,1252.67,1249.43,1259.15,1249.43,-1.000,sl,4.50
2016-04-20 04:15,2016-04-20 05:00,buy,1256.77,1253.98,1262.34,1253.98,-1.000,sl,0.75
2016-04-20 12:00,2016-04-20 22:00,buy,1249.60,1246.31,1256.19,1246.31,-1.000,sl,10.00
2016-04-21 05:30,2016-04-21 08:30,buy,1248.22,1245.75,1253.17,1253.17,2.000,tp,3.00
2016-04-21 11:30,2016-04-21 15:15,buy,1258.06,1253.18,1267.82,1267.82,2.000,tp,3.75
2016-04-27 15:45,2016-04-27 16:00,buy,1250.63,1248.05,1255.80,1248.05,-1.000,sl,0.25
2016-04-28 07:45,2016-04-28 15:30,buy,1250.13,1245.64,1259.10,1259.10,2.000,tp,7.75
2016-04-28 17:00,2016-04-28 19:00,buy,1256.92,1252.74,1265.29,1265.29,2.000,tp,2.00
2016-04-29 03:00,2016-04-29 04:15,buy,1266.37,1264.26,1270.58,1270.58,2.000,tp,1.25
2016-04-29 09:45,2016-04-29 16:30,buy,1274.47,1270.85,1281.72,1281.72,2.000,tp,6.75
2016-04-29 16:30,2016-04-29 18:15,buy,1283.17,1277.71,1294.10,1294.10,2.000,tp,1.75
2016-05-02 01:45,2016-05-02 12:30,buy,1292.38,1289.33,1298.49,1298.49,2.000,tp,10.75
2016-05-02 12:30,2016-05-02 15:30,buy,1298.85,1295.48,1305.60,1295.48,-1.000,sl,3.00
2016-05-03 01:00,2016-05-03 09:45,buy,1292.06,1289.08,1298.03,1298.03,2.000,tp,8.75
2016-05-03 09:45,2016-05-03 12:45,buy,1299.39,1295.43,1307.30,1295.43,-1.000,sl,3.00
2016-05-06 16:45,2016-05-09 08:30,buy,1289.54,1281.67,1305.29,1281.67,-1.000,sl,14.75
2016-05-12 03:45,2016-05-12 04:00,buy,1278.53,1276.72,1282.15,1276.72,-1.000,sl,0.25
2016-05-16 13:45,2016-05-16 15:45,buy,1282.66,1279.99,1288.00,1288.00,2.000,tp,2.00
2016-05-17 02:45,2016-05-17 04:45,buy,1275.35,1273.72,1278.60,1278.60,2.000,tp,2.00
2016-05-17 20:30,2016-05-18 09:15,buy,1276.99,1272.62,1285.73,1272.62,-1.000,sl,11.75
2016-06-02 03:15,2016-06-02 04:45,sell,1212.11,1213.73,1208.88,1213.73,-1.000,sl,1.50
2016-06-02 19:30,2016-06-03 15:30,sell,1211.53,1214.64,1205.30,1214.64,-1.000,sl,19.00
2016-06-09 01:30,2016-06-09 02:30,buy,1262.20,1260.73,1265.13,1265.13,2.000,tp,1.00
2016-06-09 15:15,2016-06-09 15:45,buy,1259.97,1257.61,1264.69,1257.61,-1.000,sl,0.50
2016-06-09 21:15,2016-06-10 02:30,buy,1270.39,1267.20,1276.77,1267.20,-1.000,sl,4.25
2016-06-10 04:45,2016-06-10 08:00,buy,1267.77,1265.43,1272.44,1265.43,-1.000,sl,3.25
2016-06-10 11:00,2016-06-10 11:45,buy,1268.92,1266.10,1274.56,1266.10,-1.000,sl,0.75
2016-06-10 17:00,2016-06-10 18:15,buy,1276.82,1272.98,1284.51,1272.98,-1.000,sl,1.25
2016-06-10 23:15,2016-06-13 08:45,buy,1275.29,1272.18,1281.51,1281.51,2.000,tp,8.50
2016-06-13 08:45,2016-06-13 17:00,buy,1282.86,1279.54,1289.49,1279.54,-1.000,sl,8.25
2016-06-13 18:30,2016-06-14 06:00,buy,1285.54,1279.71,1297.20,1279.71,-1.000,sl,10.50
2016-06-14 08:00,2016-06-14 09:00,buy,1281.60,1279.23,1286.35,1279.23,-1.000,sl,1.00
2016-06-14 14:00,2016-06-14 16:00,buy,1282.45,1279.60,1288.16,1288.16,2.000,tp,2.00
2016-06-14 20:15,2016-06-15 11:00,buy,1285.59,1281.41,1293.95,1281.41,-1.000,sl,13.75
2016-06-15 16:45,2016-06-15 21:00,buy,1284.01,1279.86,1292.32,1292.32,2.000,tp,4.25
2016-06-15 22:45,2016-06-16 09:00,buy,1294.70,1288.13,1307.85,1307.85,2.000,tp,9.25
2016-06-16 14:00,2016-06-16 17:15,buy,1305.72,1302.09,1312.99,1312.99,2.000,tp,3.25
2016-06-17 22:45,2016-06-20 01:00,buy,1298.33,1294.92,1305.16,1294.92,-1.000,sl,1.25
2016-06-24 07:45,2016-06-24 12:00,buy,1337.36,1307.49,1397.10,1307.49,-1.000,sl,4.25
2016-06-24 14:30,2016-06-24 17:00,buy,1320.87,1310.67,1341.27,1310.67,-1.000,sl,2.50
2016-06-24 21:30,2016-06-27 01:45,buy,1317.76,1312.21,1328.85,1328.85,2.000,tp,3.25
2016-06-27 04:30,2016-06-27 18:15,buy,1329.33,1322.16,1343.67,1322.16,-1.000,sl,13.75
2016-06-27 20:30,2016-06-28 04:15,buy,1325.20,1320.64,1334.31,1320.64,-1.000,sl,6.75
2016-06-29 04:00,2016-06-29 17:30,buy,1318.01,1314.74,1324.54,1324.54,2.000,tp,13.50
2016-06-29 17:30,2016-06-29 22:45,buy,1325.28,1319.64,1336.55,1319.64,-1.000,sl,5.25
2016-06-30 11:45,2016-06-30 13:00,buy,1318.81,1315.63,1325.17,1315.63,-1.000,sl,1.25
2016-06-30 17:45,2016-06-30 19:30,buy,1319.55,1315.18,1328.28,1315.18,-1.000,sl,1.75
2016-07-01 01:00,2016-07-01 04:15,buy,1322.93,1320.16,1328.46,1328.46,2.000,tp,3.25
2016-07-01 07:30,2016-07-01 16:30,buy,1330.72,1326.76,1338.63,1338.63,2.000,tp,9.00
2016-07-01 16:30,2016-07-01 17:15,buy,1340.04,1335.82,1348.47,1335.82,-1.000,sl,0.75
2016-07-01 22:45,2016-07-01 23:00,buy,1344.55,1340.96,1351.73,1340.96,-1.000,sl,0.25
2016-07-04 08:30,2016-07-05 04:30,buy,1348.65,1341.72,1362.51,1341.72,-1.000,sl,15.00
2016-07-05 09:45,2016-07-05 16:30,buy,1344.88,1342.02,1350.61,1350.61,2.000,tp,6.75
2016-07-05 16:30,2016-07-05 17:30,buy,1351.62,1347.00,1360.86,1347.00,-1.000,sl,1.00
2016-07-05 23:00,2016-07-06 02:15,buy,1356.53,1352.90,1363.79,1363.79,2.000,tp,2.25
2016-07-06 08:45,2016-07-06 09:30,buy,1370.35,1366.75,1377.56,1366.75,-1.000,sl,0.75
2016-07-06 15:45,2016-07-06 16:15,buy,1371.04,1366.24,1380.64,1366.24,-1.000,sl,0.50
2016-07-06 22:15,2016-07-07 14:00,buy,1366.43,1361.50,1376.29,1361.50,-1.000,sl,14.75
2016-07-11 01:45,2016-07-11 03:00,buy,1372.55,1367.18,1383.29,1367.18,-1.000,sl,1.25
2016-07-28 14:00,2016-07-28 17:30,buy,1341.59,1339.26,1346.25,1339.26,-1.000,sl,3.50
2016-07-28 22:45,2016-07-29 06:30,buy,1337.23,1334.59,1342.50,1334.59,-1.000,sl,6.75
2016-07-29 07:15,2016-07-29 08:00,buy,1341.62,1336.03,1352.79,1336.03,-1.000,sl,0.75
2016-07-29 13:30,2016-07-29 15:30,buy,1334.72,1331.81,1340.54,1340.54,2.000,tp,2.00
2016-07-29 20:00,2016-08-01 21:00,buy,1348.22,1344.02,1356.62,1353.09,1.159,time,24.00
2016-08-01 21:00,2016-08-02 04:00,buy,1353.34,1350.29,1359.44,1350.29,-1.000,sl,6.00
2016-08-02 08:30,2016-08-02 09:00,buy,1350.14,1348.70,1353.02,1353.02,2.000,tp,0.50
2016-08-02 14:45,2016-08-02 15:45,buy,1359.09,1356.61,1364.06,1364.06,2.000,tp,1.00
2016-08-02 22:30,2016-08-02 23:00,buy,1365.75,1363.86,1369.54,1363.86,-1.000,sl,0.50
2016-08-03 06:30,2016-08-03 16:00,buy,1363.42,1361.57,1367.12,1361.57,-1.000,sl,9.50
2016-08-03 23:45,2016-08-04 02:45,buy,1358.40,1356.58,1362.03,1356.58,-1.000,sl,2.00
2016-08-04 19:30,2016-08-04 22:45,buy,1362.86,1359.86,1368.86,1359.86,-1.000,sl,3.25
2016-08-05 04:00,2016-08-05 15:15,buy,1361.59,1359.59,1365.59,1359.59,-1.000,sl,11.25
2016-08-10 21:00,2016-08-11 04:00,buy,1347.92,1344.91,1353.94,1344.91,-1.000,sl,6.00
2016-08-11 13:30,2016-08-11 17:00,buy,1345.25,1342.58,1350.58,1350.58,2.000,tp,3.50
2016-08-16 19:45,2016-08-17 05:00,buy,1348.50,1344.40,1356.69,1344.40,-1.000,sl,8.25
2016-08-17 17:45,2016-08-17 20:30,buy,1346.99,1343.24,1354.49,1343.24,-1.000,sl,2.75
2016-08-17 23:45,2016-08-19 01:45,buy,1348.69,1343.40,1359.26,1351.68,0.566,time,24.00
2016-08-19 09:45,2016-08-19 10:15,buy,1348.97,1346.59,1353.73,1346.59,-1.000,sl,0.50
2016-09-07 02:30,2016-09-07 11:00,buy,1349.45,1347.41,1353.54,1347.41,-1.000,sl,8.50
2016-09-07 15:15,2016-09-07 17:00,buy,1349.41,1347.11,1354.01,1347.11,-1.000,sl,1.75
2016-09-07 22:15,2016-09-08 02:15,buy,1345.98,1344.13,1349.67,1344.13,-1.000,sl,3.00
2016-09-08 05:30,2016-09-08 16:00,buy,1346.86,1343.77,1353.04,1343.77,-1.000,sl,10.50
2016-09-22 07:45,2016-09-22 08:45,buy,1333.47,1332.30,1335.80,1332.30,-1.000,sl,1.00
2016-09-22 14:00,2016-09-22 15:00,buy,1334.28,1332.77,1337.30,1332.77,-1.000,sl,1.00
2016-09-23 04:00,2016-09-23 04:15,buy,1338.03,1336.55,1340.99,1336.55,-1.000,sl,0.25
2016-09-23 10:00,2016-09-23 13:30,buy,1335.51,1334.06,1338.41,1338.41,2.000,tp,3.50
2016-09-23 16:30,2016-09-26 05:15,buy,1338.35,1335.38,1344.28,1335.38,-1.000,sl,11.75
2016-09-26 09:45,2016-09-26 11:45,buy,1335.53,1334.03,1338.53,1334.03,-1.000,sl,2.00
2016-09-26 15:45,2016-09-26 21:30,buy,1339.03,1336.80,1343.48,1336.80,-1.000,sl,5.75
2016-09-27 01:00,2016-09-27 02:45,buy,1338.44,1336.77,1341.79,1336.77,-1.000,sl,1.75
2016-09-27 12:45,2016-09-27 15:00,buy,1337.04,1334.59,1341.93,1334.59,-1.000,sl,2.25
2016-10-05 09:00,2016-10-05 15:15,sell,1272.63,1274.74,1268.40,1274.74,-1.000,sl,6.25
2016-10-05 15:45,2016-10-05 19:00,sell,1272.24,1275.66,1265.39,1265.39,2.000,tp,3.25
2016-10-05 22:30,2016-10-06 15:30,sell,1266.86,1270.25,1260.09,1260.09,2.000,tp,16.00
2016-10-06 15:30,2016-10-06 16:15,sell,1259.77,1262.92,1253.47,1253.47,2.000,tp,0.75
2016-10-06 21:45,2016-10-06 22:45,sell,1250.55,1254.22,1243.20,1254.22,-1.000,sl,1.00
2016-10-07 06:00,2016-10-07 13:45,sell,1255.29,1258.03,1249.82,1258.03,-1.000,sl,7.75
2016-10-07 17:00,2016-10-10 04:00,sell,1255.52,1262.74,1241.08,1262.74,-1.000,sl,10.00
2016-10-10 14:45,2016-10-10 15:00,sell,1259.33,1260.88,1256.24,1260.88,-1.000,sl,0.25
2016-10-10 22:15,2016-10-11 09:15,sell,1258.21,1260.09,1254.44,1260.09,-1.000,sl,10.00
2016-10-11 11:00,2016-10-11 23:30,sell,1257.30,1259.93,1252.03,1252.03,2.000,tp,12.50
2016-10-11 23:30,2016-10-12 01:15,sell,1252.34,1254.54,1247.94,1254.54,-1.000,sl,0.75
2016-10-12 08:30,2016-10-12 11:00,sell,1255.25,1256.48,1252.79,1256.48,-1.000,sl,2.50
2016-10-12 14:45,2016-10-12 16:00,sell,1253.05,1254.74,1249.67,1254.74,-1.000,sl,1.25
2016-10-13 02:30,2016-10-13 04:45,sell,1254.07,1256.14,1249.92,1256.14,-1.000,sl,2.25
2016-10-14 10:15,2016-10-14 11:45,sell,1255.01,1256.65,1251.73,1256.65,-1.000,sl,1.50
2016-10-14 16:15,2016-10-14 17:00,sell,1250.90,1255.05,1242.61,1255.05,-1.000,sl,0.75
2016-10-14 22:15,2016-10-17 08:00,sell,1251.33,1254.92,1244.15,1254.92,-1.000,sl,8.75
2016-10-17 10:30,2016-10-17 14:15,sell,1252.83,1254.40,1249.70,1254.40,-1.000,sl,3.75
2016-11-10 21:00,2016-11-11 16:30,sell,1264.56,1271.94,1249.80,1249.80,2.000,tp,18.50
2016-11-11 16:30,2016-11-11 16:45,sell,1248.24,1254.43,1235.87,1235.87,2.000,tp,0.25
2016-11-14 02:15,2016-11-14 03:00,sell,1226.72,1231.50,1217.15,1217.15,2.000,tp,0.75
2016-11-14 10:00,2016-11-14 11:15,sell,1217.10,1223.49,1204.31,1223.49,-1.000,sl,1.25
2016-11-14 16:00,2016-11-14 19:30,sell,1218.19,1224.91,1204.75,1224.91,-1.000,sl,3.50
2016-11-14 22:45,2016-11-15 01:30,sell,1217.62,1223.70,1205.46,1223.70,-1.000,sl,1.75
2016-11-15 06:15,2016-11-15 09:00,sell,1224.78,1228.11,1218.11,1228.11,-1.000,sl,2.75
2016-11-15 12:15,2016-11-16 03:00,sell,1224.43,1229.65,1214.00,1229.65,-1.000,sl,13.75
2016-11-16 06:45,2016-11-16 13:45,sell,1229.21,1231.96,1223.72,1223.72,2.000,tp,7.00
2016-11-16 13:45,2016-11-16 14:30,sell,1222.80,1225.80,1216.80,1225.80,-1.000,sl,0.75
2016-11-16 19:45,2016-11-17 12:30,sell,1226.08,1230.07,1218.11,1230.07,-1.000,sl,15.75
2016-11-17 18:15,2016-11-17 20:30,sell,1226.44,1231.59,1216.14,1216.14,2.000,tp,2.25
2016-11-18 01:30,2016-11-18 03:30,sell,1215.62,1219.46,1207.94,1207.94,2.000,tp,2.00
2016-11-18 09:15,2016-11-18 09:30,sell,1207.95,1210.46,1202.94,1202.94,2.000,tp,0.25
2016-11-18 17:00,2016-11-21 09:30,sell,1209.50,1215.46,1197.59,1215.46,-1.000,sl,15.50
2016-11-21 16:00,2016-11-21 16:45,sell,1212.75,1215.67,1206.91,1215.67,-1.000,sl,0.75
2016-11-22 20:15,2016-11-23 15:15,sell,1211.42,1215.44,1203.37,1203.37,2.000,tp,18.00
2016-11-23 15:15,2016-11-23 15:30,sell,1202.51,1206.20,1195.14,1195.14,2.000,tp,0.25
2016-11-23 21:45,2016-11-25 03:00,sell,1186.70,1191.24,1177.62,1177.62,2.000,tp,23.25
2016-11-25 03:00,2016-11-25 07:15,sell,1173.97,1178.50,1164.92,1178.50,-1.000,sl,4.25
2016-11-25 14:45,2016-11-25 19:15,sell,1186.88,1190.95,1178.74,1178.74,2.000,tp,4.50
2016-11-28 13:30,2016-11-28 21:30,sell,1188.71,1192.70,1180.72,1192.70,-1.000,sl,8.00
2016-11-29 13:15,2016-11-29 15:30,sell,1187.62,1190.73,1181.41,1181.41,2.000,tp,2.25
2016-11-29 23:30,2016-11-30 01:15,sell,1187.95,1190.16,1183.54,1190.16,-1.000,sl,0.75
2016-11-30 09:45,2016-11-30 14:15,sell,1188.47,1191.12,1183.18,1183.18,2.000,tp,4.50
2016-11-30 16:00,2016-11-30 18:15,sell,1180.57,1185.50,1170.70,1170.70,2.000,tp,2.25
2016-11-30 22:00,2016-12-01 03:15,sell,1172.81,1176.55,1165.33,1165.33,2.000,tp,4.25
2016-12-01 06:30,2016-12-01 07:00,sell,1169.70,1173.97,1161.15,1173.97,-1.000,sl,0.50
2016-12-01 12:45,2016-12-01 15:45,sell,1166.63,1170.90,1158.10,1170.90,-1.000,sl,3.00
2016-12-01 19:15,2016-12-01 20:45,sell,1164.84,1171.44,1151.63,1171.44,-1.000,sl,1.50
2016-12-02 05:15,2016-12-02 06:15,sell,1173.28,1176.39,1167.05,1176.39,-1.000,sl,1.00
2016-12-02 11:45,2016-12-02 13:15,sell,1174.55,1176.74,1170.18,1170.18,2.000,tp,1.50
2016-12-05 03:45,2016-12-05 17:00,sell,1172.52,1179.73,1158.11,1158.11,2.000,tp,13.25
2016-12-05 17:00,2016-12-05 18:00,sell,1159.22,1164.06,1149.53,1164.06,-1.000,sl,1.00
2016-12-05 23:30,2016-12-06 03:00,sell,1169.37,1173.05,1162.02,1173.05,-1.000,sl,2.50
2016-12-06 06:45,2016-12-06 10:00,sell,1171.72,1173.89,1167.37,1173.89,-1.000,sl,3.25
2016-12-06 13:30,2016-12-06 14:15,sell,1170.01,1172.33,1165.37,1172.33,-1.000,sl,0.75
2016-12-06 20:00,2016-12-07 10:30,sell,1167.55,1171.05,1160.55,1171.05,-1.000,sl,13.50
2016-12-08 22:30,2016-12-09 02:15,sell,1169.96,1171.60,1166.69,1166.69,2.000,tp,2.75
2016-12-09 05:45,2016-12-09 08:00,sell,1167.00,1168.95,1163.11,1168.95,-1.000,sl,2.25
2016-12-09 12:30,2016-12-09 13:45,sell,1168.76,1170.89,1164.51,1164.51,2.000,tp,1.25
2016-12-09 19:00,2016-12-12 19:30,sell,1159.37,1164.18,1149.76,1164.18,-1.000,sl,23.50
2016-12-13 06:30,2016-12-13 10:30,sell,1161.91,1163.69,1158.35,1158.35,2.000,tp,4.00
2016-12-13 14:45,2016-12-13 15:15,sell,1158.43,1160.77,1153.75,1160.77,-1.000,sl,0.50
2016-12-14 06:30,2016-12-14 08:15,sell,1159.48,1161.15,1156.15,1161.15,-1.000,sl,1.75
2016-12-14 21:45,2016-12-15 02:15,sell,1149.14,1155.10,1137.22,1137.22,2.000,tp,3.50
2016-12-15 05:00,2016-12-15 12:15,sell,1142.46,1146.59,1134.20,1134.20,2.000,tp,7.25
2016-12-15 12:15,2016-12-15 18:00,sell,1132.28,1135.67,1125.50,1125.50,2.000,tp,5.75
2016-12-15 18:30,2016-12-15 19:45,sell,1122.84,1128.48,1111.56,1128.48,-1.000,sl,1.25
2016-12-16 02:00,2016-12-16 02:45,sell,1126.85,1129.43,1121.70,1129.43,-1.000,sl,0.75
2016-12-16 15:00,2016-12-16 17:45,sell,1132.77,1135.17,1127.96,1127.96,2.000,tp,2.75
2016-12-16 21:30,2016-12-19 03:00,sell,1133.70,1138.54,1124.02,1138.54,-1.000,sl,4.50
2016-12-19 16:45,2016-12-19 18:15,sell,1137.22,1140.35,1130.95,1140.35,-1.000,sl,1.50
2016-12-20 06:45,2016-12-20 14:15,sell,1135.23,1137.71,1130.27,1130.27,2.000,tp,7.50
2016-12-20 14:15,2016-12-20 16:30,sell,1130.30,1132.35,1126.19,1126.19,2.000,tp,2.25
2016-12-21 02:15,2016-12-21 03:45,sell,1130.72,1132.46,1127.25,1132.46,-1.000,sl,1.50
2016-12-21 12:00,2016-12-21 14:00,sell,1133.83,1135.87,1129.74,1135.87,-1.000,sl,2.00
2016-12-21 21:15,2016-12-22 16:45,sell,1131.13,1133.34,1126.70,1133.34,-1.000,sl,18.50
2016-12-22 19:00,2016-12-23 08:00,sell,1128.50,1131.69,1122.12,1131.69,-1.000,sl,12.00
2016-12-23 08:45,2016-12-23 10:30,sell,1130.73,1131.86,1128.47,1131.86,-1.000,sl,1.75
2016-12-23 14:45,2016-12-23 16:30,sell,1130.51,1131.81,1127.90,1131.81,-1.000,sl,1.75
2017-01-27 01:30,2017-01-27 05:15,sell,1187.39,1189.27,1183.63,1183.63,2.000,tp,3.75
2017-01-27 10:30,2017-01-27 11:45,sell,1182.30,1184.34,1178.21,1184.34,-1.000,sl,1.25
2017-01-30 10:00,2017-01-30 12:30,sell,1189.46,1191.10,1186.17,1191.10,-1.000,sl,2.50
2017-02-03 03:15,2017-02-03 04:15,buy,1216.01,1213.45,1221.14,1213.45,-1.000,sl,1.00
2017-02-03 09:15,2017-02-03 13:45,buy,1213.85,1212.09,1217.37,1212.09,-1.000,sl,4.50
2017-02-03 16:00,2017-02-06 03:00,buy,1216.92,1213.18,1224.39,1224.39,2.000,tp,10.00
2017-02-06 03:00,2017-02-06 09:15,buy,1224.90,1222.13,1230.45,1222.13,-1.000,sl,6.25
2017-02-06 10:00,2017-02-06 10:45,buy,1224.28,1222.43,1227.99,1222.43,-1.000,sl,0.75
2017-02-06 17:30,2017-02-07 18:30,buy,1228.44,1224.79,1235.75,1234.12,1.555,time,24.00
2017-02-07 19:15,2017-02-07 22:00,buy,1235.39,1232.30,1241.58,1232.30,-1.000,sl,2.75
2017-02-08 03:15,2017-02-08 08:30,buy,1233.85,1231.76,1238.04,1231.76,-1.000,sl,5.25
2017-02-08 10:00,2017-02-08 10:45,buy,1232.92,1230.88,1236.99,1236.99,2.000,tp,0.75
2017-02-08 16:00,2017-02-08 20:30,buy,1239.59,1236.97,1244.84,1236.97,-1.000,sl,4.50
2017-02-08 22:45,2017-02-09 13:15,buy,1240.60,1238.03,1245.75,1238.03,-1.000,sl,13.50
2017-02-09 15:00,2017-02-09 16:45,buy,1240.55,1237.83,1245.98,1237.83,-1.000,sl,1.75
2017-02-15 23:30,2017-02-16 10:45,buy,1233.10,1231.22,1236.85,1236.85,2.000,tp,10.25
2017-02-16 10:45,2017-02-16 13:15,buy,1237.75,1235.07,1243.10,1235.07,-1.000,sl,2.50
2017-02-16 16:45,2017-02-17 17:45,buy,1239.98,1236.34,1247.26,1239.20,-0.214,time,24.00
2017-02-20 11:45,2017-02-21 02:15,buy,1236.84,1235.16,1240.20,1235.16,-1.000,sl,9.50
2017-02-22 10:45,2017-02-22 15:00,buy,1236.66,1234.82,1240.33,1240.33,2.000,tp,4.25
2017-02-22 22:30,2017-02-23 15:15,buy,1238.51,1235.27,1245.00,1245.00,2.000,tp,15.75
2017-02-23 15:15,2017-02-24 08:00,buy,1245.99,1243.06,1251.84,1251.84,2.000,tp,15.75
2017-02-24 08:00,2017-02-24 11:15,buy,1252.60,1251.26,1255.28,1255.28,2.000,tp,3.25
2017-02-24 17:15,2017-02-27 18:15,buy,1256.76,1253.20,1263.88,1262.69,1.666,time,24.00
2017-02-27 18:15,2017-02-27 20:15,buy,1262.94,1258.98,1270.86,1258.98,-1.000,sl,2.00
2017-02-28 08:15,2017-02-28 08:30,buy,1254.63,1253.50,1256.90,1253.50,-1.000,sl,0.25
2017-02-28 15:00,2017-02-28 20:30,buy,1253.95,1251.67,1258.51,1251.67,-1.000,sl,5.50
2017-03-17 03:45,2017-03-17 10:00,buy,1227.30,1225.66,1230.58,1225.66,-1.000,sl,6.25
2017-03-17 10:00,2017-03-17 10:30,buy,1227.98,1226.46,1231.02,1226.46,-1.000,sl,0.50
2017-03-17 16:00,2017-03-17 18:30,buy,1230.98,1228.21,1236.52,1228.21,-1.000,sl,2.50
2017-03-17 22:30,2017-03-20 03:00,buy,1229.55,1227.92,1232.80,1232.80,2.000,tp,2.50
2017-03-20 06:30,2017-03-20 10:00,buy,1234.53,1233.18,1237.22,1233.18,-1.000,sl,3.50
2017-03-20 17:30,2017-03-21 03:30,buy,1233.96,1231.63,1238.63,1231.63,-1.000,sl,8.00
2017-03-21 08:45,2017-03-21 09:30,buy,1230.29,1228.80,1233.28,1228.80,-1.000,sl,0.75
2017-03-21 15:00,2017-03-21 15:45,buy,1234.48,1232.31,1238.81,1238.81,2.000,tp,0.75
2017-03-22 04:00,2017-03-22 16:00,buy,1245.32,1243.31,1249.34,1249.34,2.000,tp,12.00
2017-03-22 16:00,2017-03-22 17:15,buy,1250.00,1247.32,1255.35,1247.32,-1.000,sl,1.25
2017-03-22 22:45,2017-03-23 01:30,buy,1249.03,1247.20,1252.68,1247.20,-1.000,sl,0.75
2017-03-23 07:30,2017-03-23 11:15,buy,1246.88,1245.66,1249.32,1245.66,-1.000,sl,3.75
2017-03-23 14:15,2017-03-23 16:15,buy,1249.08,1246.92,1253.40,1246.92,-1.000,sl,2.00
2017-03-23 21:15,2017-03-24 03:00,buy,1246.68,1243.67,1252.71,1243.67,-1.000,sl,3.75
2017-03-24 13:15,2017-03-24 15:30,buy,1245.38,1243.37,1249.41,1243.37,-1.000,sl,2.25
2017-03-24 20:00,2017-03-24 22:00,buy,1248.81,1246.35,1253.72,1246.35,-1.000,sl,2.00
2017-03-27 04:00,2017-03-27 18:15,buy,1256.82,1252.86,1264.74,1252.86,-1.000,sl,14.25
2017-03-27 20:15,2017-03-28 09:00,buy,1255.83,1252.22,1263.04,1252.22,-1.000,sl,11.75
2017-03-28 11:00,2017-03-28 15:15,buy,1253.99,1252.40,1257.17,1257.17,2.000,tp,4.25
2017-03-28 20:15,2017-03-28 20:45,buy,1256.07,1253.24,1261.73,1253.24,-1.000,sl,0.50
2017-03-29 21:45,2017-03-30 03:45,buy,1253.67,1251.56,1257.88,1251.56,-1.000,sl,5.00
2017-04-03 17:45,2017-04-04 11:00,buy,1252.40,1249.38,1258.43,1258.43,2.000,tp,16.25
2017-04-04 11:00,2017-04-04 11:30,buy,1259.81,1258.10,1263.24,1258.10,-1.000,sl,0.50
2017-04-04 20:30,2017-04-05 04:00,buy,1256.91,1254.78,1261.18,1254.78,-1.000,sl,6.50
2017-04-05 06:30,2017-04-05 09:15,buy,1255.34,1253.97,1258.09,1253.97,-1.000,sl,2.75
2017-04-06 05:30,2017-04-06 06:00,buy,1255.99,1254.05,1259.87,1254.05,-1.000,sl,0.50
2017-04-07 04:45,2017-04-07 19:45,buy,1264.58,1260.79,1272.16,1260.79,-1.000,sl,15.00
2017-04-11 12:45,2017-04-11 15:15,buy,1257.09,1255.43,1260.42,1260.42,2.000,tp,2.50
2017-04-11 19:45,2017-04-12 20:45,buy,1271.42,1267.00,1280.25,1272.74,0.299,time,24.00
2017-04-12 21:15,2017-04-12 22:15,buy,1275.01,1271.74,1281.56,1281.56,2.000,tp,1.00
2017-04-13 04:15,2017-04-13 06:15,buy,1287.63,1285.22,1292.46,1285.22,-1.000,sl,2.00
2017-04-13 11:00,2017-04-13 16:30,buy,1287.13,1284.99,1291.41,1284.99,-1.000,sl,5.50
2017-04-13 19:00,2017-04-17 01:15,buy,1285.54,1281.91,1292.80,1292.80,2.000,tp,5.25
2017-04-17 02:15,2017-04-17 04:00,buy,1295.01,1292.24,1300.55,1292.24,-1.000,sl,1.75
2017-04-17 12:00,2017-04-17 14:30,buy,1290.04,1288.30,1293.51,1288.30,-1.000,sl,2.50
2017-04-17 19:45,2017-04-17 21:30,buy,1289.44,1286.48,1295.36,1286.48,-1.000,sl,1.75
2017-04-18 11:45,2017-04-18 14:15,buy,1284.97,1283.25,1288.41,1283.25,-1.000,sl,2.50
2017-04-18 17:45,2017-04-19 09:00,buy,1288.20,1283.60,1297.40,1283.60,-1.000,sl,14.25
2017-04-21 18:45,2017-04-24 01:00,buy,1284.72,1280.67,1292.81,1280.67,-1.000,sl,5.25
2017-05-22 01:00,2017-05-22 04:00,buy,1255.83,1253.50,1260.48,1253.50,-1.000,sl,3.00
2017-05-22 08:15,2017-05-22 15:00,buy,1254.20,1252.47,1257.66,1257.66,2.000,tp,6.75
2017-05-22 15:00,2017-05-22 20:15,buy,1257.94,1256.21,1261.40,1261.40,2.000,tp,5.25
2017-05-23 01:30,2017-05-23 10:45,buy,1261.87,1260.24,1265.12,1260.24,-1.000,sl,9.25
2017-05-23 15:15,2017-05-23 17:00,buy,1260.54,1258.73,1264.17,1258.73,-1.000,sl,1.75
2017-05-25 05:30,2017-05-25 13:30,buy,1258.00,1256.36,1261.29,1256.36,-1.000,sl,8.00
2017-05-25 14:30,2017-05-25 15:15,buy,1258.17,1256.46,1261.59,1256.46,-1.000,sl,0.75
2017-05-26 05:30,2017-05-26 10:00,buy,1258.28,1255.99,1262.87,1262.87,2.000,tp,4.50
2017-05-26 16:15,2017-05-29 17:15,buy,1266.47,1263.42,1272.57,1266.62,0.049,time,24.00
2017-05-29 17:30,2017-05-30 02:45,buy,1267.30,1265.93,1270.04,1265.93,-1.000,sl,4.25
2017-05-30 04:30,2017-05-30 06:15,buy,1270.21,1268.21,1274.20,1268.21,-1.000,sl,1.75
2017-05-31 18:00,2017-06-01 15:15,buy,1268.06,1265.01,1274.17,1265.01,-1.000,sl,20.25
2017-06-01 21:15,2017-06-01 23:30,buy,1268.31,1265.50,1273.93,1265.50,-1.000,sl,2.25
2017-06-02 17:45,2017-06-05 18:45,buy,1276.77,1272.04,1286.23,1278.57,0.381,time,24.00
2017-06-05 20:15,2017-06-05 23:30,buy,1280.37,1278.29,1284.52,1278.29,-1.000,sl,3.25
2017-06-06 03:45,2017-06-06 05:00,buy,1281.06,1279.58,1284.01,1284.01,2.000,tp,1.25
2017-06-06 17:45,2017-06-06 21:45,buy,1294.16,1290.73,1301.03,1290.73,-1.000,sl,4.00
2017-06-07 01:30,2017-06-07 04:00,buy,1294.34,1292.15,1298.73,1292.15,-1.000,sl,2.50
2017-06-07 08:30,2017-06-07 13:15,buy,1292.18,1291.17,1294.19,1291.17,-1.000,sl,4.75
2017-06-07 15:15,2017-06-07 16:30,buy,1291.42,1288.95,1296.35,1288.95,-1.000,sl,1.25
2017-06-08 08:45,2017-06-08 10:00,buy,1288.87,1286.62,1293.37,1286.62,-1.000,sl,1.25
2017-06-30 02:15,2017-06-30 05:15,sell,1245.11,1246.95,1241.43,1246.95,-1.000,sl,3.00
2017-06-30 08:30,2017-06-30 15:30,sell,1245.09,1246.93,1241.41,1241.41,2.000,tp,7.00
2017-06-30 15:30,2017-06-30 16:45,sell,1240.16,1242.61,1235.26,1242.61,-1.000,sl,1.25
2017-06-30 21:30,2017-07-03 06:30,sell,1240.83,1242.87,1236.75,1236.75,2.000,tp,8.00
2017-07-03 08:45,2017-07-03 13:30,sell,1236.28,1237.70,1233.44,1233.44,2.000,tp,4.75
2017-07-03 14:45,2017-07-03 15:45,sell,1232.86,1234.61,1229.36,1229.36,2.000,tp,1.00
2017-07-04 04:30,2017-07-04 06:00,sell,1221.35,1223.21,1217.64,1223.21,-1.000,sl,1.50
2017-07-04 11:00,2017-07-05 02:45,sell,1223.93,1226.13,1219.53,1226.13,-1.000,sl,10.75
2017-07-05 07:30,2017-07-05 10:45,sell,1225.91,1227.42,1222.88,1222.88,2.000,tp,3.25
2017-07-05 15:00,2017-07-05 17:15,sell,1220.95,1223.92,1215.02,1223.92,-1.000,sl,2.25
2017-07-05 21:00,2017-07-05 22:00,sell,1221.61,1224.14,1216.56,1224.14,-1.000,sl,1.00
2017-07-06 09:00,2017-07-06 15:15,sell,1224.87,1226.40,1221.82,1226.40,-1.000,sl,6.25
2017-07-06 16:30,2017-07-07 15:30,sell,1224.62,1227.52,1218.83,1227.52,-1.000,sl,22.00
2017-07-07 16:00,2017-07-07 18:30,sell,1216.70,1221.22,1207.67,1207.67,2.000,tp,2.50
2017-07-10 04:00,2017-07-10 09:30,sell,1210.95,1213.28,1206.29,1206.29,2.000,tp,5.50
2017-07-10 12:00,2017-07-10 14:15,sell,1206.87,1209.59,1201.43,1209.59,-1.000,sl,2.25
2017-07-11 02:45,2017-07-11 03:30,sell,1213.37,1214.91,1210.30,1214.91,-1.000,sl,0.75
2017-07-11 10:00,2017-07-11 11:30,sell,1209.68,1211.33,1206.38,1211.33,-1.000,sl,1.50
2017-07-11 16:45,2017-07-11 18:15,sell,1210.61,1212.57,1206.69,1212.57,-1.000,sl,1.50
2017-07-14 06:15,2017-07-14 09:15,sell,1216.19,1218.19,1212.19,1218.19,-1.000,sl,3.00
2017-07-31 01:00,2017-07-31 04:00,buy,1270.67,1268.70,1274.60,1268.70,-1.000,sl,3.00
2017-07-31 08:45,2017-07-31 09:15,buy,1268.90,1267.56,1271.59,1267.56,-1.000,sl,0.50
2017-07-31 17:00,2017-08-01 12:00,buy,1269.14,1266.81,1273.80,1266.81,-1.000,sl,18.00
2017-08-01 15:45,2017-08-01 17:00,buy,1267.59,1265.05,1272.66,1272.66,2.000,tp,1.25
2017-08-02 18:15,2017-08-02 21:30,buy,1271.81,1267.81,1279.81,1267.81,-1.000,sl,3.25
2017-08-03 23:45,2017-08-04 15:30,buy,1269.10,1267.17,1272.96,1267.17,-1.000,sl,14.75
2017-08-09 04:45,2017-08-09 15:00,buy,1265.21,1262.64,1270.34,1270.34,2.000,tp,10.25
2017-08-09 15:00,2017-08-09 15:15,buy,1270.70,1268.60,1274.90,1274.90,2.000,tp,0.25
2017-08-09 21:00,2017-08-10 13:45,buy,1275.49,1272.80,1280.86,1280.86,2.000,tp,15.75
2017-08-10 13:45,2017-08-10 16:00,buy,1280.99,1279.09,1284.79,1284.79,2.000,tp,2.25
2017-08-10 20:00,2017-08-11 15:30,buy,1285.29,1282.27,1291.34,1291.34,2.000,tp,18.50
2017-08-11 15:30,2017-08-11 15:45,buy,1290.02,1287.29,1295.49,1287.29,-1.000,sl,0.25
2017-08-11 21:30,2017-08-14 03:15,buy,1289.48,1287.21,1294.02,1287.21,-1.000,sl,4.75
2017-08-14 06:00,2017-08-14 07:00,buy,1289.16,1287.30,1292.88,1287.30,-1.000,sl,1.00
2017-08-14 17:45,2017-08-14 20:45,buy,1284.29,1280.96,1290.94,1280.96,-1.000,sl,3.00
2017-08-17 09:30,2017-08-17 11:15,buy,1287.95,1286.61,1290.62,1286.61,-1.000,sl,1.75
2017-08-17 16:15,2017-08-17 17:30,buy,1286.46,1283.49,1292.39,1283.49,-1.000,sl,1.25
2017-08-17 22:15,2017-08-18 10:00,buy,1288.25,1285.59,1293.56,1293.56,2.000,tp,10.75
2017-08-18 10:00,2017-08-18 16:00,buy,1294.63,1292.51,1298.87,1298.87,2.000,tp,6.00
2017-08-18 16:00,2017-08-18 16:15,buy,1300.16,1297.52,1305.44,1297.52,-1.000,sl,0.25
2017-08-21 10:00,2017-08-21 16:30,buy,1287.34,1285.60,1290.81,1290.81,2.000,tp,6.50
2017-08-21 16:30,2017-08-22 04:15,buy,1290.59,1287.92,1295.93,1287.92,-1.000,sl,10.75
2017-08-23 18:00,2017-08-23 18:30,buy,1289.46,1286.72,1294.94,1286.72,-1.000,sl,0.50
2017-08-24 01:15,2017-08-24 03:15,buy,1290.95,1289.62,1293.62,1289.62,-1.000,sl,2.00
2017-08-24 08:15,2017-08-24 09:30,buy,1289.52,1288.20,1292.16,1288.20,-1.000,sl,1.25
2017-08-25 19:45,2017-08-28 20:15,buy,1292.88,1285.04,1308.56,1308.56,2.000,tp,23.50
2017-08-28 20:15,2017-08-29 01:00,buy,1309.86,1306.28,1317.03,1317.03,2.000,tp,3.75
2017-08-29 04:30,2017-08-29 19:45,buy,1317.71,1313.13,1326.87,1313.13,-1.000,sl,15.25
2017-08-30 01:15,2017-08-30 02:15,buy,1311.59,1307.89,1319.00,1307.89,-1.000,sl,1.00
2017-08-30 11:45,2017-08-30 15:00,buy,1310.29,1307.43,1316.00,1307.43,-1.000,sl,3.25
2017-08-31 18:30,2017-09-01 15:30,buy,1317.58,1312.89,1326.96,1326.96,2.000,tp,20.00
2017-09-01 15:30,2017-09-01 15:45,buy,1326.10,1322.93,1332.44,1322.93,-1.000,sl,0.25
2017-09-01 21:30,2017-09-04 01:00,buy,1325.12,1322.29,1330.79,1330.79,2.000,tp,2.50
2017-09-04 05:30,2017-09-04 10:00,buy,1333.26,1330.81,1338.15,1338.15,2.000,tp,4.50
2017-09-04 14:15,2017-09-04 17:00,buy,1335.76,1332.99,1341.31,1332.99,-1.000,sl,2.75
2017-09-05 03:45,2017-09-05 05:15,buy,1334.42,1332.63,1338.00,1338.00,2.000,tp,1.50
2017-09-05 13:15,2017-09-05 14:15,buy,1333.67,1331.07,1338.88,1331.07,-1.000,sl,1.00
2017-09-05 19:15,2017-09-06 19:45,buy,1338.41,1334.51,1346.22,1334.51,-1.000,sl,23.50
2017-09-07 09:45,2017-09-07 11:45,buy,1335.77,1334.17,1338.97,1338.97,2.000,tp,2.00
2017-09-07 16:45,2017-09-08 05:45,buy,1343.61,1338.90,1353.04,1353.04,2.000,tp,12.00
2017-09-08 06:45,2017-09-08 12:00,buy,1353.38,1350.58,1358.97,1350.58,-1.000,sl,5.25
2017-09-08 13:00,2017-09-08 15:15,buy,1353.41,1350.68,1358.88,1350.68,-1.000,sl,2.25
2017-09-08 22:00,2017-09-11 01:00,buy,1347.59,1345.71,1351.34,1345.71,-1.000,sl,2.00
2017-10-12 01:00,2017-10-13 02:00,buy,1292.20,1289.26,1298.07,1293.98,0.606,time,24.00
2017-10-13 03:30,2017-10-13 05:15,buy,1294.38,1293.35,1296.45,1296.45,2.000,tp,1.75
2017-10-13 09:30,2017-10-13 10:00,buy,1297.89,1296.47,1300.72,1296.47,-1.000,sl,0.50
2017-10-13 16:15,2017-10-16 17:15,buy,1301.95,1298.05,1309.76,1304.42,0.633,time,24.00
2017-10-20 23:45,2017-10-23 02:30,sell,1279.86,1281.97,1275.65,1275.65,2.000,tp,1.75
2017-10-23 07:00,2017-10-23 18:45,sell,1275.46,1277.27,1271.84,1277.27,-1.000,sl,11.75
2017-10-24 10:45,2017-10-24 17:15,sell,1278.99,1280.94,1275.10,1275.10,2.000,tp,6.50
2017-10-24 17:15,2017-10-24 21:45,sell,1275.65,1278.30,1270.35,1278.30,-1.000,sl,4.50
2017-10-24 23:45,2017-10-25 16:00,sell,1276.22,1279.03,1270.59,1279.03,-1.000,sl,15.25
2017-10-25 20:45,2017-10-26 01:45,sell,1276.08,1278.91,1270.43,1278.91,-1.000,sl,4.00
2017-10-26 18:00,2017-10-27 15:30,sell,1271.96,1276.02,1263.85,1263.85,2.000,tp,20.50
2017-10-27 15:30,2017-10-27 15:45,sell,1264.54,1266.57,1260.48,1266.57,-1.000,sl,0.25
2017-10-30 04:15,2017-10-30 15:15,sell,1270.90,1272.85,1267.00,1272.85,-1.000,sl,11.00
2017-10-31 20:45,2017-10-31 21:30,sell,1270.10,1271.69,1266.93,1271.69,-1.000,sl,0.75
2017-11-01 06:30,2017-11-01 07:45,sell,1269.29,1270.37,1267.14,1270.37,-1.000,sl,1.25
2017-11-03 20:30,2017-11-03 21:00,sell,1267.64,1269.53,1263.86,1269.53,-1.000,sl,0.50
2017-11-06 07:00,2017-11-06 10:45,sell,1268.98,1270.71,1265.52,1270.71,-1.000,sl,3.75
2017-11-06 14:30,2017-11-06 16:00,sell,1270.38,1272.02,1267.09,1272.02,-1.000,sl,1.50
2017-11-14 15:45,2017-11-14 16:30,sell,1271.07,1273.66,1265.90,1273.66,-1.000,sl,0.75
2017-11-29 02:00,2017-11-29 15:00,buy,1294.38,1292.70,1297.74,1292.70,-1.000,sl,13.00
2017-12-01 01:45,2017-12-01 03:30,sell,1274.57,1276.35,1271.00,1276.35,-1.000,sl,1.75
2017-12-01 09:00,2017-12-01 10:15,sell,1274.96,1276.06,1272.77,1276.06,-1.000,sl,1.25
2017-12-01 15:15,2017-12-01 18:00,sell,1274.38,1276.58,1269.98,1276.58,-1.000,sl,2.75
2017-12-04 01:00,2017-12-04 16:15,sell,1273.58,1276.58,1267.58,1276.58,-1.000,sl,15.25
2017-12-04 19:15,2017-12-04 23:00,sell,1273.33,1276.69,1266.61,1276.69,-1.000,sl,3.75
2017-12-05 04:45,2017-12-05 13:00,sell,1275.50,1276.47,1273.55,1276.47,-1.000,sl,8.25
2017-12-05 14:15,2017-12-05 15:30,sell,1274.79,1276.19,1272.00,1272.00,2.000,tp,1.25
2017-12-05 20:15,2017-12-05 21:30,sell,1262.04,1265.71,1254.71,1265.71,-1.000,sl,1.25
2017-12-06 05:15,2017-12-06 06:30,sell,1265.22,1266.85,1261.97,1266.85,-1.000,sl,1.25
2017-12-06 13:30,2017-12-06 15:15,sell,1267.14,1268.52,1264.38,1264.38,2.000,tp,1.75
2017-12-06 20:00,2017-12-07 08:30,sell,1263.59,1266.51,1257.75,1257.75,2.000,tp,11.50
2017-12-07 08:30,2017-12-07 09:45,sell,1257.03,1258.82,1253.46,1258.82,-1.000,sl,1.25
2017-12-07 15:15,2017-12-07 21:00,sell,1254.39,1256.64,1249.89,1249.89,2.000,tp,5.75
2017-12-07 21:15,2017-12-08 04:30,sell,1246.74,1249.14,1241.93,1249.14,-1.000,sl,6.25
2017-12-08 06:30,2017-12-08 07:45,sell,1248.25,1249.29,1246.16,1249.29,-1.000,sl,1.25
2017-12-08 15:15,2017-12-08 15:30,sell,1246.22,1247.83,1243.00,1247.83,-1.000,sl,0.25
2017-12-08 22:30,2017-12-11 01:30,sell,1247.45,1248.96,1244.44,1248.96,-1.000,sl,2.00
2017-12-11 10:00,2017-12-11 10:30,sell,1248.70,1250.10,1245.89,1250.10,-1.000,sl,0.50
2017-12-11 16:15,2017-12-11 21:15,sell,1246.55,1248.59,1242.46,1242.46,2.000,tp,5.00
2017-12-12 09:15,2017-12-12 14:30,sell,1243.93,1244.90,1242.00,1242.00,2.000,tp,5.25
2017-12-12 15:15,2017-12-12 16:15,sell,1242.29,1243.59,1239.69,1239.69,2.000,tp,1.00
2017-12-13 03:30,2017-12-13 04:00,sell,1242.10,1243.09,1240.11,1243.09,-1.000,sl,0.50
2017-12-13 09:45,2017-12-13 15:30,sell,1241.43,1242.51,1239.28,1242.51,-1.000,sl,5.75
2018-01-03 01:00,2018-01-03 03:30,buy,1318.52,1316.85,1321.86,1316.85,-1.000,sl,2.50
2018-01-03 08:00,2018-01-03 08:30,buy,1315.23,1313.20,1319.28,1313.20,-1.000,sl,0.50
2018-01-03 14:00,2018-01-03 14:30,buy,1317.60,1315.83,1321.13,1315.83,-1.000,sl,0.50
2018-01-03 20:15,2018-01-03 21:00,buy,1317.18,1315.06,1321.41,1315.06,-1.000,sl,0.75
2018-01-04 07:45,2018-01-04 09:00,buy,1310.21,1308.86,1312.91,1308.86,-1.000,sl,1.25
2018-01-04 14:45,2018-01-04 15:15,buy,1313.41,1311.41,1317.40,1311.41,-1.000,sl,0.50
2018-01-04 21:00,2018-01-04 22:00,buy,1320.30,1317.60,1325.70,1325.70,2.000,tp,1.00
2018-01-05 05:00,2018-01-05 07:45,buy,1321.69,1320.44,1324.19,1320.44,-1.000,sl,2.75
2018-01-05 14:15,2018-01-05 15:00,buy,1317.87,1316.44,1320.72,1316.44,-1.000,sl,0.75
2018-01-05 20:15,2018-01-05 22:30,buy,1321.18,1318.47,1326.60,1318.47,-1.000,sl,2.25
2018-01-08 05:00,2018-01-08 07:30,buy,1320.79,1319.10,1324.16,1319.10,-1.000,sl,2.50
2018-01-08 15:15,2018-01-08 18:15,buy,1319.99,1317.52,1324.92,1317.52,-1.000,sl,3.00
2018-01-08 21:30,2018-01-09 03:00,buy,1319.31,1317.23,1323.46,1317.23,-1.000,sl,4.50
2018-01-09 04:45,2018-01-09 09:15,buy,1319.49,1317.66,1323.15,1317.66,-1.000,sl,4.50
2018-01-10 17:00,2018-01-10 18:45,buy,1320.14,1315.62,1329.18,1315.62,-1.000,sl,1.75
2018-01-11 01:45,2018-01-11 09:30,buy,1317.91,1316.00,1321.72,1316.00,-1.000,sl,7.75
2018-01-11 11:00,2018-01-11 15:15,buy,1317.95,1315.72,1322.42,1322.42,2.000,tp,4.25
2018-01-11 18:15,2018-01-12 06:15,buy,1321.85,1318.32,1328.91,1328.91,2.000,tp,11.00
2018-01-12 06:15,2018-01-12 09:45,buy,1328.98,1326.94,1333.07,1326.94,-1.000,sl,3.50
2018-01-12 12:15,2018-01-12 15:30,buy,1331.31,1328.80,1336.34,1328.80,-1.000,sl,3.25
2018-01-12 19:30,2018-01-12 20:45,buy,1331.65,1328.78,1337.40,1337.40,2.000,tp,1.25
2018-01-15 02:45,2018-01-15 06:30,buy,1338.50,1336.49,1342.53,1342.53,2.000,tp,3.75
2018-01-15 09:45,2018-01-15 16:45,buy,1343.14,1340.25,1348.93,1340.25,-1.000,sl,7.00
2018-01-15 17:30,2018-01-16 01:00,buy,1341.67,1339.49,1346.02,1339.49,-1.000,sl,2.50
2018-01-16 04:30,2018-01-16 09:00,buy,1341.44,1339.38,1345.56,1339.38,-1.000,sl,4.50
2018-01-16 20:45,2018-01-17 04:00,buy,1338.93,1336.51,1343.78,1343.78,2.000,tp,6.25
2018-01-19 15:30,2018-01-19 16:00,buy,1335.07,1333.06,1339.10,1333.06,-1.000,sl,0.50
2018-01-19 21:30,2018-01-19 22:45,buy,1334.60,1332.97,1337.86,1332.97,-1.000,sl,1.25
2018-01-22 15:45,2018-01-22 16:30,buy,1334.10,1331.92,1338.47,1331.92,-1.000,sl,0.75
2018-01-22 22:30,2018-01-23 01:30,buy,1334.14,1332.36,1337.70,1332.36,-1.000,sl,2.00
2018-01-23 06:30,2018-01-23 16:00,buy,1336.65,1334.66,1340.62,1334.66,-1.000,sl,9.50
2018-01-23 18:30,2018-01-24 10:00,buy,1338.43,1334.79,1345.70,1345.70,2.000,tp,14.50
2018-01-24 10:00,2018-01-24 14:30,buy,1346.47,1344.09,1351.23,1351.23,2.000,tp,4.50
2018-01-24 19:30,2018-01-24 21:00,buy,1354.09,1351.05,1360.17,1360.17,2.000,tp,1.50
2018-01-25 02:30,2018-01-25 04:45,buy,1357.38,1355.54,1361.06,1361.06,2.000,tp,2.25
2018-01-25 11:45,2018-01-25 16:15,buy,1360.60,1356.64,1368.53,1356.64,-1.000,sl,4.50
2018-01-25 18:00,2018-01-25 21:00,buy,1359.15,1354.19,1369.07,1354.19,-1.000,sl,3.00
2018-01-26 03:45,2018-01-26 13:45,buy,1353.04,1349.82,1359.48,1349.82,-1.000,sl,10.00
2018-01-26 16:45,2018-01-26 21:15,buy,1353.48,1349.26,1361.92,1349.26,-1.000,sl,4.50
2018-02-01 02:00,2018-02-01 03:00,buy,1346.88,1342.94,1354.77,1342.94,-1.000,sl,1.00
2018-02-02 01:15,2018-02-02 11:45,buy,1348.73,1345.64,1354.91,1345.64,-1.000,sl,10.50
2018-02-15 01:30,2018-02-15 02:45,buy,1353.78,1350.71,1359.93,1350.71,-1.000,sl,1.25
2018-02-15 07:30,2018-02-15 08:45,buy,1354.67,1352.79,1358.43,1352.79,-1.000,sl,1.25
2018-02-15 15:00,2018-02-15 17:15,buy,1352.87,1350.05,1358.51,1350.05,-1.000,sl,2.25
2018-02-15 21:00,2018-02-16 11:00,buy,1353.88,1350.39,1360.86,1360.86,2.000,tp,13.00
2018-02-16 11:00,2018-02-16 12:15,buy,1361.14,1358.93,1365.55,1358.93,-1.000,sl,1.25
2018-02-16 17:45,2018-02-16 19:00,buy,1355.74,1351.80,1363.62,1351.80,-1.000,sl,1.25
2018-03-07 11:45,2018-03-07 13:30,buy,1333.59,1331.71,1337.35,1331.71,-1.000,sl,1.75
2018-03-15 05:00,2018-03-15 08:00,buy,1326.76,1325.38,1329.51,1325.38,-1.000,sl,3.00
2018-03-22 08:30,2018-03-22 11:30,buy,1330.60,1328.85,1334.10,1328.85,-1.000,sl,3.00
2018-03-22 14:30,2018-03-22 15:00,buy,1331.97,1328.98,1337.94,1328.98,-1.000,sl,0.50
2018-03-22 21:30,2018-03-23 02:30,buy,1329.22,1326.26,1335.13,1335.13,2.000,tp,3.00
2018-03-23 10:30,2018-03-23 14:15,buy,1340.88,1337.90,1346.83,1346.83,2.000,tp,3.75
2018-03-23 17:30,2018-03-26 19:30,buy,1348.46,1343.06,1359.26,1354.52,1.123,time,24.00
2018-03-26 21:45,2018-03-26 22:30,buy,1354.90,1352.82,1359.06,1352.82,-1.000,sl,0.75
2018-03-27 05:15,2018-03-27 11:45,buy,1353.16,1351.11,1357.26,1351.11,-1.000,sl,6.50
2018-04-02 20:00,2018-04-03 11:15,buy,1339.87,1336.51,1346.60,1336.51,-1.000,sl,14.25
2018-04-03 13:15,2018-04-03 13:45,buy,1338.77,1336.56,1343.20,1336.56,-1.000,sl,0.50
2018-04-04 10:45,2018-04-04 11:15,buy,1339.80,1337.52,1344.36,1344.36,2.000,tp,0.50
2018-04-10 11:45,2018-04-10 20:15,buy,1336.61,1333.73,1342.37,1342.37,2.000,tp,8.50
2018-04-10 20:15,2018-04-10 20:45,buy,1342.54,1339.46,1348.69,1339.46,-1.000,sl,0.50
2018-04-11 05:15,2018-04-11 09:00,buy,1341.25,1339.65,1344.45,1344.45,2.000,tp,3.75
2018-04-11 12:30,2018-04-11 14:00,buy,1345.08,1342.98,1349.27,1349.27,2.000,tp,1.50
2018-04-11 18:30,2018-04-11 19:15,buy,1364.59,1358.80,1376.18,1358.80,-1.000,sl,0.75
2018-04-12 09:00,2018-04-12 10:45,buy,1351.45,1349.41,1355.54,1349.41,-1.000,sl,1.75
2018-04-16 03:00,2018-04-16 10:00,buy,1345.35,1342.67,1350.72,1342.67,-1.000,sl,7.00
2018-04-16 10:45,2018-04-16 14:15,buy,1345.22,1342.66,1350.35,1342.66,-1.000,sl,3.50
2018-04-16 16:45,2018-04-17 06:00,buy,1348.79,1345.20,1355.97,1345.20,-1.000,sl,12.25
2018-04-17 08:45,2018-04-17 10:45,buy,1346.26,1344.45,1349.88,1344.45,-1.000,sl,2.00
2018-04-17 22:15,2018-04-18 03:00,buy,1347.55,1345.63,1351.38,1345.63,-1.000,sl,3.75
2018-04-18 10:30,2018-04-18 13:45,buy,1345.00,1342.69,1349.61,1349.61,2.000,tp,3.25
2018-04-18 19:30,2018-04-18 22:00,buy,1351.80,1347.96,1359.47,1347.96,-1.000,sl,2.50
2018-04-19 05:45,2018-04-19 12:15,buy,1351.54,1349.45,1355.73,1349.45,-1.000,sl,6.50
2018-04-19 14:45,2018-04-19 15:15,buy,1350.80,1347.29,1357.83,1347.29,-1.000,sl,0.50
2018-05-02 01:45,2018-05-02 03:00,sell,1304.47,1306.01,1301.39,1306.01,-1.000,sl,1.25
2018-05-02 08:00,2018-05-02 09:30,sell,1308.63,1310.40,1305.10,1310.40,-1.000,sl,1.50
2018-05-02 14:30,2018-05-02 16:30,sell,1309.19,1310.88,1305.81,1305.81,2.000,tp,2.00
2018-05-02 22:15,2018-05-03 04:30,sell,1305.89,1309.98,1297.72,1309.98,-1.000,sl,5.25
2018-05-03 10:00,2018-05-03 10:15,sell,1306.66,1308.47,1303.03,1308.47,-1.000,sl,0.25
2018-05-08 13:15,2018-05-08 15:00,sell,1308.98,1311.56,1303.82,1311.56,-1.000,sl,1.75
2018-05-09 06:45,2018-05-09 10:00,sell,1310.52,1312.85,1305.87,1305.87,2.000,tp,3.25
2018-05-09 13:00,2018-05-09 13:45,sell,1306.01,1308.63,1300.77,1308.63,-1.000,sl,0.75
2018-05-15 12:45,2018-05-15 14:45,sell,1309.61,1311.26,1306.31,1306.31,2.000,tp,2.00
2018-05-15 23:15,2018-05-16 05:30,sell,1291.89,1294.49,1286.69,1294.49,-1.000,sl,5.25
2018-05-16 11:30,2018-05-16 14:30,sell,1293.46,1295.45,1289.47,1289.47,2.000,tp,3.00
2018-05-16 17:45,2018-05-16 19:45,sell,1288.06,1291.71,1280.75,1291.71,-1.000,sl,2.00
2018-05-17 02:15,2018-05-17 02:45,sell,1290.79,1291.92,1288.54,1291.92,-1.000,sl,0.50
2018-05-17 09:00,2018-05-17 13:15,sell,1290.31,1292.06,1286.81,1286.81,2.000,tp,4.25
2018-05-17 16:30,2018-05-17 19:45,sell,1288.41,1291.63,1281.96,1291.63,-1.000,sl,3.25
2018-05-17 22:30,2018-05-18 12:45,sell,1289.73,1291.41,1286.38,1286.38,2.000,tp,13.25
2018-05-18 12:45,2018-05-18 14:45,sell,1286.05,1288.00,1282.15,1288.00,-1.000,sl,2.00
2018-05-21 01:45,2018-05-21 02:45,sell,1290.34,1291.69,1287.63,1291.69,-1.000,sl,1.00
2018-05-21 08:00,2018-05-21 09:15,sell,1287.44,1288.75,1284.82,1284.82,2.000,tp,1.25
2018-05-21 14:00,2018-05-21 14:15,sell,1283.94,1285.50,1280.82,1285.50,-1.000,sl,0.25
2018-06-01 19:45,2018-06-04 20:45,sell,1295.26,1298.33,1289.12,1292.92,0.762,time,24.00
2018-06-04 21:00,2018-06-05 18:00,sell,1292.47,1294.34,1288.73,1294.34,-1.000,sl,20.00
2018-06-13 01:30,2018-06-13 11:15,sell,1294.86,1296.01,1292.55,1292.55,2.000,tp,9.75
2018-06-13 11:15,2018-06-13 12:00,sell,1293.10,1294.57,1290.16,1294.57,-1.000,sl,0.75
2018-06-15 19:45,2018-06-18 04:15,sell,1276.20,1281.76,1265.08,1281.76,-1.000,sl,7.50
2018-06-18 05:30,2018-06-18 11:15,sell,1279.63,1281.33,1276.23,1281.33,-1.000,sl,5.75
2018-06-18 12:45,2018-06-19 03:00,sell,1280.12,1282.00,1276.36,1282.00,-1.000,sl,13.25
2018-06-19 09:00,2018-06-19 09:45,sell,1281.52,1282.77,1279.03,1279.03,2.000,tp,0.75
2018-06-19 15:00,2018-06-19 15:15,sell,1270.12,1272.92,1264.52,1272.92,-1.000,sl,0.25
2018-06-19 21:45,2018-06-20 13:30,sell,1275.01,1277.11,1270.80,1270.80,2.000,tp,14.75
2018-06-20 18:15,2018-06-20 21:30,sell,1273.58,1276.10,1268.53,1268.53,2.000,tp,3.25
2018-06-21 02:15,2018-06-21 03:45,sell,1268.39,1269.75,1265.67,1269.75,-1.000,sl,1.50
2018-06-21 09:00,2018-06-21 10:30,sell,1263.21,1264.87,1259.89,1264.87,-1.000,sl,1.50
2018-06-21 15:00,2018-06-21 15:15,sell,1262.02,1264.45,1257.17,1264.45,-1.000,sl,0.25
2018-06-21 22:45,2018-06-22 04:00,sell,1267.07,1268.76,1263.70,1268.76,-1.000,sl,4.25
2018-06-22 07:00,2018-06-22 08:45,sell,1267.26,1268.86,1264.05,1268.86,-1.000,sl,1.75
2018-06-22 13:00,2018-06-22 17:45,sell,1268.68,1270.79,1264.47,1270.79,-1.000,sl,4.75
2018-06-22 19:45,2018-06-25 01:30,sell,1268.32,1270.52,1263.93,1270.52,-1.000,sl,4.25
2018-06-25 05:45,2018-06-25 08:30,sell,1269.03,1270.76,1265.57,1265.57,2.000,tp,2.75
2018-06-25 15:45,2018-06-26 10:30,sell,1267.03,1269.38,1262.33,1262.33,2.000,tp,17.75
2018-06-26 10:30,2018-06-26 11:00,sell,1261.74,1263.38,1258.47,1258.47,2.000,tp,0.50
2018-06-26 20:15,2018-06-27 21:15,sell,1257.62,1260.31,1252.24,1254.82,1.041,time,24.00
2018-06-27 21:30,2018-06-28 09:30,sell,1253.81,1255.78,1249.86,1249.86,2.000,tp,11.00
2018-06-28 09:30,2018-06-28 12:45,sell,1249.88,1251.53,1246.58,1251.53,-1.000,sl,3.25
2018-06-28 16:30,2018-06-28 21:00,sell,1251.21,1253.55,1246.53,1246.53,2.000,tp,4.50
2018-06-28 23:30,2018-06-29 06:45,sell,1247.54,1249.48,1243.66,1249.48,-1.000,sl,6.25
2018-06-29 10:00,2018-06-29 12:00,sell,1249.92,1251.74,1246.28,1251.74,-1.000,sl,2.00
2018-06-29 16:00,2018-06-29 19:00,sell,1250.53,1252.66,1246.26,1252.66,-1.000,sl,3.00
2018-06-29 22:00,2018-07-02 01:15,sell,1251.27,1253.37,1247.08,1253.37,-1.000,sl,2.25
2018-07-02 05:30,2018-07-02 16:00,sell,1250.83,1252.58,1247.33,1247.33,2.000,tp,10.50
2018-07-02 16:00,2018-07-02 19:15,sell,1247.06,1249.11,1242.97,1242.97,2.000,tp,3.25
2018-07-03 02:30,2018-07-03 04:30,sell,1241.94,1243.57,1238.69,1238.69,2.000,tp,2.00
2018-07-10 12:45,2018-07-10 14:00,sell,1252.64,1254.82,1248.28,1248.28,2.000,tp,1.25
2018-07-10 19:45,2018-07-11 02:45,sell,1254.12,1256.35,1249.65,1256.35,-1.000,sl,6.00
2018-07-11 03:00,2018-07-11 04:00,sell,1254.53,1256.25,1251.10,1251.10,2.000,tp,1.00
2018-07-11 10:00,2018-07-11 11:15,sell,1251.42,1253.30,1247.67,1253.30,-1.000,sl,1.25
2018-07-11 16:15,2018-07-11 19:45,sell,1250.30,1252.95,1245.00,1245.00,2.000,tp,3.50
2018-07-11 22:15,2018-07-12 08:00,sell,1242.45,1244.70,1237.95,1244.70,-1.000,sl,8.75
2018-07-12 08:45,2018-07-12 09:45,sell,1242.92,1244.23,1240.30,1244.23,-1.000,sl,1.00
2018-07-12 21:45,2018-07-13 04:15,sell,1245.90,1247.58,1242.53,1247.58,-1.000,sl,5.50
2018-07-13 05:00,2018-07-13 10:15,sell,1246.33,1247.78,1243.43,1243.43,2.000,tp,5.25
2018-07-13 11:30,2018-07-13 15:45,sell,1240.32,1242.48,1236.00,1242.48,-1.000,sl,4.25
2018-07-13 19:30,2018-07-16 04:30,sell,1241.20,1243.81,1235.97,1243.81,-1.000,sl,8.00
2018-07-16 05:00,2018-07-16 06:15,sell,1241.60,1243.47,1237.85,1243.47,-1.000,sl,1.25
2018-07-16 15:15,2018-07-16 17:30,sell,1242.83,1244.44,1239.61,1239.61,2.000,tp,2.25
2018-07-16 21:15,2018-07-17 07:00,sell,1239.84,1241.70,1236.13,1241.70,-1.000,sl,8.75
2018-07-17 14:00,2018-07-17 16:00,sell,1240.91,1242.42,1237.90,1237.90,2.000,tp,2.00
2018-07-18 06:00,2018-07-18 08:30,sell,1227.53,1229.04,1224.50,1224.50,2.000,tp,2.50
2018-07-18 13:15,2018-07-18 15:30,sell,1222.50,1224.89,1217.73,1224.89,-1.000,sl,2.25
2018-07-19 01:00,2018-07-19 03:00,sell,1226.56,1227.77,1224.15,1227.77,-1.000,sl,2.00
2018-07-19 07:00,2018-07-19 10:30,sell,1224.63,1226.55,1220.80,1220.80,2.000,tp,3.50
2018-07-19 18:15,2018-07-19 20:00,sell,1216.38,1218.76,1211.63,1218.76,-1.000,sl,1.75
2018-07-20 03:30,2018-07-20 04:00,sell,1221.52,1223.14,1218.27,1223.14,-1.000,sl,0.50
2018-07-23 23:00,2018-07-24 04:15,sell,1224.21,1225.82,1220.99,1220.99,2.000,tp,4.25
2018-07-24 06:15,2018-07-24 10:30,sell,1221.97,1224.55,1216.80,1224.55,-1.000,sl,4.25
2018-07-24 18:45,2018-07-25 04:30,sell,1224.04,1227.08,1217.95,1227.08,-1.000,sl,8.75
2018-07-25 06:00,2018-07-25 08:30,sell,1223.51,1225.63,1219.27,1225.63,-1.000,sl,2.50
2018-07-26 21:00,2018-07-27 11:15,sell,1223.92,1225.74,1220.27,1220.27,2.000,tp,13.25
2018-07-27 11:15,2018-07-27 15:30,sell,1219.55,1221.86,1214.92,1221.86,-1.000,sl,4.25
2018-07-27 21:15,2018-07-30 05:45,sell,1223.73,1225.83,1219.54,1219.54,2.000,tp,7.50
2018-07-30 05:45,2018-07-30 10:45,sell,1219.50,1221.38,1215.73,1221.38,-1.000,sl,5.00
2018-07-30 13:30,2018-07-30 14:15,sell,1221.27,1222.82,1218.16,1222.82,-1.000,sl,0.75
2018-07-30 20:00,2018-07-31 10:30,sell,1222.55,1224.24,1219.16,1219.16,2.000,tp,13.50
2018-07-31 10:30,2018-07-31 15:30,sell,1218.76,1220.97,1214.35,1220.97,-1.000,sl,5.00
2018-08-01 07:45,2018-08-01 11:15,sell,1220.52,1222.10,1217.35,1222.10,-1.000,sl,3.50
2018-08-01 14:45,2018-08-01 16:30,sell,1222.07,1223.67,1218.87,1218.87,2.000,tp,1.75
2018-08-01 21:30,2018-08-02 05:15,sell,1218.59,1220.87,1214.04,1220.87,-1.000,sl,6.75
2018-08-02 07:15,2018-08-02 09:00,sell,1218.66,1220.31,1215.35,1220.31,-1.000,sl,1.75
2018-08-02 14:45,2018-08-02 15:30,sell,1214.07,1216.33,1209.55,1216.33,-1.000,sl,0.75
2018-08-02 21:00,2018-08-02 23:15,sell,1211.47,1213.07,1208.28,1208.28,2.000,tp,2.25
2018-08-03 04:30,2018-08-03 13:15,sell,1206.71,1208.33,1203.48,1208.33,-1.000,sl,8.75
2018-08-03 23:30,2018-08-06 01:15,sell,1213.10,1214.30,1210.71,1214.30,-1.000,sl,0.75
2018-08-06 09:00,2018-08-06 13:15,sell,1212.87,1214.07,1210.47,1210.47,2.000,tp,4.25
2018-08-06 16:30,2018-08-06 17:30,sell,1209.09,1211.21,1204.84,1211.21,-1.000,sl,1.00
2018-08-06 23:00,2018-08-07 01:00,sell,1206.82,1208.07,1204.32,1208.07,-1.000,sl,1.00
2018-08-07 08:30,2018-08-07 08:45,sell,1209.32,1210.60,1206.77,1210.60,-1.000,sl,0.25
2018-08-07 20:00,2018-08-08 02:30,sell,1210.74,1212.52,1207.17,1212.52,-1.000,sl,5.50
2018-08-08 03:45,2018-08-08 04:00,sell,1210.79,1211.89,1208.60,1211.89,-1.000,sl,0.25
2018-08-08 14:45,2018-08-08 15:15,sell,1209.37,1211.15,1205.81,1211.15,-1.000,sl,0.50
2018-08-10 07:45,2018-08-10 08:45,sell,1210.84,1212.24,1208.03,1208.03,2.000,tp,1.00
2018-08-10 18:45,2018-08-13 10:30,sell,1211.81,1215.41,1204.60,1204.60,2.000,tp,14.75
2018-08-13 10:30,2018-08-13 14:00,sell,1204.28,1206.67,1199.51,1199.51,2.000,tp,3.50
2018-08-13 16:45,2018-08-14 17:45,sell,1199.45,1203.40,1191.56,1197.87,0.400,time,24.00
2018-08-14 19:00,2018-08-15 04:00,sell,1195.50,1197.55,1191.40,1191.40,2.000,tp,8.00
2018-08-15 05:00,2018-08-15 06:45,sell,1191.45,1193.11,1188.12,1188.12,2.000,tp,1.75
2018-08-15 11:30,2018-08-15 16:30,sell,1187.10,1189.43,1182.45,1182.45,2.000,tp,5.00
2018-08-15 17:45,2018-08-16 03:15,sell,1178.74,1182.66,1170.90,1170.90,2.000,tp,8.50
2018-08-16 06:15,2018-08-16 08:30,sell,1171.07,1176.68,1159.85,1176.68,-1.000,sl,2.25
2018-08-16 15:15,2018-08-16 16:45,sell,1177.85,1180.32,1172.92,1180.32,-1.000,sl,1.50
2018-08-16 21:45,2018-08-17 04:00,sell,1175.48,1178.04,1170.36,1178.04,-1.000,sl,5.25
2018-08-17 06:45,2018-08-17 11:00,sell,1176.00,1178.71,1170.59,1178.71,-1.000,sl,4.25
2018-08-17 13:00,2018-08-17 15:30,sell,1175.31,1178.13,1169.68,1178.13,-1.000,sl,2.50
2018-08-17 19:30,2018-08-17 21:45,sell,1177.42,1180.00,1172.25,1180.00,-1.000,sl,2.25
2018-08-23 12:00,2018-08-23 13:45,sell,1187.39,1190.14,1181.89,1190.14,-1.000,sl,1.75
2018-08-23 19:00,2018-08-24 11:15,sell,1187.48,1190.33,1181.78,1190.33,-1.000,sl,15.25
2018-09-04 20:45,2018-09-05 05:15,sell,1191.75,1194.34,1186.56,1194.34,-1.000,sl,7.50
2018-09-05 08:00,2018-09-05 08:45,sell,1191.89,1193.35,1188.97,1193.35,-1.000,sl,0.75
2018-09-05 14:45,2018-09-05 15:45,sell,1193.28,1195.21,1189.41,1195.21,-1.000,sl,1.00
2018-09-07 21:30,2018-09-10 16:00,sell,1195.05,1197.49,1190.17,1197.49,-1.000,sl,17.50
2018-09-10 20:00,2018-09-11 10:15,sell,1194.60,1196.69,1190.43,1196.69,-1.000,sl,13.25
2018-09-11 11:30,2018-09-11 15:30,sell,1194.81,1196.71,1191.00,1191.00,2.000,tp,4.00
2018-09-11 17:30,2018-09-11 18:45,sell,1190.79,1194.43,1183.50,1194.43,-1.000,sl,1.25
2018-09-12 04:45,2018-09-12 10:30,sell,1194.17,1195.59,1191.33,1195.59,-1.000,sl,5.75
2018-09-25 04:45,2018-09-25 06:00,sell,1198.00,1199.13,1195.75,1199.13,-1.000,sl,1.25
2018-09-25 11:00,2018-09-25 13:30,sell,1198.35,1200.31,1194.44,1200.31,-1.000,sl,2.50
2018-09-26 14:15,2018-09-26 16:30,sell,1197.34,1198.97,1194.07,1194.07,2.000,tp,2.25
2018-09-26 20:15,2018-09-26 21:00,sell,1194.51,1197.17,1189.18,1197.17,-1.000,sl,0.75
2018-09-27 04:15,2018-09-27 04:45,sell,1195.32,1196.72,1192.52,1196.72,-1.000,sl,0.50
2018-09-27 11:00,2018-09-27 15:30,sell,1195.63,1197.88,1191.13,1191.13,2.000,tp,4.50
2018-09-27 17:30,2018-09-28 17:45,sell,1184.34,1188.44,1176.14,1188.44,-1.000,sl,23.25
2018-10-01 05:30,2018-10-01 11:45,sell,1188.71,1190.24,1185.64,1185.64,2.000,tp,6.25
2018-10-01 14:15,2018-10-01 15:00,sell,1185.18,1187.29,1180.97,1187.29,-1.000,sl,0.75
2018-10-01 20:15,2018-10-02 04:00,sell,1187.48,1190.41,1181.62,1190.41,-1.000,sl,6.75
2018-10-08 20:15,2018-10-08 22:30,sell,1184.61,1187.92,1177.98,1187.92,-1.000,sl,2.25
2018-10-09 09:15,2018-10-09 10:00,sell,1189.49,1190.79,1186.90,1190.79,-1.000,sl,0.75
2018-10-09 15:15,2018-10-09 17:15,sell,1186.26,1188.38,1182.01,1188.38,-1.000,sl,2.00
2018-10-10 01:45,2018-10-10 02:30,sell,1188.70,1189.93,1186.24,1189.93,-1.000,sl,0.75
2018-10-10 09:30,2018-10-10 09:45,sell,1189.21,1190.57,1186.49,1190.57,-1.000,sl,0.25
2018-10-10 17:30,2018-10-10 19:45,sell,1186.85,1190.08,1180.38,1190.08,-1.000,sl,2.25
2018-10-22 01:00,2018-10-22 04:00,buy,1228.00,1226.60,1230.80,1226.60,-1.000,sl,3.00
2018-10-22 08:15,2018-10-22 08:30,buy,1228.32,1227.08,1230.79,1227.08,-1.000,sl,0.25
2018-10-23 12:00,2018-10-23 17:15,buy,1236.46,1233.31,1242.75,1233.31,-1.000,sl,5.25
2018-10-23 20:15,2018-10-23 21:45,buy,1233.88,1230.26,1241.12,1230.26,-1.000,sl,1.50
2018-10-24 04:00,2018-10-24 06:45,buy,1232.76,1231.21,1235.85,1231.21,-1.000,sl,2.75
2018-10-24 11:00,2018-10-24 11:30,buy,1231.96,1229.80,1236.29,1229.80,-1.000,sl,0.50
2018-10-24 17:00,2018-10-24 18:15,buy,1231.80,1228.53,1238.34,1228.53,-1.000,sl,1.25
2018-10-24 23:45,2018-10-25 09:00,buy,1233.58,1231.09,1238.56,1238.56,2.000,tp,8.25
2018-10-25 09:00,2018-10-25 09:15,buy,1239.25,1237.62,1242.50,1237.62,-1.000,sl,0.25
2018-10-25 15:45,2018-10-25 16:15,buy,1233.31,1230.95,1238.03,1230.95,-1.000,sl,0.50
2018-10-26 02:30,2018-10-26 04:00,buy,1231.83,1230.32,1234.86,1230.32,-1.000,sl,1.50
2018-10-26 08:30,2018-10-26 09:45,buy,1232.60,1231.16,1235.48,1231.16,-1.000,sl,1.25
2018-10-26 16:15,2018-10-26 17:45,buy,1235.02,1231.97,1241.11,1241.11,2.000,tp,1.50
2018-10-29 03:45,2018-10-29 04:30,buy,1235.14,1233.67,1238.07,1233.67,-1.000,sl,0.75
2018-11-02 09:15,2018-11-02 14:30,buy,1234.28,1231.75,1239.34,1231.75,-1.000,sl,5.25
2018-11-02 16:15,2018-11-02 17:00,buy,1235.74,1231.07,1245.08,1231.07,-1.000,sl,0.75
2018-11-05 01:00,2018-11-05 03:00,buy,1234.10,1232.52,1237.27,1232.52,-1.000,sl,2.00
2018-11-05 08:15,2018-11-05 08:45,buy,1232.61,1231.56,1234.71,1231.56,-1.000,sl,0.50
2018-11-05 17:00,2018-11-05 18:00,buy,1233.03,1229.96,1239.16,1229.96,-1.000,sl,1.00
2018-11-06 01:15,2018-11-06 02:00,buy,1231.96,1230.64,1234.60,1230.64,-1.000,sl,0.75
2018-11-06 09:45,2018-11-06 12:30,buy,1232.13,1230.56,1235.26,1235.26,2.000,tp,2.75
2018-11-07 14:30,2018-11-07 15:30,buy,1232.99,1230.35,1238.27,1230.35,-1.000,sl,1.00
2018-11-19 11:45,2018-11-19 20:30,buy,1220.77,1218.66,1225.00,1225.00,2.000,tp,8.75
2018-11-20 01:30,2018-11-20 02:00,buy,1224.44,1223.33,1226.66,1223.33,-1.000,sl,0.50
2018-11-20 08:00,2018-11-20 10:00,buy,1223.67,1222.56,1225.90,1225.90,2.000,tp,2.00
2018-11-20 14:00,2018-11-20 17:00,buy,1225.95,1223.27,1231.32,1223.27,-1.000,sl,3.00
2018-11-20 22:45,2018-11-21 02:00,buy,1222.53,1220.73,1226.13,1220.73,-1.000,sl,2.25
2018-11-21 08:45,2018-11-21 11:30,buy,1222.50,1221.30,1224.90,1224.90,2.000,tp,2.75
2018-11-21 14:45,2018-11-21 17:15,buy,1224.31,1222.11,1228.70,1228.70,2.000,tp,2.50
2018-11-21 21:00,2018-11-21 22:45,buy,1227.48,1225.44,1231.55,1225.44,-1.000,sl,1.75
2018-11-22 04:00,2018-11-23 08:45,buy,1227.13,1225.91,1229.57,1225.91,-1.000,sl,23.75
2018-11-26 13:45,2018-11-26 14:00,buy,1226.50,1224.95,1229.61,1224.95,-1.000,sl,0.25
2018-11-29 12:00,2018-11-29 13:00,buy,1226.72,1224.84,1230.49,1224.84,-1.000,sl,1.00
2018-11-29 18:45,2018-11-29 20:00,buy,1227.06,1224.06,1233.07,1224.06,-1.000,sl,1.25
2018-11-30 01:45,2018-11-30 10:00,buy,1224.47,1223.18,1227.05,1223.18,-1.000,sl,8.25
2018-11-30 10:45,2018-11-30 11:15,buy,1224.57,1223.22,1227.26,1223.22,-1.000,sl,0.50
2018-12-03 05:45,2018-12-03 09:00,buy,1225.03,1223.34,1228.41,1228.41,2.000,tp,3.25
2018-12-03 15:00,2018-12-03 16:15,buy,1229.55,1227.25,1234.15,1234.15,2.000,tp,1.25
2018-12-04 02:15,2018-12-04 03:30,buy,1231.60,1230.38,1234.04,1234.04,2.000,tp,1.25
2018-12-04 10:30,2018-12-04 19:00,buy,1239.11,1237.09,1243.15,1237.09,-1.000,sl,8.50
2018-12-04 19:45,2018-12-04 21:45,buy,1240.25,1237.59,1245.57,1237.59,-1.000,sl,2.00
2018-12-05 08:30,2018-12-05 09:00,buy,1236.05,1234.65,1238.84,1234.65,-1.000,sl,0.50
2018-12-05 14:30,2018-12-05 17:00,buy,1237.80,1236.51,1240.37,1236.51,-1.000,sl,2.50
2018-12-05 22:30,2018-12-06 03:15,buy,1237.27,1235.84,1240.13,1240.13,2.000,tp,3.75
2018-12-06 06:00,2018-12-06 08:30,buy,1239.72,1237.99,1243.19,1237.99,-1.000,sl,2.50
2018-12-06 16:00,2018-12-06 20:15,buy,1241.26,1238.38,1247.03,1238.38,-1.000,sl,4.25
2018-12-07 02:00,2018-12-07 13:00,buy,1238.57,1237.05,1241.61,1241.61,2.000,tp,11.00
2018-12-07 13:00,2018-12-07 14:15,buy,1242.18,1240.48,1245.57,1240.48,-1.000,sl,1.25
2018-12-07 19:30,2018-12-10 19:45,buy,1245.75,1242.69,1251.87,1242.69,-1.000,sl,23.25
2018-12-10 23:00,2018-12-11 10:30,buy,1244.73,1242.88,1248.42,1248.42,2.000,tp,10.50
2018-12-11 10:30,2018-12-11 13:00,buy,1248.56,1246.98,1251.73,1246.98,-1.000,sl,2.50
2018-12-12 19:45,2018-12-12 21:00,buy,1246.18,1243.99,1250.56,1243.99,-1.000,sl,1.25
2018-12-13 08:00,2018-12-13 08:30,buy,1246.22,1245.30,1248.05,1245.30,-1.000,sl,0.50
2018-12-18 01:30,2018-12-18 08:45,buy,1246.50,1245.18,1249.14,1245.18,-1.000,sl,7.25
2018-12-18 09:30,2018-12-18 13:00,buy,1247.39,1246.10,1249.98,1249.98,2.000,tp,3.50
2018-12-18 18:15,2018-12-19 16:30,buy,1248.60,1245.91,1253.97,1253.97,2.000,tp,21.25
2018-12-19 16:30,2018-12-19 19:30,buy,1254.69,1252.54,1258.99,1252.54,-1.000,sl,3.00
2018-12-20 11:45,2018-12-20 12:30,buy,1257.15,1254.29,1262.86,1254.29,-1.000,sl,0.75
2018-12-20 18:00,2018-12-21 19:00,buy,1258.19,1253.81,1266.95,1257.53,-0.151,time,24.00
2018-12-24 01:45,2018-12-24 04:30,buy,1259.03,1257.29,1262.51,1262.51,2.000,tp,2.75
2018-12-24 08:45,2018-12-24 11:45,buy,1263.24,1261.85,1266.03,1261.85,-1.000,sl,3.00
2018-12-24 15:00,2018-12-24 18:15,buy,1263.26,1261.00,1267.79,1267.79,2.000,tp,3.25
2018-12-26 11:00,2018-12-26 17:00,buy,1272.94,1270.82,1277.18,1277.18,2.000,tp,6.00
2018-12-26 17:00,2018-12-26 19:00,buy,1276.88,1273.24,1284.16,1273.24,-1.000,sl,2.00
2018-12-27 01:15,2018-12-27 09:45,buy,1269.34,1266.83,1274.36,1266.83,-1.000,sl,8.50
2018-12-27 11:30,2018-12-27 13:45,buy,1273.34,1270.80,1278.42,1270.80,-1.000,sl,2.25
2018-12-27 17:45,2018-12-28 18:45,buy,1274.84,1270.85,1282.81,1279.38,1.139,time,24.00
2018-12-28 18:45,2018-12-31 19:45,buy,1279.63,1276.43,1286.04,1281.47,0.574,time,24.00
2018-12-31 19:45,2018-12-31 20:15,buy,1281.72,1279.22,1286.73,1279.22,-1.000,sl,0.50
2019-01-02 15:15,2019-01-02 15:30,buy,1286.97,1284.62,1291.67,1284.62,-1.000,sl,0.25
2019-01-02 22:45,2019-01-03 01:00,buy,1283.42,1280.97,1288.32,1288.32,2.000,tp,1.25
2019-01-03 06:15,2019-01-03 08:45,buy,1288.43,1286.67,1291.95,1291.95,2.000,tp,2.50
2019-01-03 15:30,2019-01-04 01:45,buy,1289.23,1286.29,1295.10,1295.10,2.000,tp,9.25
2019-01-04 01:45,2019-01-04 09:15,buy,1295.40,1293.40,1299.40,1293.40,-1.000,sl,7.50
2019-01-04 10:00,2019-01-04 10:15,buy,1295.48,1293.67,1299.10,1293.67,-1.000,sl,0.25
2019-01-07 09:00,2019-01-07 15:15,buy,1290.92,1288.89,1294.97,1294.97,2.000,tp,6.25
2019-01-07 15:15,2019-01-07 15:45,buy,1294.29,1292.26,1298.35,1292.26,-1.000,sl,0.50
2019-01-08 02:45,2019-01-08 03:30,buy,1289.24,1287.87,1291.98,1287.87,-1.000,sl,0.75
2019-01-10 02:30,2019-01-10 03:30,buy,1293.32,1291.82,1296.31,1291.82,-1.000,sl,1.00
2019-01-10 14:45,2019-01-10 15:15,buy,1294.14,1292.43,1297.56,1292.43,-1.000,sl,0.50
2019-01-11 04:30,2019-01-11 10:00,buy,1291.29,1289.60,1294.66,1294.66,2.000,tp,5.50
2019-01-11 12:30,2019-01-11 13:45,buy,1293.18,1291.56,1296.42,1291.56,-1.000,sl,1.25
2019-01-14 07:15,2019-01-14 10:45,buy,1291.29,1289.92,1294.02,1294.02,2.000,tp,3.50
2019-01-14 13:30,2019-01-14 14:15,buy,1295.74,1293.97,1299.29,1293.97,-1.000,sl,0.75
2019-01-14 19:45,2019-01-15 08:30,buy,1291.88,1289.91,1295.83,1289.91,-1.000,sl,11.75
2019-01-15 16:45,2019-01-15 17:15,buy,1294.61,1291.84,1300.15,1291.84,-1.000,sl,0.50
2019-01-16 18:45,2019-01-16 21:15,buy,1294.88,1292.58,1299.47,1292.58,-1.000,sl,2.50
2019-01-17 02:00,2019-01-17 05:15,buy,1293.95,1292.72,1296.41,1292.72,-1.000,sl,3.25
2019-01-17 09:30,2019-01-17 15:30,buy,1292.71,1291.37,1295.40,1291.37,-1.000,sl,6.00
2019-01-17 19:45,2019-01-17 21:45,buy,1292.21,1290.24,1296.15,1290.24,-1.000,sl,2.00
2019-01-18 06:45,2019-01-18 07:30,buy,1292.12,1291.01,1294.34,1291.01,-1.000,sl,0.75
2019-01-28 02:15,2019-01-28 16:15,buy,1300.67,1298.48,1305.05,1298.48,-1.000,sl,14.00
2019-01-28 16:30,2019-01-29 08:00,buy,1300.35,1298.18,1304.68,1304.68,2.000,tp,14.50
2019-01-29 08:00,2019-01-29 10:00,buy,1305.52,1304.28,1308.01,1308.01,2.000,tp,2.00
2019-01-29 14:30,2019-01-29 16:30,buy,1309.03,1307.18,1312.73,1307.18,-1.000,sl,2.00
2019-01-29 20:30,2019-01-30 08:30,buy,1310.68,1308.39,1315.25,1315.25,2.000,tp,11.00
2019-01-30 08:30,2019-01-30 09:00,buy,1315.62,1314.18,1318.49,1314.18,-1.000,sl,0.50
2019-01-30 17:45,2019-01-30 20:30,buy,1312.38,1310.04,1317.05,1310.04,-1.000,sl,2.75
2019-01-31 01:00,2019-02-01 02:00,buy,1320.55,1315.88,1329.89,1320.96,0.088,time,24.00
2019-02-01 02:45,2019-02-01 03:00,buy,1321.62,1320.22,1324.43,1320.22,-1.000,sl,0.25
2019-02-01 09:45,2019-02-01 12:45,buy,1318.35,1316.96,1321.14,1321.14,2.000,tp,3.00
2019-02-01 16:15,2019-02-01 17:00,buy,1321.76,1318.97,1327.34,1318.97,-1.000,sl,0.75
2019-02-08 14:45,2019-02-08 16:30,buy,1313.61,1311.95,1316.93,1311.95,-1.000,sl,1.75
2019-02-08 21:45,2019-02-08 23:00,buy,1315.35,1313.92,1318.22,1313.92,-1.000,sl,1.25
2019-02-12 13:00,2019-02-12 15:45,buy,1313.69,1311.76,1317.54,1311.76,-1.000,sl,2.75
2019-02-12 20:00,2019-02-13 02:00,buy,1312.09,1309.67,1316.93,1309.67,-1.000,sl,5.00
2019-02-13 03:45,2019-02-13 13:15,buy,1311.98,1310.48,1314.99,1310.48,-1.000,sl,9.50
2019-02-13 17:00,2019-02-13 18:00,buy,1316.82,1313.39,1323.69,1313.39,-1.000,sl,1.00
2019-02-14 22:45,2019-02-15 12:30,buy,1312.91,1310.77,1317.18,1317.18,2.000,tp,12.75
2019-02-15 12:30,2019-02-15 17:15,buy,1317.34,1315.63,1320.76,1315.63,-1.000,sl,4.75
2019-02-15 19:00,2019-02-18 03:00,buy,1317.22,1314.49,1322.68,1322.68,2.000,tp,7.00
2019-02-18 03:00,2019-02-18 10:00,buy,1323.88,1321.54,1328.56,1321.54,-1.000,sl,7.00
2019-02-18 11:00,2019-02-18 15:30,buy,1323.59,1322.06,1326.66,1326.66,2.000,tp,4.50
2019-02-18 18:15,2019-02-19 03:15,buy,1326.65,1324.99,1329.97,1324.99,-1.000,sl,4.00
2019-02-19 09:15,2019-02-19 10:15,buy,1325.22,1323.91,1327.84,1327.84,2.000,tp,1.00
2019-02-20 02:30,2019-02-20 03:15,buy,1340.18,1338.98,1342.58,1342.58,2.000,tp,0.75
2019-02-20 09:00,2019-02-20 19:45,buy,1342.88,1341.40,1345.83,1345.83,2.000,tp,10.75
2019-02-21 01:45,2019-02-21 03:15,buy,1340.79,1338.41,1345.54,1338.41,-1.000,sl,1.50
2019-02-21 10:00,2019-02-21 10:15,buy,1340.16,1338.39,1343.71,1338.39,-1.000,sl,0.25
2019-03-13 20:15,2019-03-14 02:45,buy,1309.74,1308.07,1313.08,1308.07,-1.000,sl,4.50
2019-03-18 11:45,2019-03-18 17:45,buy,1305.68,1303.54,1309.95,1303.54,-1.000,sl,6.00
2019-03-18 22:15,2019-03-19 01:30,buy,1303.91,1302.40,1306.93,1302.40,-1.000,sl,1.25
2019-03-19 06:15,2019-03-19 07:30,buy,1307.84,1306.62,1310.27,1306.62,-1.000,sl,1.25
2019-03-19 12:30,2019-03-19 18:30,buy,1308.24,1306.42,1311.89,1306.42,-1.000,sl,6.00
2019-03-19 19:45,2019-03-20 01:00,buy,1307.71,1305.66,1311.81,1305.66,-1.000,sl,3.25
2019-03-20 07:45,2019-03-20 08:45,buy,1305.94,1305.12,1307.58,1305.12,-1.000,sl,1.00
2019-03-20 13:45,2019-03-20 15:00,buy,1305.06,1303.35,1308.48,1308.48,2.000,tp,1.25
2019-03-21 01:00,2019-03-21 16:45,buy,1314.75,1309.77,1324.72,1309.77,-1.000,sl,15.75
2019-03-22 09:00,2019-03-22 10:30,buy,1312.31,1310.87,1315.19,1310.87,-1.000,sl,1.50
2019-03-22 15:45,2019-03-22 17:00,buy,1314.51,1311.26,1321.01,1311.26,-1.000,sl,1.25
2019-03-25 02:30,2019-03-25 08:00,buy,1313.43,1311.73,1316.84,1316.84,2.000,tp,5.50
2019-03-25 09:00,2019-03-25 16:00,buy,1317.06,1315.53,1320.13,1320.13,2.000,tp,7.00
2019-03-25 16:00,2019-03-25 16:45,buy,1321.36,1319.23,1325.61,1319.23,-1.000,sl,0.75
2019-03-26 01:00,2019-03-26 02:30,buy,1322.36,1320.33,1326.41,1320.33,-1.000,sl,1.50
2019-03-26 15:00,2019-03-26 15:45,buy,1317.97,1315.13,1323.65,1315.13,-1.000,sl,0.75
2019-03-26 21:00,2019-03-27 06:45,buy,1317.05,1314.78,1321.58,1314.78,-1.000,sl,7.75
2019-04-10 01:00,2019-04-10 04:00,buy,1304.41,1303.22,1306.79,1303.22,-1.000,sl,3.00
2019-04-10 08:15,2019-04-10 15:30,buy,1302.99,1301.77,1305.42,1301.77,-1.000,sl,7.25
2019-04-10 16:15,2019-04-10 20:00,buy,1304.94,1302.34,1310.13,1310.13,2.000,tp,3.75
2019-04-10 22:15,2019-04-11 04:30,buy,1308.90,1306.90,1312.90,1306.90,-1.000,sl,5.25
2019-04-11 07:45,2019-04-11 09:45,buy,1307.36,1306.26,1309.57,1306.26,-1.000,sl,2.00
2019-04-15 23:45,2019-04-16 01:30,sell,1287.32,1288.14,1285.68,1288.14,-1.000,sl,0.75
2019-04-16 07:45,2019-04-16 09:30,sell,1284.57,1285.87,1281.98,1285.87,-1.000,sl,1.75
2019-04-16 14:15,2019-04-16 15:30,sell,1283.26,1284.97,1279.84,1279.84,2.000,tp,1.25
2019-04-17 03:00,2019-04-17 04:15,sell,1275.04,1276.38,1272.35,1276.38,-1.000,sl,1.25
2019-04-17 11:30,2019-04-18 04:30,sell,1276.27,1278.15,1272.51,1272.51,2.000,tp,16.00
2019-04-18 04:30,2019-04-18 10:15,sell,1272.19,1273.55,1269.48,1273.55,-1.000,sl,5.75
2019-04-18 15:30,2019-04-18 16:45,sell,1274.14,1276.37,1269.68,1276.37,-1.000,sl,1.25
2019-04-22 18:45,2019-04-23 04:30,sell,1274.00,1276.17,1269.65,1276.17,-1.000,sl,8.75
2019-04-23 05:15,2019-04-23 09:00,sell,1274.74,1276.09,1272.03,1272.03,2.000,tp,3.75
2019-04-23 11:45,2019-04-23 15:30,sell,1272.98,1274.65,1269.64,1269.64,2.000,tp,3.75
2019-04-23 21:00,2019-04-24 11:15,sell,1270.67,1273.29,1265.44,1273.29,-1.000,sl,13.25
2019-04-24 13:45,2019-04-24 14:30,sell,1271.09,1272.75,1267.77,1272.75,-1.000,sl,0.75
2019-05-02 04:00,2019-05-02 09:00,sell,1274.92,1276.31,1272.13,1272.13,2.000,tp,5.00
2019-05-02 15:15,2019-05-02 18:45,sell,1269.39,1271.45,1265.27,1271.45,-1.000,sl,3.50
2019-05-02 22:45,2019-05-03 06:30,sell,1270.35,1272.08,1266.89,1272.08,-1.000,sl,6.75
2019-05-03 09:45,2019-05-03 10:00,sell,1270.89,1272.14,1268.38,1272.14,-1.000,sl,0.25
2019-05-20 02:00,2019-05-20 04:15,sell,1277.24,1278.65,1274.43,1278.65,-1.000,sl,2.25
2019-05-20 08:00,2019-05-20 10:15,sell,1275.99,1277.09,1273.79,1277.09,-1.000,sl,2.25
2019-05-20 16:00,2019-05-20 17:45,sell,1275.48,1278.15,1270.14,1278.15,-1.000,sl,1.75
2019-05-21 02:00,2019-05-21 02:45,sell,1277.14,1277.85,1275.72,1277.85,-1.000,sl,0.75
2019-05-21 09:00,2019-05-21 10:15,sell,1275.16,1276.15,1273.18,1276.15,-1.000,sl,1.25
2019-05-21 16:30,2019-05-21 17:15,sell,1270.10,1272.59,1265.12,1272.59,-1.000,sl,0.75
2019-05-22 01:30,2019-05-22 02:00,sell,1273.91,1274.61,1272.52,1274.61,-1.000,sl,0.50
2019-05-22 07:45,2019-05-22 11:30,sell,1273.41,1274.46,1271.31,1274.46,-1.000,sl,3.75
2019-05-22 16:30,2019-05-22 19:00,sell,1274.33,1276.32,1270.36,1276.32,-1.000,sl,2.50
2019-05-22 23:45,2019-05-23 02:15,sell,1273.16,1273.98,1271.51,1273.98,-1.000,sl,1.50
2019-05-28 19:45,2019-05-29 02:45,sell,1277.53,1280.23,1272.12,1280.23,-1.000,sl,6.00
2019-05-29 04:15,2019-05-29 07:30,sell,1279.42,1280.77,1276.71,1280.77,-1.000,sl,3.25
2019-05-30 01:00,2019-05-30 10:00,sell,1279.31,1281.01,1275.91,1275.91,2.000,tp,9.00
2019-05-30 10:00,2019-05-30 11:15,sell,1275.49,1276.90,1272.66,1276.90,-1.000,sl,1.25
2019-06-04 08:15,2019-06-04 10:00,buy,1323.88,1322.33,1326.99,1326.99,2.000,tp,1.75
2019-06-04 16:45,2019-06-05 09:30,buy,1324.49,1320.08,1333.32,1333.32,2.000,tp,15.75
2019-06-05 09:30,2019-06-05 12:30,buy,1332.52,1330.43,1336.69,1336.69,2.000,tp,3.00
2019-06-05 23:00,2019-06-06 03:15,buy,1330.97,1328.80,1335.32,1328.80,-1.000,sl,3.25
2019-06-06 06:00,2019-06-06 11:00,buy,1331.54,1329.25,1336.12,1336.12,2.000,tp,5.00
2019-06-06 13:30,2019-06-06 14:15,buy,1336.95,1335.17,1340.52,1335.17,-1.000,sl,0.75
2019-06-06 19:30,2019-06-06 21:30,buy,1339.84,1336.28,1346.95,1336.28,-1.000,sl,2.00
2019-06-07 10:45,2019-06-07 12:45,buy,1335.58,1333.74,1339.27,1333.74,-1.000,sl,2.00
2019-06-07 17:00,2019-06-07 18:45,buy,1344.30,1338.85,1355.19,1338.85,-1.000,sl,1.75
2019-06-12 08:45,2019-06-12 15:15,buy,1335.30,1333.49,1338.91,1333.49,-1.000,sl,6.50
2019-06-12 15:30,2019-06-12 15:45,buy,1335.54,1332.99,1340.64,1332.99,-1.000,sl,0.25
2019-06-13 02:30,2019-06-13 04:15,buy,1333.44,1332.62,1335.08,1332.62,-1.000,sl,1.75
2019-06-13 08:30,2019-06-13 12:15,buy,1336.45,1334.93,1339.48,1334.93,-1.000,sl,3.75
2019-06-13 16:45,2019-06-13 20:45,buy,1336.44,1333.97,1341.38,1341.38,2.000,tp,4.00
2019-06-13 22:45,2019-06-14 05:00,buy,1341.48,1339.46,1345.52,1345.52,2.000,tp,5.25
2019-06-14 08:00,2019-06-14 09:15,buy,1345.75,1343.84,1349.57,1349.57,2.000,tp,1.25
2019-06-14 14:30,2019-06-14 15:30,buy,1354.66,1352.37,1359.24,1352.37,-1.000,sl,1.00
2019-06-18 08:45,2019-06-18 11:00,buy,1346.10,1344.42,1349.46,1344.42,-1.000,sl,2.25
2019-06-18 14:45,2019-06-18 16:30,buy,1350.95,1347.67,1357.50,1347.67,-1.000,sl,1.75
2019-06-19 01:15,2019-06-19 01:45,buy,1346.80,1345.61,1349.17,1345.61,-1.000,sl,0.50
2019-06-19 07:45,2019-06-19 09:15,buy,1345.70,1343.71,1349.67,1343.71,-1.000,sl,1.50
2019-06-19 17:00,2019-06-19 21:00,buy,1345.09,1341.99,1351.28,1351.28,2.000,tp,4.00
2019-06-19 23:00,2019-06-20 03:45,buy,1358.04,1351.29,1371.55,1371.55,2.000,tp,3.75
2019-06-20 12:30,2019-06-20 19:15,buy,1381.93,1377.54,1390.70,1390.70,2.000,tp,6.75
2019-06-20 19:45,2019-06-21 04:45,buy,1388.08,1382.79,1398.66,1398.66,2.000,tp,8.00
2019-06-21 04:45,2019-06-21 08:45,buy,1404.73,1400.31,1413.56,1400.31,-1.000,sl,4.00
2019-06-21 13:30,2019-06-21 17:15,buy,1398.22,1391.16,1412.33,1391.16,-1.000,sl,3.75
2019-06-21 20:00,2019-06-24 01:30,buy,1396.80,1390.67,1409.06,1409.06,2.000,tp,4.50
2019-06-24 03:00,2019-06-24 04:00,buy,1408.59,1403.28,1419.20,1403.28,-1.000,sl,1.00
2019-06-24 09:00,2019-06-24 09:45,buy,1406.23,1402.92,1412.84,1402.92,-1.000,sl,0.75
2019-06-24 16:15,2019-06-24 18:15,buy,1407.48,1403.84,1414.77,1414.77,2.000,tp,2.00
2019-06-24 22:30,2019-06-25 01:45,buy,1418.69,1415.78,1424.52,1424.52,2.000,tp,2.25
2019-06-25 09:30,2019-06-25 19:30,buy,1429.14,1421.39,1444.64,1421.39,-1.000,sl,10.00
2019-06-28 19:00,2019-07-01 01:00,buy,1412.76,1407.96,1422.37,1407.96,-1.000,sl,5.00
2019-07-02 23:30,2019-07-03 01:00,buy,1419.60,1414.36,1430.08,1430.08,2.000,tp,0.50
2019-07-03 07:00,2019-07-03 14:30,buy,1426.56,1420.96,1437.75,1420.96,-1.000,sl,7.50
2019-07-03 17:00,2019-07-04 09:15,buy,1420.42,1413.19,1434.87,1413.19,-1.000,sl,15.25
2019-07-04 17:15,2019-07-04 18:15,buy,1417.30,1414.70,1422.51,1414.70,-1.000,sl,1.00
2019-07-05 04:15,2019-07-05 09:00,buy,1419.33,1414.19,1429.60,1414.19,-1.000,sl,4.75
2019-07-11 01:00,2019-07-11 15:30,buy,1420.82,1417.21,1428.04,1417.21,-1.000,sl,14.50
2019-07-12 11:00,2019-07-12 12:00,buy,1411.53,1408.43,1417.72,1408.43,-1.000,sl,1.00
2019-07-12 20:45,2019-07-15 05:30,buy,1412.92,1409.46,1419.83,1409.46,-1.000,sl,7.75
2019-07-15 08:45,2019-07-15 15:30,buy,1413.13,1411.01,1417.36,1411.01,-1.000,sl,6.75
2019-07-15 19:30,2019-07-16 15:30,buy,1412.69,1408.94,1420.19,1408.94,-1.000,sl,19.00
2019-07-18 03:45,2019-07-18 04:30,buy,1427.97,1424.98,1433.94,1424.98,-1.000,sl,0.75
2019-07-18 11:45,2019-07-18 13:45,buy,1422.02,1418.59,1428.89,1418.59,-1.000,sl,2.00
2019-07-18 18:00,2019-07-18 22:00,buy,1425.95,1419.86,1438.12,1438.12,2.000,tp,4.00
2019-07-19 02:15,2019-07-19 12:30,buy,1443.94,1436.36,1459.09,1436.36,-1.000,sl,10.25
2019-07-19 16:30,2019-07-19 17:00,buy,1442.00,1437.08,1451.85,1437.08,-1.000,sl,0.50
2019-07-24 21:30,2019-07-25 14:30,buy,1423.99,1421.17,1429.62,1429.62,2.000,tp,16.00
2019-07-25 14:30,2019-07-25 15:30,buy,1430.13,1427.45,1435.50,1427.45,-1.000,sl,1.00
2019-07-29 21:00,2019-07-29 22:15,buy,1422.65,1420.24,1427.47,1427.47,2.000,tp,1.25
2019-07-30 06:30,2019-07-30 12:00,buy,1424.20,1422.46,1427.69,1427.69,2.000,tp,5.50
2019-07-30 14:00,2019-07-30 15:30,buy,1428.65,1426.18,1433.58,1426.18,-1.000,sl,1.50
2019-07-30 20:30,2019-07-31 05:00,buy,1430.28,1427.85,1435.14,1427.85,-1.000,sl,7.50
2019-07-31 07:45,2019-07-31 09:15,buy,1429.16,1427.84,1431.80,1431.80,2.000,tp,1.50
2019-07-31 15:45,2019-07-31 16:30,buy,1432.28,1430.25,1436.33,1430.25,-1.000,sl,0.75
2019-08-02 03:00,2019-08-02 04:15,buy,1439.20,1433.00,1451.60,1433.00,-1.000,sl,1.25
2019-08-02 09:15,2019-08-02 10:45,buy,1433.80,1431.16,1439.08,1439.08,2.000,tp,1.50
2019-08-02 16:30,2019-08-05 04:30,buy,1439.52,1433.74,1451.07,1451.07,2.000,tp,11.00
2019-08-05 04:30,2019-08-05 05:00,buy,1451.91,1447.02,1461.70,1447.02,-1.000,sl,0.50
2019-08-05 18:30,2019-08-06 19:30,buy,1463.59,1455.45,1479.87,1470.39,0.835,time,24.00
2019-08-06 20:00,2019-08-07 04:15,buy,1472.09,1467.13,1482.01,1482.01,2.000,tp,7.25
2019-08-07 04:15,2019-08-07 14:30,buy,1483.81,1478.96,1493.50,1493.50,2.000,tp,10.25
2019-08-07 15:00,2019-08-07 15:15,buy,1498.20,1494.01,1506.59,1494.01,-1.000,sl,0.25
2019-08-07 21:15,2019-08-07 22:30,buy,1506.39,1498.74,1521.70,1498.74,-1.000,sl,1.25
2019-08-08 05:30,2019-08-08 13:30,buy,1502.77,1495.27,1517.77,1495.27,-1.000,sl,8.00
2019-08-08 14:15,2019-08-08 15:30,buy,1498.03,1494.77,1504.56,1494.77,-1.000,sl,1.25
2019-08-08 20:15,2019-08-08 21:30,buy,1498.03,1493.22,1507.66,1507.66,2.000,tp,1.25
2019-08-09 04:45,2019-08-09 15:15,buy,1504.49,1499.42,1514.63,1499.42,-1.000,sl,10.50
2019-08-09 17:15,2019-08-09 19:45,buy,1503.25,1497.29,1515.16,1497.29,-1.000,sl,2.50
2019-08-12 02:45,2019-08-12 03:15,buy,1500.98,1498.12,1506.69,1498.12,-1.000,sl,0.50
2019-08-12 11:45,2019-08-12 21:30,buy,1503.01,1497.01,1515.02,1515.02,2.000,tp,9.75
2019-08-12 21:30,2019-08-12 21:45,buy,1516.94,1512.59,1525.63,1512.59,-1.000,sl,0.25
2019-08-13 04:30,2019-08-13 10:45,buy,1517.76,1514.13,1525.01,1525.01,2.000,tp,6.25
2019-08-14 17:30,2019-08-15 18:30,buy,1512.95,1504.09,1530.67,1518.30,0.604,time,24.00
2019-08-15 18:45,2019-08-16 11:00,buy,1519.41,1512.79,1532.64,1512.79,-1.000,sl,15.25
2019-08-23 17:45,2019-08-26 01:00,buy,1519.37,1511.54,1535.03,1535.03,2.000,tp,6.25
2019-08-26 07:45,2019-08-26 09:45,buy,1543.20,1538.93,1551.75,1538.93,-1.000,sl,2.00
2019-08-26 13:45,2019-08-26 15:45,buy,1532.72,1526.06,1546.05,1526.06,-1.000,sl,2.00
2019-08-27 02:45,2019-08-27 04:00,buy,1528.76,1526.99,1532.30,1526.99,-1.000,sl,1.25
2019-08-27 08:45,2019-08-27 12:00,buy,1531.77,1529.65,1536.01,1529.65,-1.000,sl,3.25
2019-08-27 14:45,2019-08-27 15:15,buy,1531.25,1529.27,1535.20,1529.27,-1.000,sl,0.50
2019-08-27 21:00,2019-08-27 22:00,buy,1542.58,1537.58,1552.59,1537.58,-1.000,sl,1.00
2019-08-28 08:45,2019-08-28 15:00,buy,1539.25,1535.88,1545.98,1545.98,2.000,tp,6.25
2019-08-28 20:00,2019-08-29 09:45,buy,1539.48,1534.38,1549.69,1549.69,2.000,tp,12.75
2019-08-29 09:45,2019-08-29 10:00,buy,1549.55,1546.22,1556.20,1546.22,-1.000,sl,0.25
2019-08-29 15:45,2019-08-29 16:45,buy,1542.96,1538.24,1552.40,1538.24,-1.000,sl,1.00
2019-09-03 14:45,2019-09-03 16:15,buy,1531.54,1528.55,1537.51,1537.51,2.000,tp,1.50
2019-09-03 22:30,2019-09-04 04:45,buy,1545.46,1541.64,1553.10,1541.64,-1.000,sl,5.25
2019-09-04 08:15,2019-09-04 08:45,buy,1544.28,1541.51,1549.81,1541.51,-1.000,sl,0.50
2019-09-04 15:45,2019-09-04 17:00,buy,1541.73,1538.10,1548.98,1548.98,2.000,tp,1.25
2019-09-05 02:00,2019-09-05 03:00,buy,1552.78,1549.97,1558.41,1549.97,-1.000,sl,1.00
2019-09-05 08:30,2019-09-05 10:45,buy,1546.00,1542.89,1552.22,1542.89,-1.000,sl,2.25
2019-09-05 15:00,2019-09-05 15:15,buy,1543.46,1539.67,1551.04,1539.67,-1.000,sl,0.25
2019-09-23 08:45,2019-09-23 09:30,buy,1515.82,1513.74,1519.98,1513.74,-1.000,sl,0.75
2019-09-23 15:30,2019-09-23 17:45,buy,1518.94,1516.05,1524.73,1524.73,2.000,tp,2.25
2019-09-23 22:45,2019-09-23 23:45,buy,1524.88,1522.02,1530.59,1522.02,-1.000,sl,1.00
2019-09-24 05:45,2019-09-24 16:00,buy,1521.67,1519.25,1526.52,1519.25,-1.000,sl,10.25
2019-09-24 17:00,2019-09-24 19:30,buy,1521.20,1516.74,1530.12,1530.12,2.000,tp,2.50
2019-09-25 01:00,2019-09-25 15:00,buy,1532.54,1527.18,1543.26,1527.18,-1.000,sl,14.00
2019-09-25 16:30,2019-09-25 17:00,buy,1529.56,1525.98,1536.73,1525.98,-1.000,sl,0.50
2019-10-04 19:45,2019-10-07 10:15,buy,1508.59,1501.63,1522.51,1501.63,-1.000,sl,13.50
2019-10-08 22:45,2019-10-09 12:45,buy,1506.23,1500.19,1518.31,1500.19,-1.000,sl,13.00
2019-10-09 16:00,2019-10-09 20:00,buy,1507.76,1503.78,1515.73,1503.78,-1.000,sl,4.00
2019-10-09 22:30,2019-10-09 22:45,buy,1510.90,1506.58,1519.54,1506.58,-1.000,sl,0.25
2019-10-10 10:15,2019-10-10 13:00,buy,1509.02,1505.81,1515.44,1505.81,-1.000,sl,2.75
2019-10-24 20:00,2019-10-25 14:30,buy,1501.72,1497.84,1509.48,1509.48,2.000,tp,17.50
2019-10-25 14:30,2019-10-25 16:00,buy,1509.38,1506.80,1514.53,1514.53,2.000,tp,1.50
2019-10-28 02:45,2019-10-28 07:00,buy,1504.97,1503.34,1508.23,1503.34,-1.000,sl,4.25
2019-10-28 08:45,2019-10-28 09:45,buy,1507.09,1505.55,1510.16,1505.55,-1.000,sl,1.00
2019-10-31 07:45,2019-10-31 11:00,buy,1498.45,1496.93,1501.49,1501.49,2.000,tp,3.25
2019-10-31 14:15,2019-10-31 16:00,buy,1507.11,1503.86,1513.61,1513.61,2.000,tp,1.75
2019-10-31 21:30,2019-11-01 13:30,buy,1511.84,1508.94,1517.63,1508.94,-1.000,sl,14.00
2019-11-01 17:00,2019-11-04 18:30,buy,1510.97,1505.13,1522.64,1505.13,-1.000,sl,23.50
2019-11-04 19:45,2019-11-05 01:45,buy,1509.90,1506.32,1517.07,1506.32,-1.000,sl,5.00
2019-11-12 01:00,2019-11-12 02:00,sell,1454.84,1456.24,1452.05,1456.24,-1.000,sl,1.00
2019-11-12 07:00,2019-11-12 07:45,sell,1455.46,1456.72,1452.95,1452.95,2.000,tp,0.75
2019-11-12 13:00,2019-11-12 20:00,sell,1451.58,1455.55,1443.64,1455.55,-1.000,sl,7.00
2019-11-12 20:45,2019-11-12 21:15,sell,1452.59,1456.26,1445.25,1456.26,-1.000,sl,0.50
2019-11-18 11:30,2019-11-18 15:15,sell,1459.08,1462.08,1453.07,1462.08,-1.000,sl,3.75
2019-11-21 15:00,2019-11-21 15:30,sell,1467.31,1470.23,1461.48,1470.23,-1.000,sl,0.50
2019-11-21 22:15,2019-11-22 07:30,sell,1463.86,1466.23,1459.12,1466.23,-1.000,sl,8.25
2019-11-22 16:45,2019-11-25 07:45,sell,1465.32,1468.45,1459.06,1459.06,2.000,tp,14.00
2019-11-25 07:45,2019-11-25 09:45,sell,1458.13,1459.53,1455.34,1459.53,-1.000,sl,2.00
2019-11-25 13:45,2019-11-25 15:00,sell,1456.81,1458.74,1452.96,1458.74,-1.000,sl,1.25
2019-11-25 21:15,2019-11-26 10:45,sell,1455.02,1457.62,1449.81,1457.62,-1.000,sl,12.50
2019-11-26 14:00,2019-11-26 16:30,sell,1456.78,1458.66,1453.01,1453.01,2.000,tp,2.50
2019-11-27 05:15,2019-11-27 09:00,sell,1458.71,1460.14,1455.85,1460.14,-1.000,sl,3.75
2019-11-27 12:00,2019-11-27 12:45,sell,1458.10,1460.02,1454.26,1460.02,-1.000,sl,0.75
2019-11-27 18:00,2019-11-28 02:45,sell,1454.01,1457.55,1446.94,1457.55,-1.000,sl,7.75
2019-11-28 04:45,2019-11-28 10:15,sell,1456.06,1457.87,1452.43,1457.87,-1.000,sl,5.50
2019-11-28 12:00,2019-11-29 05:00,sell,1456.46,1458.08,1453.21,1458.08,-1.000,sl,12.00
2019-11-29 10:45,2019-11-29 17:00,sell,1456.05,1457.94,1452.28,1457.94,-1.000,sl,6.25
2019-12-10 01:30,2019-12-10 07:00,sell,1460.55,1461.70,1458.25,1461.70,-1.000,sl,5.50
2019-12-11 01:45,2019-12-11 02:30,sell,1463.54,1464.72,1461.19,1464.72,-1.000,sl,0.75
2019-12-11 07:45,2019-12-11 08:15,sell,1462.80,1463.58,1461.24,1463.58,-1.000,sl,0.50
2019-12-27 01:15,2019-12-27 03:00,buy,1511.36,1509.27,1515.54,1509.27,-1.000,sl,1.75
2019-12-27 07:15,2019-12-27 07:45,buy,1513.26,1511.64,1516.51,1511.64,-1.000,sl,0.50
2019-12-27 14:30,2019-12-30 05:15,buy,1511.19,1508.98,1515.61,1515.61,2.000,tp,13.75
2019-12-30 07:15,2019-12-30 08:30,buy,1514.90,1513.70,1517.29,1513.70,-1.000,sl,1.25
2019-12-30 14:30,2019-12-30 15:00,buy,1513.34,1511.65,1516.72,1511.65,-1.000,sl,0.50
2019-12-30 21:00,2019-12-31 03:00,buy,1515.48,1513.72,1519.00,1519.00,2.000,tp,5.00
2019-12-31 05:45,2019-12-31 15:30,buy,1522.10,1520.06,1526.19,1520.06,-1.000,sl,9.75
2019-12-31 16:00,2019-12-31 16:15,buy,1523.14,1520.46,1528.49,1520.46,-1.000,sl,0.25
2020-01-02 08:45,2020-01-02 09:15,buy,1521.12,1519.77,1523.83,1519.77,-1.000,sl,0.50
2020-01-02 15:15,2020-01-02 15:45,buy,1524.49,1522.43,1528.60,1528.60,2.000,tp,0.50
2020-01-02 21:45,2020-01-03 03:30,buy,1526.95,1524.53,1531.79,1531.79,2.000,tp,4.75
2020-01-03 15:30,2020-01-06 01:00,buy,1546.49,1542.21,1555.04,1555.04,2.000,tp,8.50
2020-01-06 01:00,2020-01-06 01:30,buy,1575.22,1568.33,1589.01,1568.33,-1.000,sl,0.50
2020-01-06 08:00,2020-01-06 08:30,buy,1577.45,1574.24,1583.86,1574.24,-1.000,sl,0.50
2020-01-06 16:15,2020-01-06 17:15,buy,1576.40,1572.32,1584.55,1572.32,-1.000,sl,1.00
2020-01-07 02:15,2020-01-07 03:00,buy,1565.56,1563.13,1570.42,1563.13,-1.000,sl,0.75
2020-01-07 08:30,2020-01-07 11:30,buy,1567.47,1564.40,1573.61,1564.40,-1.000,sl,3.00
2020-01-07 15:00,2020-01-07 23:30,buy,1566.71,1563.07,1573.99,1573.99,2.000,tp,8.50
2020-01-07 23:30,2020-01-08 01:15,buy,1575.38,1572.51,1581.12,1581.12,2.000,tp,0.75
2020-01-08 06:30,2020-01-08 10:45,buy,1591.80,1582.00,1611.40,1582.00,-1.000,sl,4.25
2020-01-15 09:45,2020-01-15 14:45,buy,1552.99,1550.75,1557.47,1550.75,-1.000,sl,5.00
2020-01-15 15:45,2020-01-15 16:30,buy,1555.01,1551.67,1561.68,1551.67,-1.000,sl,0.75
2020-01-15 22:15,2020-01-16 07:45,buy,1556.10,1553.11,1562.09,1553.11,-1.000,sl,8.50
2020-01-16 10:00,2020-01-16 10:30,buy,1554.44,1552.23,1558.86,1552.23,-1.000,sl,0.50
2020-01-16 22:45,2020-01-17 01:00,buy,1553.91,1552.11,1557.51,1552.11,-1.000,sl,1.25
2020-01-17 05:45,2020-01-17 14:30,buy,1554.80,1552.55,1559.31,1559.31,2.000,tp,8.75
2020-01-17 14:30,2020-01-17 15:30,buy,1559.50,1557.28,1563.95,1557.28,-1.000,sl,1.00
2020-01-20 03:00,2020-01-20 08:00,buy,1558.31,1556.28,1562.37,1562.37,2.000,tp,5.00
2020-01-20 09:30,2020-01-20 10:00,buy,1562.15,1560.51,1565.44,1560.51,-1.000,sl,0.50
2020-01-20 17:45,2020-01-21 03:15,buy,1561.13,1559.44,1564.51,1564.51,2.000,tp,4.50
2020-01-21 05:45,2020-01-21 09:15,buy,1567.04,1563.39,1574.33,1563.39,-1.000,sl,3.50
2020-01-23 02:00,2020-01-23 02:45,buy,1562.78,1560.72,1566.90,1560.72,-1.000,sl,0.75
2020-01-23 17:45,2020-01-24 10:30,buy,1562.88,1558.02,1572.60,1558.02,-1.000,sl,15.75
2020-01-24 11:45,2020-01-24 13:00,buy,1561.48,1559.30,1565.83,1559.30,-1.000,sl,1.25
2020-01-24 18:15,2020-01-27 01:00,buy,1572.41,1565.89,1585.45,1585.45,2.000,tp,5.75
2020-01-27 03:00,2020-01-28 04:00,buy,1580.64,1573.68,1594.55,1581.57,0.134,time,24.00
2020-01-28 04:00,2020-01-28 06:15,buy,1581.82,1579.32,1586.81,1579.32,-1.000,sl,2.25
2020-01-28 10:30,2020-01-28 14:00,buy,1579.33,1576.85,1584.28,1576.85,-1.000,sl,3.50
2020-01-30 01:45,2020-01-30 16:30,buy,1577.28,1574.08,1583.68,1574.08,-1.000,sl,14.75
2020-01-30 17:30,2020-01-30 21:45,buy,1583.60,1577.74,1595.32,1577.74,-1.000,sl,4.25
2020-01-31 11:00,2020-01-31 16:30,buy,1578.47,1576.23,1582.95,1582.95,2.000,tp,5.50
2020-01-31 17:15,2020-02-03 05:15,buy,1584.98,1580.57,1593.79,1580.57,-1.000,sl,11.00
2020-02-03 12:45,2020-02-03 15:15,buy,1581.07,1576.78,1589.65,1576.78,-1.000,sl,2.50
2020-02-10 16:00,2020-02-10 16:45,buy,1575.48,1572.95,1580.55,1572.95,-1.000,sl,0.75
2020-02-11 15:15,2020-02-11 17:00,buy,1571.37,1569.15,1575.82,1569.15,-1.000,sl,1.75
2020-02-13 04:45,2020-02-13 17:00,buy,1571.51,1568.46,1577.61,1577.61,2.000,tp,12.25
2020-02-13 17:00,2020-02-14 18:00,buy,1576.48,1572.57,1584.29,1581.48,1.280,time,24.00
2020-02-14 19:00,2020-02-17 10:30,buy,1582.22,1578.96,1588.74,1578.96,-1.000,sl,14.50
2020-02-17 13:15,2020-02-18 01:00,buy,1581.27,1579.83,1584.14,1584.14,2.000,tp,6.75
2020-02-18 01:00,2020-02-18 09:30,buy,1584.86,1583.10,1588.37,1588.37,2.000,tp,8.50
2020-02-18 09:30,2020-02-18 10:00,buy,1588.81,1587.18,1592.06,1587.18,-1.000,sl,0.50
2020-02-18 15:30,2020-02-18 16:30,buy,1591.33,1588.65,1596.70,1588.65,-1.000,sl,1.00
2020-02-18 21:45,2020-02-19 10:15,buy,1601.71,1598.72,1607.70,1607.70,2.000,tp,11.50
2020-02-19 10:15,2020-02-19 15:30,buy,1608.21,1605.60,1613.44,1605.60,-1.000,sl,5.25
2020-02-19 17:15,2020-02-20 13:45,buy,1607.15,1602.81,1615.84,1615.84,2.000,tp,19.50
2020-02-20 13:45,2020-02-20 16:15,buy,1617.73,1614.64,1623.92,1614.64,-1.000,sl,2.50
2020-02-20 20:30,2020-02-21 08:30,buy,1618.82,1613.39,1629.69,1629.69,2.000,tp,11.00
2020-02-21 08:30,2020-02-21 14:45,buy,1631.67,1629.04,1636.93,1636.93,2.000,tp,6.25
2020-02-21 14:45,2020-02-21 15:45,buy,1637.90,1634.44,1644.81,1644.81,2.000,tp,1.00
2020-02-21 20:45,2020-02-21 21:45,buy,1647.85,1642.63,1658.29,1642.63,-1.000,sl,1.00
2020-02-24 06:30,2020-02-24 09:00,buy,1661.38,1657.53,1669.09,1669.09,2.000,tp,2.50
2020-02-24 12:30,2020-02-24 15:00,buy,1683.33,1674.70,1700.59,1674.70,-1.000,sl,2.50
2020-02-24 20:00,2020-02-24 21:15,buy,1676.39,1669.29,1690.60,1669.29,-1.000,sl,1.25
2020-02-25 03:45,2020-02-25 07:45,buy,1655.41,1646.68,1672.88,1646.68,-1.000,sl,4.00
2020-02-25 10:45,2020-02-25 13:30,buy,1653.93,1643.15,1675.50,1643.15,-1.000,sl,2.75
2020-02-25 17:15,2020-02-25 18:15,buy,1655.85,1648.20,1671.15,1648.20,-1.000,sl,1.00
2020-02-27 10:00,2020-02-27 18:00,buy,1649.72,1643.90,1661.36,1643.90,-1.000,sl,8.00
2020-02-27 18:30,2020-02-27 19:00,buy,1653.57,1644.00,1672.71,1644.00,-1.000,sl,0.50
2020-03-04 11:45,2020-03-05 12:45,buy,1640.00,1632.85,1654.30,1647.24,1.012,time,24.00
2020-03-05 13:15,2020-03-05 16:00,buy,1647.81,1642.95,1657.52,1657.52,2.000,tp,2.75
2020-03-06 04:00,2020-03-06 11:30,buy,1671.81,1666.76,1681.91,1681.91,2.000,tp,7.50
2020-03-06 11:30,2020-03-06 15:15,buy,1684.98,1676.69,1701.56,1676.69,-1.000,sl,3.75
2020-03-06 20:15,2020-03-09 21:15,buy,1671.97,1652.04,1711.82,1679.12,0.359,time,24.00
2020-03-09 22:30,2020-03-10 01:00,buy,1676.77,1668.09,1694.12,1668.09,-1.000,sl,0.50
2020-03-23 10:15,2020-03-23 11:00,sell,1487.53,1493.88,1474.84,1493.88,-1.000,sl,0.75
2020-03-26 09:30,2020-03-26 12:30,buy,1603.52,1597.04,1616.48,1616.48,2.000,tp,3.00
2020-03-26 15:30,2020-03-26 21:00,buy,1632.16,1618.74,1659.00,1618.74,-1.000,sl,5.50
2020-03-26 21:45,2020-03-27 09:45,buy,1630.35,1617.53,1656.00,1617.53,-1.000,sl,9.75
2020-03-27 12:30,2020-03-27 13:30,buy,1624.90,1615.53,1643.63,1615.53,-1.000,sl,1.00
2020-03-27 18:30,2020-03-27 22:45,buy,1629.52,1618.05,1652.45,1618.05,-1.000,sl,4.25
2020-03-30 08:45,2020-03-30 21:00,buy,1619.67,1612.29,1634.44,1612.29,-1.000,sl,12.25
2020-03-30 22:45,2020-03-31 03:45,buy,1622.80,1614.09,1640.21,1614.09,-1.000,sl,4.00
2020-04-02 19:00,2020-04-03 20:00,buy,1611.65,1599.80,1635.34,1618.13,0.547,time,24.00
2020-04-03 20:15,2020-04-06 01:00,buy,1620.53,1612.49,1636.62,1612.49,-1.000,sl,3.75
2020-04-06 04:45,2020-04-06 10:45,buy,1619.23,1612.88,1631.94,1631.94,2.000,tp,6.00
2020-04-06 10:45,2020-04-06 16:45,buy,1631.60,1624.42,1645.97,1645.97,2.000,tp,6.00
2020-04-07 01:00,2020-04-07 10:15,buy,1664.23,1653.58,1685.53,1653.58,-1.000,sl,9.25
2020-04-07 11:45,2020-04-07 16:30,buy,1657.56,1644.58,1683.51,1644.58,-1.000,sl,4.75
2020-04-07 18:15,2020-04-07 20:30,buy,1657.31,1644.77,1682.39,1644.77,-1.000,sl,2.25
2020-04-08 04:15,2020-04-08 06:15,buy,1649.19,1644.49,1658.58,1644.49,-1.000,sl,2.00
2020-04-08 12:00,2020-04-08 14:00,buy,1652.60,1645.80,1666.20,1645.80,-1.000,sl,2.00
2020-04-08 19:15,2020-04-09 15:30,buy,1651.11,1642.25,1668.84,1668.84,2.000,tp,19.25
2020-04-09 15:30,2020-04-09 16:45,buy,1669.18,1661.25,1685.05,1685.05,2.000,tp,1.25
2020-04-09 21:30,2020-04-13 18:15,buy,1682.87,1671.95,1704.71,1704.71,2.000,tp,19.75
2020-04-13 18:15,2020-04-14 15:30,buy,1709.24,1698.55,1730.61,1730.61,2.000,tp,20.25
2020-04-14 16:30,2020-04-14 18:00,buy,1733.51,1724.81,1750.91,1724.81,-1.000,sl,1.50
2020-04-15 07:15,2020-04-15 09:30,buy,1723.98,1719.31,1733.32,1719.31,-1.000,sl,2.25
2020-04-15 13:15,2020-04-15 15:45,buy,1720.86,1712.50,1737.58,1712.50,-1.000,sl,2.50
2020-04-15 21:00,2020-04-16 19:30,buy,1720.42,1710.96,1739.35,1710.96,-1.000,sl,21.50
2020-04-16 22:45,2020-04-17 01:00,buy,1718.83,1707.94,1740.62,1707.94,-1.000,sl,1.25
2020-04-22 13:45,2020-04-22 14:45,buy,1703.14,1694.37,1720.67,1694.37,-1.000,sl,1.00
2020-04-22 21:00,2020-04-23 06:00,buy,1715.92,1707.74,1732.29,1707.74,-1.000,sl,8.00
2020-04-23 07:00,2020-04-23 11:15,buy,1712.24,1706.64,1723.43,1723.43,2.000,tp,4.25
2020-04-23 13:45,2020-04-23 16:00,buy,1727.88,1721.11,1741.41,1721.11,-1.000,sl,2.25
2020-04-23 21:15,2020-04-24 17:00,buy,1729.17,1719.49,1748.52,1719.49,-1.000,sl,18.75
2020-04-24 20:45,2020-04-27 09:45,buy,1724.46,1715.25,1742.87,1715.25,-1.000,sl,12.00
2020-04-27 11:45,2020-04-27 14:45,buy,1722.44,1715.07,1737.19,1715.07,-1.000,sl,3.00
2020-04-30 07:15,2020-04-30 10:30,buy,1713.07,1709.21,1720.79,1720.79,2.000,tp,3.25
2020-04-30 14:30,2020-04-30 15:15,buy,1716.52,1711.65,1726.26,1711.65,-1.000,sl,0.75
2020-05-08 04:00,2020-05-08 07:15,buy,1719.96,1714.07,1731.74,1714.07,-1.000,sl,3.25
2020-05-08 10:00,2020-05-08 15:30,buy,1718.31,1713.71,1727.50,1713.71,-1.000,sl,5.50
2020-05-08 16:30,2020-05-08 19:00,buy,1718.43,1709.94,1735.42,1709.94,-1.000,sl,2.50
2020-05-13 16:00,2020-05-13 16:15,buy,1715.02,1709.80,1725.45,1709.80,-1.000,sl,0.25
2020-05-13 22:00,2020-05-14 16:30,buy,1715.17,1710.54,1724.42,1724.42,2.000,tp,17.50
2020-05-14 16:30,2020-05-15 15:30,buy,1726.61,1719.61,1740.61,1740.61,2.000,tp,22.00
2020-05-15 15:30,2020-05-15 17:00,buy,1743.56,1736.79,1757.09,1736.79,-1.000,sl,1.50
2020-05-15 22:00,2020-05-18 02:45,buy,1744.53,1737.69,1758.21,1758.21,2.000,tp,3.75
2020-05-18 05:00,2020-05-18 15:00,buy,1761.92,1754.17,1777.41,1754.17,-1.000,sl,10.00
2020-05-19 22:00,2020-05-20 15:30,buy,1746.69,1743.14,1753.79,1743.14,-1.000,sl,16.50
2020-05-20 16:45,2020-05-21 04:00,buy,1750.07,1742.59,1765.03,1742.59,-1.000,sl,10.25
2020-06-01 08:30,2020-06-01 10:00,buy,1743.78,1740.68,1749.99,1740.68,-1.000,sl,1.50
2020-06-01 16:30,2020-06-01 17:00,buy,1735.51,1729.06,1748.42,1729.06,-1.000,sl,0.50
2020-06-01 22:30,2020-06-02 04:30,buy,1740.12,1736.62,1747.11,1736.62,-1.000,sl,5.00
2020-06-02 11:15,2020-06-02 16:15,buy,1737.77,1734.37,1744.56,1744.56,2.000,tp,5.00
2020-06-11 05:30,2020-06-11 07:15,buy,1733.91,1730.53,1740.66,1730.53,-1.000,sl,1.75
2020-06-11 12:00,2020-06-11 14:15,buy,1734.29,1729.06,1744.76,1729.06,-1.000,sl,2.25
2020-06-12 02:30,2020-06-12 03:00,buy,1730.29,1726.14,1738.60,1726.14,-1.000,sl,0.50
2020-06-12 08:30,2020-06-12 11:15,buy,1728.68,1725.38,1735.27,1735.27,2.000,tp,2.75
2020-06-12 15:15,2020-06-12 18:00,buy,1738.36,1733.16,1748.77,1733.16,-1.000,sl,2.75
2020-06-15 01:15,2020-06-15 05:45,buy,1732.89,1729.28,1740.10,1729.28,-1.000,sl,4.50
2020-06-16 12:45,2020-06-16 15:15,buy,1730.23,1724.23,1742.23,1724.23,-1.000,sl,2.50
2020-06-16 20:30,2020-06-17 11:15,buy,1729.74,1721.58,1746.06,1721.58,-1.000,sl,13.75
2020-06-18 04:00,2020-06-18 04:30,buy,1729.27,1725.56,1736.69,1725.56,-1.000,sl,0.50
2020-06-18 11:00,2020-06-18 12:00,buy,1728.56,1724.93,1735.83,1735.83,2.000,tp,1.00
2020-06-19 11:45,2020-06-19 17:15,buy,1730.38,1726.67,1737.79,1737.79,2.000,tp,5.50
2020-06-19 18:00,2020-06-22 04:30,buy,1743.05,1736.25,1756.64,1756.64,2.000,tp,9.50
2020-06-22 04:30,2020-06-22 05:45,buy,1756.14,1750.32,1767.79,1750.32,-1.000,sl,1.25
2020-06-22 15:15,2020-06-22 16:45,buy,1752.17,1747.42,1761.66,1761.66,2.000,tp,1.50
2020-06-22 22:00,2020-06-22 22:15,buy,1758.23,1753.74,1767.21,1753.74,-1.000,sl,0.25
2020-06-23 08:15,2020-06-23 09:30,buy,1754.83,1750.13,1764.23,1750.13,-1.000,sl,1.25
2020-06-23 14:15,2020-06-23 16:15,buy,1758.44,1754.18,1766.96,1766.96,2.000,tp,2.00
2020-06-23 20:45,2020-06-24 12:00,buy,1767.15,1762.51,1776.43,1776.43,2.000,tp,14.25
2020-06-24 12:00,2020-06-24 15:30,buy,1775.86,1770.66,1786.26,1770.66,-1.000,sl,3.50
2020-06-24 22:15,2020-06-24 23:45,buy,1767.61,1761.92,1778.99,1761.92,-1.000,sl,1.50
2020-06-25 06:45,2020-06-25 08:30,buy,1764.00,1759.71,1772.57,1759.71,-1.000,sl,1.75
2020-06-25 15:45,2020-06-25 17:00,buy,1764.56,1758.23,1777.23,1758.23,-1.000,sl,1.25
2020-06-25 21:45,2020-06-26 08:00,buy,1763.13,1759.34,1770.71,1759.34,-1.000,sl,9.25
2020-06-26 22:00,2020-06-29 23:00,buy,1768.23,1763.87,1776.95,1771.98,0.860,time,24.00
2020-06-29 23:30,2020-06-30 03:45,buy,1773.03,1770.47,1778.14,1770.47,-1.000,sl,3.25
2020-06-30 07:00,2020-06-30 08:30,buy,1771.83,1769.37,1776.74,1769.37,-1.000,sl,1.50
2020-06-30 16:45,2020-06-30 17:45,buy,1771.20,1766.09,1781.41,1781.41,2.000,tp,1.00
2020-06-30 23:00,2020-07-01 10:30,buy,1781.83,1778.28,1788.93,1788.93,2.000,tp,10.50
2020-07-01 10:30,2020-07-01 12:00,buy,1788.93,1785.50,1795.79,1785.50,-1.000,sl,1.50
2020-07-03 01:00,2020-07-03 03:15,buy,1776.54,1774.20,1781.22,1774.20,-1.000,sl,2.25
2020-07-03 08:15,2020-07-03 08:30,buy,1775.40,1773.16,1779.89,1773.16,-1.000,sl,0.25
2020-07-03 15:30,2020-07-03 16:45,buy,1776.46,1773.48,1782.42,1773.48,-1.000,sl,1.25
2020-07-06 03:00,2020-07-06 04:00,buy,1776.68,1774.30,1781.43,1774.30,-1.000,sl,1.00
2020-07-06 11:30,2020-07-06 13:00,buy,1777.35,1774.21,1783.63,1774.21,-1.000,sl,1.50
2020-07-06 17:30,2020-07-07 11:30,buy,1783.37,1777.36,1795.40,1777.36,-1.000,sl,17.00
2020-07-07 17:00,2020-07-08 14:45,buy,1793.45,1787.87,1804.62,1804.62,2.000,tp,20.75
2020-07-08 14:45,2020-07-08 16:30,buy,1804.72,1800.65,1812.85,1812.85,2.000,tp,1.75
2020-07-08 22:00,2020-07-09 03:45,buy,1810.13,1806.19,1818.00,1806.19,-1.000,sl,4.75
2020-07-09 06:30,2020-07-09 11:15,buy,1809.40,1806.72,1814.77,1814.77,2.000,tp,4.75
2020-07-09 15:30,2020-07-09 17:45,buy,1811.22,1805.56,1822.55,1805.56,-1.000,sl,2.25
2020-07-09 21:45,2020-07-10 05:45,buy,1804.66,1800.68,1812.62,1800.68,-1.000,sl,7.00
2020-07-10 12:00,2020-07-10 17:00,buy,1806.08,1802.07,1814.09,1802.07,-1.000,sl,5.00
2020-07-13 08:45,2020-07-13 10:45,buy,1807.52,1805.19,1812.17,1805.19,-1.000,sl,2.00
2020-07-13 15:15,2020-07-13 17:30,buy,1809.40,1805.73,1816.74,1805.73,-1.000,sl,2.25
2020-07-14 21:00,2020-07-15 07:00,buy,1810.23,1806.81,1817.08,1806.81,-1.000,sl,9.00
2020-07-15 08:45,2020-07-15 09:45,buy,1808.58,1806.12,1813.49,1806.12,-1.000,sl,1.00
2020-07-15 18:30,2020-07-16 12:45,buy,1809.61,1803.78,1821.26,1803.78,-1.000,sl,17.25
2020-07-17 20:45,2020-07-20 01:00,buy,1811.16,1807.88,1817.72,1807.88,-1.000,sl,3.25
2020-07-20 07:30,2020-07-20 14:00,buy,1808.49,1806.36,1812.74,1812.74,2.000,tp,6.50
2020-07-20 14:00,2020-07-20 17:30,buy,1812.95,1810.00,1818.85,1818.85,2.000,tp,3.50
2020-07-20 20:15,2020-07-21 09:45,buy,1816.76,1813.45,1823.37,1823.37,2.000,tp,12.50
2020-07-21 09:45,2020-07-21 15:00,buy,1823.08,1819.76,1829.72,1829.72,2.000,tp,5.25
2020-07-21 22:45,2020-07-22 02:00,buy,1841.30,1838.60,1846.71,1846.71,2.000,tp,2.25
2020-07-22 06:00,2020-07-22 11:00,buy,1858.95,1850.26,1876.32,1850.26,-1.000,sl,5.00
2020-07-22 12:30,2020-07-22 19:15,buy,1854.42,1847.37,1868.53,1868.53,2.000,tp,6.75
2020-07-22 19:15,2020-07-23 11:30,buy,1870.01,1860.97,1888.09,1888.09,2.000,tp,15.25
2020-07-23 11:30,2020-07-23 12:00,buy,1887.76,1881.38,1900.51,1881.38,-1.000,sl,0.50
2020-07-23 17:30,2020-07-24 18:30,buy,1886.79,1876.16,1908.05,1900.63,1.302,time,24.00
2020-07-24 21:30,2020-07-27 01:15,buy,1901.39,1898.16,1907.85,1907.85,2.000,tp,2.75
2020-07-27 04:30,2020-07-27 06:00,buy,1919.17,1911.66,1934.19,1934.19,2.000,tp,1.50
2020-07-27 16:30,2020-07-28 02:30,buy,1940.82,1931.56,1959.34,1959.34,2.000,tp,9.00
2020-07-28 02:30,2020-07-28 04:15,buy,1964.53,1956.58,1980.44,1980.44,2.000,tp,1.75
2020-07-28 14:15,2020-07-28 17:45,buy,1931.84,1920.59,1954.34,1954.34,2.000,tp,3.50
2020-07-28 20:15,2020-07-29 21:15,buy,1949.15,1939.16,1969.13,1966.75,1.762,time,24.00
2020-07-29 21:30,2020-07-29 21:45,buy,1978.42,1970.56,1994.15,1970.56,-1.000,sl,0.25
2020-07-30 05:45,2020-07-30 07:15,buy,1966.53,1960.89,1977.82,1960.89,-1.000,sl,1.50
2020-07-30 16:00,2020-07-30 17:15,buy,1955.14,1947.57,1970.28,1947.57,-1.000,sl,1.25
2020-07-30 22:15,2020-07-31 04:45,buy,1956.17,1951.29,1965.94,1965.94,2.000,tp,5.50
2020-07-31 10:45,2020-07-31 16:00,buy,1976.64,1967.44,1995.04,1967.44,-1.000,sl,5.25
2020-07-31 17:45,2020-08-03 16:30,buy,1973.16,1962.46,1994.56,1962.46,-1.000,sl,21.75
2020-08-03 17:45,2020-08-04 17:30,buy,1974.22,1966.40,1989.86,1989.86,2.000,tp,22.75
2020-08-04 17:30,2020-08-04 20:45,buy,1987.73,1978.46,2006.27,2006.27,2.000,tp,3.25
2020-08-05 07:15,2020-08-05 09:30,buy,2015.70,2009.96,2027.18,2027.18,2.000,tp,2.25
2020-08-05 16:15,2020-08-05 17:30,buy,2039.51,2031.57,2055.39,2055.39,2.000,tp,1.25
2020-08-05 22:15,2020-08-06 14:30,buy,2042.55,2034.43,2058.80,2058.80,2.000,tp,15.25
2020-08-06 14:30,2020-08-07 01:15,buy,2057.10,2049.22,2072.86,2072.86,2.000,tp,9.75
2020-08-07 01:15,2020-08-07 04:00,buy,2070.07,2062.82,2084.57,2062.82,-1.000,sl,2.75
2020-08-07 09:00,2020-08-07 14:30,buy,2062.49,2052.19,2083.09,2052.19,-1.000,sl,5.50
2020-08-07 15:30,2020-08-07 16:30,buy,2059.01,2049.97,2077.09,2049.97,-1.000,sl,1.00
2020-08-18 18:30,2020-08-19 08:30,buy,2003.05,1985.94,2037.28,1985.94,-1.000,sl,13.00
2020-08-19 11:45,2020-08-19 12:45,buy,1995.55,1985.59,2015.46,1985.59,-1.000,sl,1.00
2020-08-31 08:30,2020-08-31 09:00,buy,1970.42,1966.83,1977.60,1966.83,-1.000,sl,0.50
2020-08-31 14:30,2020-08-31 15:15,buy,1968.84,1963.45,1979.63,1963.45,-1.000,sl,0.75
2020-08-31 20:45,2020-09-01 01:45,buy,1972.87,1965.23,1988.14,1965.23,-1.000,sl,4.00
2020-09-01 04:00,2020-09-01 05:00,buy,1971.11,1966.87,1979.59,1979.59,2.000,tp,1.00
2020-09-01 10:30,2020-09-01 12:15,buy,1991.95,1986.49,2002.87,1986.49,-1.000,sl,1.75
2020-09-02 02:45,2020-09-02 03:45,buy,1972.72,1968.56,1981.03,1968.56,-1.000,sl,1.00
2020-09-11 16:00,2020-09-11 19:30,buy,1950.87,1945.12,1962.38,1945.12,-1.000,sl,3.50
2020-09-14 08:30,2020-09-14 09:15,buy,1948.14,1945.22,1953.98,1945.22,-1.000,sl,0.75
2020-09-14 15:45,2020-09-15 08:30,buy,1956.39,1950.69,1967.80,1967.80,2.000,tp,15.75
2020-09-15 08:30,2020-09-15 09:30,buy,1968.15,1964.97,1974.52,1964.97,-1.000,sl,1.00
2020-09-15 15:00,2020-09-15 15:45,buy,1970.56,1965.76,1980.15,1965.76,-1.000,sl,0.75
2020-09-16 05:00,2020-09-16 10:15,buy,1957.39,1953.98,1964.20,1964.20,2.000,tp,5.25
2020-09-16 11:00,2020-09-16 14:30,buy,1967.26,1962.79,1976.19,1962.79,-1.000,sl,3.50
2020-09-16 18:00,2020-09-16 21:00,buy,1966.97,1957.72,1985.48,1957.72,-1.000,sl,3.00
2020-09-17 02:30,2020-09-17 03:15,buy,1960.71,1957.14,1967.85,1957.14,-1.000,sl,0.75
2020-10-06 06:30,2020-10-06 09:00,buy,1912.50,1909.57,1918.35,1909.57,-1.000,sl,2.50
2020-10-06 14:15,2020-10-06 16:45,buy,1916.43,1912.33,1924.62,1912.33,-1.000,sl,2.50
2020-10-08 03:00,2020-10-08 04:45,sell,1885.83,1888.36,1880.77,1888.36,-1.000,sl,1.75
2020-10-08 19:45,2020-10-08 20:30,sell,1885.05,1892.21,1870.73,1892.21,-1.000,sl,0.75
2020-10-12 01:30,2020-10-12 03:00,buy,1930.34,1926.66,1937.71,1926.66,-1.000,sl,1.50
2020-10-12 07:30,2020-10-12 09:45,buy,1929.95,1925.27,1939.31,1925.27,-1.000,sl,2.25
2020-10-12 14:45,2020-10-12 16:30,buy,1924.79,1920.43,1933.50,1920.43,-1.000,sl,1.75
2020-10-12 22:00,2020-10-13 03:15,buy,1923.52,1920.01,1930.54,1920.01,-1.000,sl,4.25
2020-10-13 11:15,2020-10-13 15:30,buy,1922.07,1916.83,1932.56,1916.83,-1.000,sl,4.25
2020-10-15 12:00,2020-10-15 16:30,sell,1892.29,1898.89,1879.10,1898.89,-1.000,sl,4.50
2020-10-16 03:45,2020-10-16 06:15,buy,1907.69,1905.22,1912.63,1905.22,-1.000,sl,2.50
2020-10-16 10:00,2020-10-16 15:15,buy,1906.28,1902.56,1913.72,1913.72,2.000,tp,5.25
2020-10-16 16:15,2020-10-16 16:30,buy,1908.90,1904.44,1917.82,1904.44,-1.000,sl,0.25
2020-10-22 01:00,2020-10-22 02:15,buy,1925.18,1922.32,1930.90,1922.32,-1.000,sl,1.25
2020-10-22 10:15,2020-10-22 12:15,buy,1919.63,1916.54,1925.81,1916.54,-1.000,sl,2.00
2020-10-27 01:45,2020-10-27 02:15,sell,1901.99,1904.37,1897.24,1904.37,-1.000,sl,0.50
2020-10-27 12:00,2020-10-27 14:15,sell,1899.57,1904.15,1890.40,1904.15,-1.000,sl,2.25
2020-10-29 01:00,2020-10-29 05:15,sell,1876.94,1880.28,1870.25,1880.28,-1.000,sl,4.25
2020-10-29 10:00,2020-10-29 11:00,sell,1876.90,1880.87,1868.97,1880.87,-1.000,sl,1.00
2020-10-29 17:00,2020-10-30 14:30,sell,1870.54,1881.70,1848.22,1881.70,-1.000,sl,20.50
2020-10-30 21:45,2020-11-02 03:45,sell,1877.43,1881.61,1869.07,1881.61,-1.000,sl,4.00
2020-11-09 01:00,2020-11-09 02:00,buy,1958.66,1954.60,1966.79,1954.60,-1.000,sl,1.00
2020-11-09 07:15,2020-11-09 08:30,buy,1964.08,1960.10,1972.05,1960.10,-1.000,sl,1.25
2020-11-10 16:30,2020-11-11 15:30,sell,1878.45,1886.53,1862.30,1862.30,2.000,tp,22.00
2020-11-11 15:30,2020-11-12 03:45,sell,1863.49,1870.90,1848.67,1870.90,-1.000,sl,11.25
2020-11-12 07:30,2020-11-12 11:30,sell,1869.07,1872.35,1862.51,1872.35,-1.000,sl,4.00
2020-11-12 15:00,2020-11-12 15:15,sell,1867.33,1871.56,1858.87,1871.56,-1.000,sl,0.25
2020-11-13 01:45,2020-11-13 02:45,sell,1875.52,1878.26,1870.03,1878.26,-1.000,sl,1.00
2020-11-17 23:45,2020-11-18 10:15,sell,1879.94,1883.80,1872.22,1883.80,-1.000,sl,9.50
2020-11-18 11:15,2020-11-18 12:30,sell,1880.67,1884.66,1872.69,1872.69,2.000,tp,1.25
2020-11-18 19:45,2020-11-19 07:45,sell,1874.98,1880.95,1863.05,1863.05,2.000,tp,11.00
2020-11-19 07:45,2020-11-19 15:30,sell,1862.16,1866.13,1854.23,1854.23,2.000,tp,7.75
2020-11-19 15:30,2020-11-19 15:45,sell,1854.86,1861.10,1842.39,1861.10,-1.000,sl,0.25
2020-11-20 01:00,2020-11-20 03:15,sell,1863.45,1866.89,1856.56,1866.89,-1.000,sl,2.25
2020-11-20 09:30,2020-11-20 09:45,sell,1862.03,1866.70,1852.69,1866.70,-1.000,sl,0.25
2020-11-23 15:00,2020-11-23 16:45,sell,1865.40,1870.81,1854.59,1854.59,2.000,tp,1.75
2020-11-23 22:30,2020-11-24 02:00,sell,1837.67,1840.93,1831.15,1831.15,2.000,tp,2.50
2020-11-24 10:15,2020-11-24 12:45,sell,1827.09,1832.57,1816.14,1816.14,2.000,tp,2.50
2020-11-24 16:30,2020-11-25 01:45,sell,1801.96,1810.42,1785.03,1810.42,-1.000,sl,8.25
2020-11-25 02:45,2020-11-25 03:00,sell,1806.23,1810.53,1797.63,1810.53,-1.000,sl,0.25
2020-11-25 12:15,2020-11-25 13:45,sell,1808.24,1813.77,1797.19,1813.77,-1.000,sl,1.50
2020-11-25 18:30,2020-11-26 09:45,sell,1810.11,1816.69,1796.94,1816.69,-1.000,sl,14.25
2020-11-26 12:15,2020-11-27 15:00,sell,1811.04,1815.44,1802.23,1802.23,2.000,tp,21.75
2020-11-27 15:00,2020-11-27 15:30,sell,1793.56,1799.13,1782.42,1782.42,2.000,tp,0.50
2020-11-30 02:15,2020-11-30 04:45,sell,1782.99,1787.08,1774.80,1774.80,2.000,tp,2.50
2020-11-30 10:45,2020-11-30 19:00,sell,1775.64,1782.65,1761.62,1782.65,-1.000,sl,8.25
2020-11-30 20:00,2020-12-01 05:15,sell,1776.21,1784.15,1760.34,1784.15,-1.000,sl,8.25
2020-12-14 20:30,2020-12-15 04:30,sell,1827.70,1832.92,1817.27,1832.92,-1.000,sl,7.00
2021-01-04 23:45,2021-01-05 02:00,buy,1943.48,1939.70,1951.04,1939.70,-1.000,sl,1.25
2021-01-05 08:15,2021-01-05 13:15,buy,1939.75,1935.29,1948.66,1948.66,2.000,tp,5.00
2021-01-05 17:15,2021-01-06 14:30,buy,1946.91,1938.60,1963.53,1938.60,-1.000,sl,20.25
2021-01-14 23:45,2021-01-15 02:15,sell,1846.21,1850.63,1837.36,1850.63,-1.000,sl,1.50
2021-01-15 13:45,2021-01-15 15:45,sell,1848.77,1853.41,1839.49,1839.49,2.000,tp,2.00
2021-01-15 20:30,2021-01-18 01:45,sell,1828.39,1836.88,1811.40,1811.40,2.000,tp,4.25
2021-01-18 14:15,2021-01-18 16:00,sell,1831.04,1836.32,1820.47,1836.32,-1.000,sl,1.75
2021-01-19 09:45,2021-01-19 10:00,sell,1837.57,1841.89,1828.93,1841.89,-1.000,sl,0.25
2021-01-25 04:45,2021-01-25 12:30,sell,1854.30,1859.22,1844.47,1859.22,-1.000,sl,7.75
2021-01-26 01:00,2021-01-26 03:45,sell,1854.24,1857.00,1848.72,1857.00,-1.000,sl,2.75
2021-01-26 08:00,2021-01-26 12:45,sell,1855.21,1858.28,1849.06,1849.06,2.000,tp,4.75
2021-01-26 15:00,2021-01-26 15:30,sell,1853.14,1857.62,1844.17,1857.62,-1.000,sl,0.50
2021-01-26 21:15,2021-01-26 22:30,sell,1849.70,1852.94,1843.22,1852.94,-1.000,sl,1.25
2021-01-27 05:45,2021-01-27 07:30,sell,1845.22,1849.22,1837.22,1849.22,-1.000,sl,1.75
2021-01-27 13:00,2021-01-27 16:30,sell,1843.56,1848.61,1833.47,1833.47,2.000,tp,3.50
2021-01-27 20:00,2021-01-28 15:45,sell,1844.17,1850.99,1830.54,1850.99,-1.000,sl,18.75
2021-01-28 22:00,2021-01-29 08:45,sell,1841.82,1850.00,1825.46,1850.00,-1.000,sl,9.75
2021-02-02 19:45,2021-02-03 04:15,sell,1834.92,1843.47,1817.82,1843.47,-1.000,sl,7.50
2021-02-03 07:30,2021-02-03 12:15,sell,1838.61,1841.57,1832.69,1832.69,2.000,tp,4.75
2021-02-03 13:30,2021-02-03 14:30,sell,1834.46,1838.44,1826.51,1838.44,-1.000,sl,1.00
2021-02-03 20:15,2021-02-04 04:00,sell,1833.61,1838.81,1823.21,1823.21,2.000,tp,6.75
2021-02-04 04:45,2021-02-04 11:00,sell,1822.63,1827.32,1813.25,1813.25,2.000,tp,6.25
2021-02-04 11:00,2021-02-04 16:00,sell,1813.62,1820.68,1799.51,1799.51,2.000,tp,5.00
2021-02-04 17:45,2021-02-05 07:30,sell,1786.37,1799.11,1760.88,1799.11,-1.000,sl,12.75
2021-02-05 13:45,2021-02-05 17:15,sell,1802.59,1807.91,1791.95,1807.91,-1.000,sl,3.50
2021-02-08 05:15,2021-02-08 07:15,sell,1810.01,1814.80,1800.43,1814.80,-1.000,sl,2.00
2021-02-12 04:30,2021-02-12 07:45,sell,1820.60,1823.79,1814.23,1823.79,-1.000,sl,3.25
2021-02-12 13:15,2021-02-12 17:45,sell,1817.53,1822.72,1807.15,1822.72,-1.000,sl,4.50
2021-02-12 19:45,2021-02-16 01:45,sell,1819.36,1827.26,1803.56,1818.71,0.082,time,24.00
2021-02-16 12:45,2021-02-16 13:45,sell,1822.63,1825.88,1816.14,1816.14,2.000,tp,1.00
2021-02-16 18:45,2021-02-17 19:45,sell,1796.39,1810.42,1768.33,1775.86,1.463,time,24.00
2021-02-17 19:45,2021-02-18 05:00,sell,1775.61,1783.76,1759.31,1783.76,-1.000,sl,8.25
2021-02-18 10:00,2021-02-18 10:45,sell,1780.47,1784.24,1772.92,1784.24,-1.000,sl,0.75
2021-02-18 16:00,2021-02-19 02:30,sell,1780.87,1787.65,1767.31,1767.31,2.000,tp,9.50
2021-02-19 02:30,2021-02-19 07:45,sell,1766.86,1771.00,1758.58,1771.00,-1.000,sl,5.25
2021-02-19 11:45,2021-02-19 15:45,sell,1770.97,1776.22,1760.47,1776.22,-1.000,sl,4.00
2021-02-19 21:15,2021-02-22 01:00,sell,1779.19,1785.36,1766.85,1785.36,-1.000,sl,2.75
2021-02-24 21:45,2021-02-24 22:45,sell,1797.05,1802.38,1786.39,1802.38,-1.000,sl,1.00
2021-02-25 04:45,2021-02-25 07:45,sell,1796.23,1800.94,1786.82,1800.94,-1.000,sl,3.00
2021-02-25 12:15,2021-02-25 17:00,sell,1791.74,1799.01,1777.20,1777.20,2.000,tp,4.75
2021-02-25 19:15,2021-02-26 16:45,sell,1773.93,1785.15,1751.50,1751.50,2.000,tp,20.50
2021-02-26 16:45,2021-02-26 17:15,sell,1744.74,1754.75,1724.73,1724.73,2.000,tp,0.50
2021-03-01 10:30,2021-03-01 14:30,sell,1749.43,1755.20,1737.90,1737.90,2.000,tp,4.00
2021-03-01 16:45,2021-03-02 03:15,sell,1735.65,1745.30,1716.35,1716.35,2.000,tp,9.50
2021-03-02 03:15,2021-03-02 05:15,sell,1718.81,1724.61,1707.21,1707.21,2.000,tp,2.00
2021-03-02 09:30,2021-03-02 11:00,sell,1716.80,1723.25,1703.89,1723.25,-1.000,sl,1.50
2021-03-02 15:30,2021-03-02 18:45,sell,1726.37,1733.78,1711.54,1733.78,-1.000,sl,3.25
2021-03-02 22:45,2021-03-02 23:30,sell,1732.82,1738.17,1722.13,1738.17,-1.000,sl,0.75
2021-03-03 07:15,2021-03-03 10:15,sell,1733.65,1736.53,1727.90,1727.90,2.000,tp,3.00
2021-03-03 13:15,2021-03-03 15:15,sell,1722.69,1727.98,1712.12,1712.12,2.000,tp,2.00
2021-03-03 19:15,2021-03-04 20:15,sell,1716.37,1727.33,1694.45,1702.97,1.223,time,24.00
2021-03-04 20:45,2021-03-05 16:15,sell,1690.85,1702.84,1666.87,1702.84,-1.000,sl,18.50
2021-03-05 16:45,2021-03-05 20:15,sell,1694.27,1704.64,1673.53,1704.64,-1.000,sl,3.50
2021-03-08 08:45,2021-03-08 10:15,sell,1704.29,1708.17,1696.54,1696.54,2.000,tp,1.50
2021-03-08 16:30,2021-03-08 17:30,sell,1691.96,1697.30,1681.29,1681.29,2.000,tp,1.00
2021-03-08 22:30,2021-03-09 04:00,sell,1682.01,1685.91,1674.22,1685.91,-1.000,sl,4.50
2021-03-12 15:00,2021-03-12 15:15,sell,1699.76,1705.07,1689.13,1705.07,-1.000,sl,0.25
2021-03-26 11:00,2021-03-26 11:30,sell,1727.16,1729.80,1721.89,1729.80,-1.000,sl,0.50
2021-03-29 06:45,2021-03-29 15:45,sell,1729.15,1732.68,1722.09,1722.09,2.000,tp,9.00
2021-03-29 15:45,2021-03-29 16:30,sell,1723.60,1727.22,1716.35,1716.35,2.000,tp,0.75
2021-03-29 23:15,2021-03-30 03:30,sell,1710.58,1713.13,1705.49,1713.13,-1.000,sl,3.25
2021-03-30 07:15,2021-03-30 10:30,sell,1706.66,1710.19,1699.59,1699.59,2.000,tp,3.25
2021-03-30 13:45,2021-03-30 15:15,sell,1692.97,1697.84,1683.23,1683.23,2.000,tp,1.50
2021-03-30 20:30,2021-03-31 15:30,sell,1684.38,1689.34,1674.45,1689.34,-1.000,sl,18.00
2021-05-04 02:00,2021-05-04 04:00,buy,1792.79,1790.55,1797.28,1790.55,-1.000,sl,2.00
2021-05-04 11:00,2021-05-04 12:00,buy,1789.62,1785.63,1797.59,1785.63,-1.000,sl,1.00
2021-05-04 17:00,2021-05-04 17:30,buy,1796.69,1790.80,1808.47,1790.80,-1.000,sl,0.50
2021-05-05 22:45,2021-05-06 03:45,buy,1786.40,1783.64,1791.91,1783.64,-1.000,sl,4.00
2021-05-06 05:45,2021-05-06 16:30,buy,1790.18,1786.27,1798.01,1798.01,2.000,tp,10.75
2021-05-06 16:30,2021-05-07 06:15,buy,1807.19,1799.71,1822.14,1822.14,2.000,tp,12.75
2021-05-07 08:00,2021-05-07 15:30,buy,1820.69,1816.89,1828.29,1828.29,2.000,tp,7.50
2021-05-07 15:30,2021-05-07 16:00,buy,1838.06,1832.21,1849.76,1832.21,-1.000,sl,0.50
2021-05-07 22:15,2021-05-10 13:45,buy,1832.09,1828.17,1839.93,1839.93,2.000,tp,14.50
2021-05-10 13:45,2021-05-10 17:00,buy,1840.31,1836.98,1846.97,1836.98,-1.000,sl,3.25
2021-05-10 22:45,2021-05-11 01:00,buy,1838.31,1834.68,1845.57,1834.68,-1.000,sl,1.25
2021-05-11 07:30,2021-05-11 09:45,buy,1836.75,1833.75,1842.74,1833.75,-1.000,sl,2.25
2021-05-11 14:00,2021-05-11 15:30,buy,1841.61,1837.71,1849.40,1837.71,-1.000,sl,1.50
2021-05-11 22:00,2021-05-12 04:00,buy,1836.59,1833.00,1843.76,1833.00,-1.000,sl,5.00
2021-05-12 09:45,2021-05-12 11:00,buy,1834.63,1831.48,1840.93,1831.48,-1.000,sl,1.25
2021-05-12 15:45,2021-05-12 16:15,buy,1840.14,1834.32,1851.78,1834.32,-1.000,sl,0.50
2021-05-14 10:45,2021-05-14 22:00,buy,1833.55,1829.17,1842.30,1842.30,2.000,tp,11.25
2021-05-14 22:00,2021-05-17 04:15,buy,1843.32,1840.59,1848.79,1848.79,2.000,tp,5.25
2021-05-17 05:30,2021-05-17 14:15,buy,1851.80,1847.45,1860.50,1847.45,-1.000,sl,8.75
2021-05-17 16:15,2021-05-17 17:15,buy,1850.57,1846.06,1859.59,1859.59,2.000,tp,1.00
2021-05-18 02:15,2021-05-18 03:15,buy,1866.82,1865.44,1869.58,1869.58,2.000,tp,1.00
2021-05-18 08:15,2021-05-18 09:45,buy,1871.20,1867.85,1877.90,1867.85,-1.000,sl,1.50
2021-05-18 14:30,2021-05-18 16:00,buy,1869.19,1866.11,1875.35,1866.11,-1.000,sl,1.50
2021-05-18 20:30,2021-05-19 05:00,buy,1868.72,1865.12,1875.93,1865.12,-1.000,sl,7.50
2021-05-19 06:30,2021-05-19 11:30,buy,1869.07,1865.62,1875.97,1865.62,-1.000,sl,5.00
2021-05-19 15:45,2021-05-19 16:00,buy,1872.72,1864.99,1888.17,1864.99,-1.000,sl,0.25
2021-05-20 03:45,2021-05-20 04:00,buy,1872.05,1868.48,1879.18,1868.48,-1.000,sl,0.25
2021-05-20 10:30,2021-05-20 12:15,buy,1874.05,1869.47,1883.21,1869.47,-1.000,sl,1.75
2021-05-20 16:30,2021-05-21 15:15,buy,1874.26,1868.85,1885.08,1885.08,2.000,tp,21.75
2021-05-21 15:15,2021-05-21 16:45,buy,1885.61,1881.49,1893.85,1881.49,-1.000,sl,1.50
2021-05-21 21:15,2021-05-24 22:15,buy,1878.85,1874.09,1888.36,1882.00,0.662,time,24.00
2021-05-24 22:45,2021-05-24 23:45,buy,1883.59,1881.80,1887.16,1881.80,-1.000,sl,1.00
2021-05-25 07:00,2021-05-25 08:30,buy,1879.89,1876.09,1887.48,1876.09,-1.000,sl,1.50
2021-05-25 15:00,2021-05-25 16:00,buy,1884.13,1880.81,1890.76,1880.81,-1.000,sl,1.00
2021-05-25 21:00,2021-05-26 05:00,buy,1898.99,1895.45,1906.07,1906.07,2.000,tp,7.00
2021-05-26 05:00,2021-05-26 09:00,buy,1906.21,1902.57,1913.50,1902.57,-1.000,sl,4.00
2021-05-26 12:30,2021-05-26 16:00,buy,1907.73,1902.93,1917.32,1902.93,-1.000,sl,3.50
2021-05-27 02:15,2021-05-27 02:30,buy,1897.74,1895.89,1901.44,1895.89,-1.000,sl,0.25
2021-05-27 08:30,2021-05-27 10:30,buy,1901.24,1898.27,1907.17,1898.27,-1.000,sl,2.00
2021-05-27 21:30,2021-05-28 05:45,buy,1897.36,1893.74,1904.60,1893.74,-1.000,sl,7.25
2021-05-28 21:30,2021-05-31 05:30,buy,1901.51,1897.59,1909.34,1909.34,2.000,tp,7.00
2021-05-31 05:30,2021-05-31 08:30,buy,1909.45,1906.11,1916.14,1906.11,-1.000,sl,3.00
2021-05-31 15:00,2021-06-01 04:30,buy,1905.74,1902.50,1912.22,1912.22,2.000,tp,8.25
2021-06-01 04:30,2021-06-01 11:15,buy,1912.63,1909.81,1918.26,1909.81,-1.000,sl,6.75
2021-06-01 14:45,2021-06-01 16:45,buy,1909.28,1904.50,1918.85,1904.50,-1.000,sl,2.00
2021-06-02 22:30,2021-06-03 04:15,buy,1908.47,1906.46,1912.48,1906.46,-1.000,sl,4.75
2021-06-08 08:00,2021-06-08 08:45,buy,1897.90,1895.38,1902.94,1895.38,-1.000,sl,0.75
2021-06-08 14:00,2021-06-08 15:45,buy,1896.46,1892.62,1904.15,1892.62,-1.000,sl,1.75
2021-06-08 21:15,2021-06-09 10:00,buy,1893.49,1890.44,1899.59,1890.44,-1.000,sl,11.75
2021-06-09 16:30,2021-06-09 16:45,buy,1898.38,1893.48,1908.17,1893.48,-1.000,sl,0.25
2021-06-11 07:15,2021-06-11 11:00,buy,1900.07,1897.47,1905.26,1897.47,-1.000,sl,3.75
2021-06-25 01:45,2021-06-25 04:30,sell,1775.85,1777.99,1771.57,1777.99,-1.000,sl,2.75
2021-06-25 07:45,2021-06-25 08:15,sell,1775.90,1777.93,1771.85,1777.93,-1.000,sl,0.25
2021-06-28 14:15,2021-06-28 16:00,sell,1775.79,1780.46,1766.45,1780.46,-1.000,sl,1.75
2021-06-28 21:00,2021-06-29 11:00,sell,1777.98,1781.90,1770.15,1770.15,2.000,tp,13.00
2021-06-29 11:00,2021-06-29 15:00,sell,1769.59,1773.73,1761.32,1773.73,-1.000,sl,4.00
2021-06-29 17:00,2021-06-29 19:15,sell,1754.57,1764.74,1734.22,1764.74,-1.000,sl,2.25
2021-06-29 23:30,2021-06-30 04:45,sell,1760.58,1763.61,1754.51,1763.61,-1.000,sl,4.25
2021-06-30 06:45,2021-06-30 11:00,sell,1760.84,1763.86,1754.80,1754.80,2.000,tp,4.25
2021-06-30 12:45,2021-06-30 14:45,sell,1756.75,1761.30,1747.65,1761.30,-1.000,sl,2.00
2021-07-01 03:45,2021-07-01 04:00,sell,1766.01,1767.82,1762.40,1767.82,-1.000,sl,0.25
2021-07-22 01:15,2021-07-22 05:45,sell,1803.28,1805.08,1799.67,1799.67,2.000,tp,4.50
2021-07-22 07:30,2021-07-22 09:30,sell,1798.31,1800.78,1793.36,1800.78,-1.000,sl,2.00
2021-07-22 13:45,2021-07-22 15:30,sell,1794.71,1798.64,1786.86,1798.64,-1.000,sl,1.75
2021-07-23 04:45,2021-07-23 09:15,sell,1803.97,1806.07,1799.76,1806.07,-1.000,sl,4.50
2021-07-23 11:45,2021-07-23 14:15,sell,1804.15,1808.61,1795.22,1795.22,2.000,tp,2.50
2021-07-23 20:30,2021-07-23 21:00,sell,1800.60,1804.46,1792.87,1804.46,-1.000,sl,0.50
2021-07-26 03:30,2021-07-26 04:00,sell,1798.76,1800.45,1795.39,1800.45,-1.000,sl,0.50
2021-07-26 20:45,2021-07-27 15:00,sell,1798.21,1801.47,1791.68,1801.47,-1.000,sl,17.25
2021-07-27 17:15,2021-07-27 18:15,sell,1796.03,1801.63,1784.84,1801.63,-1.000,sl,1.00
2021-07-27 23:30,2021-07-28 04:15,sell,1799.09,1800.85,1795.56,1800.85,-1.000,sl,3.75
2021-07-28 14:45,2021-07-28 15:30,sell,1796.32,1799.94,1789.08,1799.94,-1.000,sl,0.75
2021-07-28 20:45,2021-07-28 21:00,sell,1798.41,1801.29,1792.66,1801.29,-1.000,sl,0.25
2021-08-05 23:45,2021-08-06 06:00,sell,1803.48,1805.38,1799.69,1799.69,2.000,tp,5.25
2021-08-06 10:00,2021-08-06 15:30,sell,1799.46,1802.05,1794.27,1794.27,2.000,tp,5.50
2021-08-06 16:00,2021-08-06 18:00,sell,1774.70,1782.24,1759.61,1759.61,2.000,tp,2.00
2021-08-09 04:45,2021-08-10 05:45,sell,1734.13,1764.67,1673.04,1734.71,-0.019,time,24.00
2021-08-10 08:30,2021-08-10 09:30,sell,1734.02,1736.78,1728.51,1736.78,-1.000,sl,1.00
2021-08-10 15:15,2021-08-10 17:00,sell,1728.98,1733.16,1720.63,1720.63,2.000,tp,1.75
2021-08-10 22:15,2021-08-11 05:15,sell,1729.12,1731.97,1723.42,1731.97,-1.000,sl,6.00
2021-08-11 09:00,2021-08-11 12:15,sell,1731.57,1734.35,1726.01,1734.35,-1.000,sl,3.25
2021-09-06 01:00,2021-09-06 02:45,buy,1829.85,1827.90,1833.75,1827.90,-1.000,sl,1.75
2021-09-06 08:45,2021-09-06 10:00,buy,1827.94,1826.06,1831.70,1826.06,-1.000,sl,1.25
2021-09-06 19:15,2021-09-07 07:30,buy,1823.58,1821.33,1828.08,1821.33,-1.000,sl,7.25
2021-09-10 01:15,2021-09-10 02:00,sell,1792.97,1795.95,1787.01,1795.95,-1.000,sl,0.75
2021-09-10 15:45,2021-09-13 04:00,sell,1793.27,1798.05,1783.70,1783.70,2.000,tp,11.25
2021-09-13 09:15,2021-09-13 15:00,sell,1789.03,1791.47,1784.16,1791.47,-1.000,sl,5.75
2021-09-13 15:30,2021-09-13 16:15,sell,1787.64,1790.81,1781.30,1790.81,-1.000,sl,0.75
2021-09-14 03:45,2021-09-14 05:15,sell,1790.98,1792.05,1788.85,1792.05,-1.000,sl,1.50
2021-09-14 10:30,2021-09-14 14:45,sell,1790.43,1793.31,1784.67,1784.67,2.000,tp,4.25
2021-09-16 04:00,2021-09-16 04:30,sell,1793.16,1795.82,1787.84,1795.82,-1.000,sl,0.50
2021-09-16 10:00,2021-09-16 13:00,sell,1783.53,1787.27,1776.04,1776.04,2.000,tp,3.00
2021-09-17 02:45,2021-09-17 03:45,sell,1753.68,1755.54,1749.97,1755.54,-1.000,sl,1.00
2021-09-17 13:30,2021-09-17 15:45,sell,1762.48,1766.54,1754.36,1754.36,2.000,tp,2.25
2021-09-17 19:45,2021-09-20 12:30,sell,1751.31,1758.59,1736.76,1758.59,-1.000,sl,15.75
2021-09-20 14:45,2021-09-20 15:00,sell,1755.54,1759.05,1748.52,1759.05,-1.000,sl,0.25
2021-09-21 09:45,2021-09-21 11:45,sell,1760.44,1762.94,1755.45,1762.94,-1.000,sl,2.00
2021-09-23 07:30,2021-09-23 08:30,sell,1763.80,1766.50,1758.39,1766.50,-1.000,sl,1.00
2021-09-23 15:45,2021-09-23 16:45,sell,1763.50,1769.60,1751.30,1751.30,2.000,tp,1.00
2021-09-24 14:00,2021-09-24 15:15,sell,1754.20,1757.07,1748.46,1748.46,2.000,tp,1.25
2021-09-27 10:45,2021-09-27 13:00,sell,1753.63,1757.42,1746.05,1746.05,2.000,tp,2.25
2021-09-27 17:45,2021-09-28 10:00,sell,1748.87,1755.27,1736.08,1736.08,2.000,tp,15.25
2021-09-28 11:00,2021-09-28 15:30,sell,1741.04,1746.58,1729.96,1729.96,2.000,tp,4.50
2021-09-28 17:45,2021-09-29 13:15,sell,1732.69,1744.12,1709.82,1744.12,-1.000,sl,18.50
2021-09-29 17:00,2021-09-30 15:45,sell,1731.10,1737.25,1718.79,1737.25,-1.000,sl,21.75
2021-10-29 01:15,2021-10-29 02:00,buy,1801.15,1798.98,1805.48,1798.98,-1.000,sl,0.75
2021-11-02 04:30,2021-11-02 13:45,buy,1792.25,1789.78,1797.18,1789.78,-1.000,sl,9.25
2021-11-02 15:30,2021-11-02 16:00,buy,1793.20,1787.98,1803.64,1787.98,-1.000,sl,0.50
2021-11-05 16:45,2021-11-08 15:15,buy,1802.22,1792.57,1821.52,1821.52,2.000,tp,20.50
2021-11-08 15:15,2021-11-08 15:30,buy,1823.87,1819.58,1832.45,1819.58,-1.000,sl,0.25
2021-11-09 01:15,2021-11-09 02:30,buy,1825.35,1823.86,1828.34,1823.86,-1.000,sl,1.25
2021-11-09 07:30,2021-11-09 09:30,buy,1824.17,1822.14,1828.23,1822.14,-1.000,sl,2.00
2021-11-09 13:30,2021-11-09 13:45,buy,1827.58,1823.92,1834.90,1823.92,-1.000,sl,0.25
2021-11-09 19:45,2021-11-10 07:30,buy,1831.08,1825.45,1842.35,1825.45,-1.000,sl,10.75
2021-11-10 10:15,2021-11-10 13:15,buy,1826.69,1823.10,1833.86,1823.10,-1.000,sl,3.00
2021-11-10 16:15,2021-11-10 19:45,buy,1858.11,1849.18,1875.97,1849.18,-1.000,sl,3.50
2021-11-10 22:30,2021-11-11 10:45,buy,1849.04,1842.52,1862.09,1862.09,2.000,tp,11.25
2021-11-11 11:15,2021-11-11 14:15,buy,1862.49,1857.92,1871.62,1857.92,-1.000,sl,3.00
2021-11-11 18:45,2021-11-12 04:30,buy,1862.38,1856.77,1873.59,1856.77,-1.000,sl,8.75
2021-11-12 07:30,2021-11-12 09:45,buy,1859.36,1856.68,1864.72,1856.68,-1.000,sl,2.25
2021-11-12 15:00,2021-11-12 17:15,buy,1855.76,1850.88,1865.51,1865.51,2.000,tp,2.25
2021-11-12 22:30,2021-11-15 03:15,buy,1864.60,1861.10,1871.60,1861.10,-1.000,sl,3.75
2021-11-15 09:30,2021-11-15 10:45,buy,1862.05,1858.83,1868.49,1858.83,-1.000,sl,1.25
2021-11-15 18:15,2021-11-16 17:00,buy,1864.68,1857.86,1878.32,1857.86,-1.000,sl,21.75
2021-11-17 18:00,2021-11-18 15:15,buy,1863.88,1857.79,1876.05,1857.79,-1.000,sl,20.25
2021-11-18 15:30,2021-11-18 17:30,buy,1865.06,1858.56,1878.05,1858.56,-1.000,sl,2.00
2021-12-09 15:00,2021-12-09 16:15,sell,1775.65,1779.70,1767.55,1779.70,-1.000,sl,1.25
2021-12-09 21:00,2021-12-10 15:30,sell,1775.79,1779.81,1767.75,1779.81,-1.000,sl,17.50
2021-12-14 17:15,2021-12-15 18:15,sell,1771.52,1778.65,1757.27,1766.84,0.657,time,24.00
2021-12-15 19:00,2021-12-15 21:00,sell,1766.61,1771.82,1756.18,1756.18,2.000,tp,2.00
2021-12-30 20:00,2021-12-31 15:00,buy,1814.56,1810.75,1822.18,1822.18,2.000,tp,18.00
2021-12-31 15:00,2021-12-31 17:30,buy,1822.81,1820.35,1827.73,1820.35,-1.000,sl,2.50
2022-01-03 01:00,2022-01-03 02:15,buy,1830.76,1827.15,1837.97,1827.15,-1.000,sl,1.25
2022-01-03 11:00,2022-01-03 14:15,buy,1825.24,1822.02,1831.67,1822.02,-1.000,sl,3.25
2022-01-05 03:45,2022-01-05 08:45,buy,1815.50,1813.69,1819.11,1813.69,-1.000,sl,5.00
2022-01-05 10:00,2022-01-05 15:15,buy,1816.14,1813.25,1821.92,1821.92,2.000,tp,5.25
2022-01-05 16:30,2022-01-05 17:15,buy,1828.16,1823.01,1838.46,1823.01,-1.000,sl,0.75
2022-01-12 04:00,2022-01-12 05:45,buy,1820.55,1818.28,1825.09,1818.28,-1.000,sl,1.75
2022-01-12 12:00,2022-01-12 15:30,buy,1818.20,1814.83,1824.94,1824.94,2.000,tp,3.50
2022-01-12 18:30,2022-01-13 17:00,buy,1824.26,1817.92,1836.95,1817.92,-1.000,sl,21.50
2022-01-13 20:15,2022-01-14 18:45,buy,1822.06,1817.84,1830.50,1817.84,-1.000,sl,21.50
2022-01-20 02:45,2022-01-20 06:00,buy,1841.41,1839.18,1845.87,1839.18,-1.000,sl,3.25
2022-01-20 08:45,2022-01-20 11:45,buy,1840.57,1838.35,1845.02,1838.35,-1.000,sl,3.00
2022-01-20 14:45,2022-01-20 15:30,buy,1840.69,1837.78,1846.52,1846.52,2.000,tp,0.75
2022-01-21 04:00,2022-01-21 10:00,buy,1839.52,1836.69,1845.19,1836.69,-1.000,sl,6.00
2022-01-21 15:00,2022-01-21 17:15,buy,1837.53,1833.52,1845.55,1833.52,-1.000,sl,2.25
2022-01-24 04:15,2022-01-24 11:00,buy,1837.08,1833.82,1843.60,1843.60,2.000,tp,6.75
2022-01-24 11:00,2022-01-24 12:30,buy,1842.99,1839.26,1850.44,1839.26,-1.000,sl,1.50
2022-01-24 19:45,2022-01-25 16:45,buy,1838.74,1833.07,1850.09,1850.09,2.000,tp,20.00
2022-01-25 16:45,2022-01-25 17:00,buy,1850.63,1844.76,1862.38,1844.76,-1.000,sl,0.25
2022-01-26 01:15,2022-01-26 03:30,buy,1849.02,1846.62,1853.82,1846.62,-1.000,sl,2.25
2022-01-26 08:00,2022-01-26 08:30,buy,1848.36,1846.69,1851.70,1846.69,-1.000,sl,0.50
2022-02-08 03:45,2022-02-08 07:00,buy,1822.40,1820.57,1826.07,1820.57,-1.000,sl,3.25
2022-02-08 10:30,2022-02-08 17:15,buy,1820.22,1817.11,1826.44,1826.44,2.000,tp,6.75
2022-02-08 17:15,2022-02-09 18:15,buy,1827.35,1822.79,1836.48,1830.61,0.714,time,24.00
2022-02-09 18:15,2022-02-10 15:30,buy,1830.86,1825.24,1842.10,1825.24,-1.000,sl,20.25
2022-02-10 16:30,2022-02-11 02:15,buy,1831.89,1825.49,1844.69,1825.49,-1.000,sl,8.75
2022-02-11 18:45,2022-02-11 20:30,buy,1836.99,1831.40,1848.17,1848.17,2.000,tp,1.75
2022-02-14 09:15,2022-02-14 14:45,buy,1854.86,1851.57,1861.43,1851.57,-1.000,sl,5.50
2022-02-14 15:15,2022-02-14 17:15,buy,1857.56,1852.40,1867.87,1867.87,2.000,tp,2.00
2022-02-14 22:00,2022-02-15 10:30,buy,1872.39,1866.56,1884.04,1866.56,-1.000,sl,11.50
2022-02-16 11:45,2022-02-16 12:15,buy,1858.76,1856.14,1864.00,1856.14,-1.000,sl,0.50
2022-02-16 18:15,2022-02-17 08:00,buy,1864.68,1858.79,1876.47,1876.47,2.000,tp,12.75
2022-02-17 08:00,2022-02-17 10:15,buy,1876.43,1871.30,1886.69,1886.69,2.000,tp,2.25
2022-02-17 14:00,2022-02-17 15:45,buy,1886.05,1880.27,1897.62,1897.62,2.000,tp,1.75
2022-02-17 20:15,2022-02-18 03:30,buy,1900.11,1894.52,1911.29,1894.52,-1.000,sl,6.25
2022-02-18 10:00,2022-02-18 12:15,buy,1894.82,1891.29,1901.87,1891.29,-1.000,sl,2.25
2022-02-18 18:00,2022-02-21 08:45,buy,1895.49,1888.12,1910.24,1888.12,-1.000,sl,13.75
2022-02-21 10:00,2022-02-21 20:45,buy,1893.76,1889.54,1902.19,1902.19,2.000,tp,10.75
2022-02-21 20:45,2022-02-21 21:00,buy,1904.95,1901.41,1912.03,1901.41,-1.000,sl,0.25
2022-02-22 07:30,2022-02-22 10:15,buy,1909.75,1906.74,1915.78,1906.74,-1.000,sl,2.75
2022-02-22 15:15,2022-02-22 17:30,buy,1902.59,1896.25,1915.28,1896.25,-1.000,sl,2.25
2022-02-23 02:45,2022-02-23 03:30,buy,1900.76,1898.89,1904.50,1898.89,-1.000,sl,0.75
2022-02-23 16:45,2022-02-24 04:45,buy,1906.40,1900.96,1917.28,1917.28,2.000,tp,11.00
2022-02-24 04:45,2022-02-24 05:15,buy,1921.21,1916.57,1930.49,1930.49,2.000,tp,0.50
2022-02-24 14:30,2022-02-24 16:30,buy,1963.56,1949.65,1991.39,1949.65,-1.000,sl,2.00
2022-02-25 08:45,2022-02-25 09:30,buy,1919.50,1914.76,1928.98,1914.76,-1.000,sl,0.75
2022-03-01 12:15,2022-03-01 14:45,buy,1920.04,1914.47,1931.17,1914.47,-1.000,sl,2.50
2022-03-01 18:15,2022-03-01 23:00,buy,1928.90,1918.90,1948.91,1948.91,2.000,tp,4.75
2022-03-02 04:00,2022-03-02 08:00,buy,1939.01,1933.27,1950.49,1933.27,-1.000,sl,4.00
2022-03-02 10:45,2022-03-02 11:30,buy,1939.52,1931.49,1955.58,1931.49,-1.000,sl,0.75
2022-03-02 17:00,2022-03-02 18:00,buy,1931.62,1921.26,1952.34,1921.26,-1.000,sl,1.00
2022-03-02 23:15,2022-03-03 22:15,buy,1927.75,1921.78,1939.69,1939.69,2.000,tp,22.00
2022-03-03 22:15,2022-03-04 02:30,buy,1939.33,1934.32,1949.34,1949.34,2.000,tp,3.25
2022-03-04 09:15,2022-03-04 12:45,buy,1938.36,1933.93,1947.21,1947.21,2.000,tp,3.50
2022-03-04 16:00,2022-03-04 18:15,buy,1948.75,1942.03,1962.19,1962.19,2.000,tp,2.25
2022-03-04 22:15,2022-03-07 01:00,buy,1969.40,1963.35,1981.50,1981.50,2.000,tp,1.75
2022-03-07 05:45,2022-03-07 08:00,buy,1990.35,1981.16,2008.72,1981.16,-1.000,sl,2.25
2022-03-07 12:15,2022-03-07 13:30,buy,2001.29,1992.73,2018.41,1992.73,-1.000,sl,1.25
2022-03-07 19:00,2022-03-08 08:45,buy,1984.17,1967.60,2017.31,2017.31,2.000,tp,12.75
2022-03-08 08:45,2022-03-08 10:15,buy,2017.19,2008.87,2033.82,2008.87,-1.000,sl,1.50
2022-03-08 15:30,2022-03-08 17:00,buy,2018.77,2007.25,2041.81,2041.81,2.000,tp,1.50
2022-03-08 22:00,2022-03-09 12:00,buy,2040.72,2013.48,2095.20,2013.48,-1.000,sl,13.00
2022-03-25 04:00,2022-03-25 07:00,buy,1962.96,1959.26,1970.36,1959.26,-1.000,sl,3.00
2022-03-25 10:15,2022-03-25 10:45,buy,1959.88,1955.62,1968.41,1955.62,-1.000,sl,0.50
2022-03-25 17:15,2022-03-28 04:15,buy,1958.61,1949.16,1977.50,1949.16,-1.000,sl,9.00
2022-04-08 23:45,2022-04-11 02:45,buy,1946.65,1943.29,1953.36,1943.29,-1.000,sl,2.00
2022-04-11 08:30,2022-04-11 11:15,buy,1944.97,1940.76,1953.39,1953.39,2.000,tp,2.75
2022-04-11 14:30,2022-04-11 16:45,buy,1959.17,1953.41,1970.69,1953.41,-1.000,sl,2.25
2022-04-11 21:45,2022-04-12 15:00,buy,1949.98,1944.76,1960.42,1960.42,2.000,tp,16.25
2022-04-12 15:00,2022-04-12 15:45,buy,1959.62,1954.46,1969.94,1969.94,2.000,tp,0.75
2022-04-12 22:00,2022-04-13 03:15,buy,1969.55,1963.52,1981.60,1963.52,-1.000,sl,4.25
2022-04-13 05:15,2022-04-13 09:30,buy,1970.53,1966.77,1978.06,1966.77,-1.000,sl,4.25
2022-04-13 11:15,2022-04-14 12:00,buy,1975.08,1969.79,1985.65,1969.79,-1.000,sl,23.75
2022-04-14 13:45,2022-04-14 16:45,buy,1974.47,1968.97,1985.47,1968.97,-1.000,sl,3.00
2022-04-14 20:45,2022-04-18 02:45,buy,1972.33,1966.07,1984.86,1984.86,2.000,tp,5.00
2022-04-18 03:45,2022-04-18 05:45,buy,1987.75,1982.90,1997.45,1982.90,-1.000,sl,2.00
2022-04-18 10:30,2022-04-18 17:30,buy,1991.50,1987.30,1999.89,1987.30,-1.000,sl,7.00
2022-04-18 19:15,2022-04-18 20:15,buy,1990.45,1983.74,2003.88,1983.74,-1.000,sl,1.00
2022-04-19 14:45,2022-04-19 15:30,buy,1980.36,1975.90,1989.27,1975.90,-1.000,sl,0.75
2022-05-06 08:45,2022-05-06 09:15,sell,1873.89,1876.96,1867.76,1876.96,-1.000,sl,0.50
2022-05-06 15:45,2022-05-06 16:45,sell,1876.37,1883.09,1862.94,1883.09,-1.000,sl,1.00
2022-05-09 06:30,2022-05-09 11:30,sell,1875.21,1879.65,1866.34,1866.34,2.000,tp,5.00
2022-05-09 16:30,2022-05-10 17:30,sell,1863.91,1871.98,1847.77,1854.50,1.166,time,24.00
2022-05-10 17:30,2022-05-10 20:15,sell,1854.25,1861.26,1840.24,1840.24,2.000,tp,2.75
2022-05-11 15:30,2022-05-11 16:00,sell,1840.78,1847.08,1828.18,1847.08,-1.000,sl,0.50
2022-05-12 01:00,2022-05-12 02:30,sell,1850.88,1854.26,1844.11,1854.26,-1.000,sl,1.50
2022-05-12 08:30,2022-05-12 09:30,sell,1848.60,1852.69,1840.42,1852.69,-1.000,sl,1.00
2022-05-12 14:30,2022-05-12 16:15,sell,1841.03,1848.28,1826.53,1848.28,-1.000,sl,1.75
2022-05-12 20:30,2022-05-13 16:00,sell,1823.04,1830.75,1807.62,1807.62,2.000,tp,18.50
2022-05-13 16:00,2022-05-13 17:00,sell,1802.74,1810.23,1787.77,1810.23,-1.000,sl,1.00
2022-05-13 22:00,2022-05-16 01:00,sell,1808.18,1812.46,1799.63,1812.46,-1.000,sl,2.00
2022-05-16 05:00,2022-05-16 10:30,sell,1812.05,1816.43,1803.28,1803.28,2.000,tp,5.50
2022-05-16 12:45,2022-05-16 15:45,sell,1800.20,1810.23,1780.15,1810.23,-1.000,sl,3.00
2022-05-18 04:15,2022-05-18 06:15,sell,1814.74,1817.44,1809.34,1809.34,2.000,tp,2.00
2022-05-18 14:00,2022-05-18 18:30,sell,1814.19,1818.59,1805.38,1818.59,-1.000,sl,4.50
2022-05-18 22:45,2022-05-19 11:45,sell,1815.93,1820.42,1806.94,1820.42,-1.000,sl,12.00
2022-06-01 08:00,2022-06-01 09:15,sell,1830.97,1834.36,1824.20,1834.36,-1.000,sl,1.25
2022-06-01 14:00,2022-06-01 15:15,sell,1829.97,1834.78,1820.34,1834.78,-1.000,sl,1.25
2022-06-02 06:30,2022-06-02 08:30,sell,1845.05,1847.65,1839.84,1847.65,-1.000,sl,2.00
2022-06-07 08:45,2022-06-07 09:30,sell,1838.60,1841.71,1832.38,1841.71,-1.000,sl,0.75
2022-06-07 15:15,2022-06-07 16:45,sell,1845.29,1849.09,1837.69,1849.09,-1.000,sl,1.50
2022-06-08 08:00,2022-06-08 09:00,sell,1847.23,1849.68,1842.33,1849.68,-1.000,sl,1.00
2022-06-10 01:00,2022-06-10 12:15,sell,1847.27,1849.35,1843.11,1843.11,2.000,tp,11.25
2022-06-10 12:15,2022-06-10 14:45,sell,1842.75,1846.33,1835.59,1835.59,2.000,tp,2.50
2022-06-14 07:30,2022-06-14 08:45,sell,1824.49,1827.73,1818.00,1827.73,-1.000,sl,1.25
2022-06-14 14:15,2022-06-14 21:30,sell,1821.06,1827.07,1809.03,1809.03,2.000,tp,7.25
2022-06-14 21:30,2022-06-15 04:00,sell,1808.68,1812.79,1800.47,1812.79,-1.000,sl,5.50
2022-06-15 16:45,2022-06-15 21:30,sell,1823.79,1831.71,1807.94,1831.71,-1.000,sl,4.75
2022-06-21 08:45,2022-06-21 10:45,sell,1835.16,1837.78,1829.92,1837.78,-1.000,sl,2.00
2022-06-21 20:30,2022-06-22 11:00,sell,1834.20,1839.34,1823.91,1823.91,2.000,tp,13.50
2022-06-22 11:00,2022-06-22 12:45,sell,1823.90,1828.72,1814.26,1828.72,-1.000,sl,1.75
2022-06-23 06:45,2022-06-23 10:30,sell,1832.60,1835.79,1826.22,1835.79,-1.000,sl,3.75
2022-06-23 13:00,2022-06-23 15:45,sell,1829.36,1834.21,1819.65,1834.21,-1.000,sl,2.75
2022-06-23 20:00,2022-06-24 21:00,sell,1828.75,1835.80,1814.64,1830.62,-0.265,time,24.00
2022-06-24 22:00,2022-06-27 01:00,sell,1826.97,1830.37,1820.16,1830.37,-1.000,sl,2.00
2022-06-27 21:30,2022-06-28 09:15,sell,1823.90,1828.24,1815.21,1828.24,-1.000,sl,10.75
2022-06-28 11:45,2022-06-28 16:45,sell,1826.29,1829.66,1819.55,1819.55,2.000,tp,5.00
2022-06-28 19:30,2022-06-29 14:00,sell,1821.25,1826.54,1810.66,1826.54,-1.000,sl,17.50
2022-06-29 19:45,2022-06-30 14:30,sell,1816.65,1822.95,1804.06,1804.06,2.000,tp,17.75
2022-06-30 14:30,2022-06-30 15:30,sell,1803.88,1808.73,1794.18,1808.73,-1.000,sl,1.00
2022-06-30 21:30,2022-07-01 08:30,sell,1806.69,1811.89,1796.29,1796.29,2.000,tp,10.00
2022-07-01 08:30,2022-07-01 14:15,sell,1796.17,1799.83,1788.86,1788.86,2.000,tp,5.75
2022-07-01 14:30,2022-07-01 14:45,sell,1785.20,1790.23,1775.14,1790.23,-1.000,sl,0.25
2022-07-04 12:30,2022-07-04 15:15,sell,1805.42,1808.85,1798.57,1808.85,-1.000,sl,2.75
2022-07-04 19:00,2022-07-05 01:00,sell,1805.34,1808.42,1799.18,1808.42,-1.000,sl,2.50
2022-07-05 11:45,2022-07-05 12:15,sell,1800.83,1804.69,1793.10,1804.69,-1.000,sl,0.50
2022-07-05 17:45,2022-07-06 17:45,sell,1767.38,1778.73,1744.69,1744.69,2.000,tp,23.00
2022-07-06 17:45,2022-07-07 18:45,sell,1743.44,1753.95,1722.43,1739.81,0.345,time,24.00
2022-07-07 18:45,2022-07-08 04:00,sell,1739.56,1745.84,1727.00,1745.84,-1.000,sl,8.25
2022-07-08 06:00,2022-07-08 10:30,sell,1741.42,1744.49,1735.27,1735.27,2.000,tp,4.50
2022-07-08 15:30,2022-07-08 16:15,sell,1736.43,1742.71,1723.87,1742.71,-1.000,sl,0.75
2022-07-08 21:45,2022-07-11 12:45,sell,1741.62,1744.85,1735.15,1735.15,2.000,tp,14.00
2022-07-11 12:45,2022-07-11 16:30,sell,1734.94,1738.83,1727.16,1738.83,-1.000,sl,3.75
2022-07-11 19:00,2022-07-12 04:00,sell,1736.77,1742.53,1725.24,1725.24,2.000,tp,8.00
2022-07-12 04:00,2022-07-12 04:15,sell,1724.44,1727.69,1717.95,1727.69,-1.000,sl,0.25
2022-07-12 13:15,2022-07-12 14:15,sell,1732.33,1737.47,1722.05,1737.47,-1.000,sl,1.00
2022-07-12 19:30,2022-07-13 15:30,sell,1729.72,1734.83,1719.50,1719.50,2.000,tp,19.00
2022-07-13 15:30,2022-07-13 15:45,sell,1708.98,1715.18,1696.59,1715.18,-1.000,sl,0.25
2022-07-14 03:15,2022-07-14 06:15,sell,1729.80,1733.15,1723.09,1733.15,-1.000,sl,3.00
2022-07-14 09:15,2022-07-14 12:30,sell,1724.06,1728.70,1714.78,1714.78,2.000,tp,3.25
2022-07-14 18:15,2022-07-15 05:00,sell,1704.68,1715.15,1683.75,1715.15,-1.000,sl,9.75
2022-07-15 06:15,2022-07-15 15:30,sell,1708.48,1712.47,1700.50,1700.50,2.000,tp,9.25
2022-07-15 16:30,2022-07-18 04:15,sell,1705.22,1713.44,1688.78,1713.44,-1.000,sl,10.75
2022-07-18 20:30,2022-07-19 13:00,sell,1710.87,1715.34,1701.93,1715.34,-1.000,sl,15.50
2022-07-19 17:15,2022-07-20 18:15,sell,1710.58,1716.25,1699.25,1706.99,0.633,time,24.00
2022-07-20 18:15,2022-07-20 23:00,sell,1706.74,1712.37,1695.49,1695.49,2.000,tp,4.75
2022-07-21 09:15,2022-07-21 10:30,sell,1688.70,1691.66,1682.78,1691.66,-1.000,sl,1.25
2022-07-26 20:45,2022-07-27 10:00,sell,1717.14,1721.15,1709.13,1721.15,-1.000,sl,12.25
2022-07-27 15:45,2022-07-27 20:00,sell,1717.93,1721.94,1709.92,1721.94,-1.000,sl,4.25
2022-08-17 16:00,2022-08-18 17:00,sell,1769.43,1775.03,1758.24,1765.88,0.634,time,24.00
2022-08-18 17:45,2022-08-19 13:00,sell,1762.00,1767.80,1750.39,1750.39,2.000,tp,18.25
2022-08-19 13:00,2022-08-19 14:45,sell,1749.76,1753.29,1742.70,1753.29,-1.000,sl,1.75
2022-08-19 20:00,2022-08-22 10:00,sell,1749.01,1753.36,1740.30,1740.30,2.000,tp,13.00
2022-08-22 10:00,2022-08-22 11:45,sell,1739.55,1742.60,1733.44,1733.44,2.000,tp,1.75
2022-08-22 16:45,2022-08-22 17:15,sell,1732.99,1739.00,1720.98,1739.00,-1.000,sl,0.50
2022-08-23 07:00,2022-08-23 11:15,sell,1737.64,1740.24,1732.43,1740.24,-1.000,sl,4.25
2022-08-23 13:00,2022-08-23 16:30,sell,1735.77,1740.74,1725.82,1740.74,-1.000,sl,3.50
2022-08-26 17:45,2022-08-29 07:30,sell,1741.34,1750.84,1722.34,1722.34,2.000,tp,12.75
2022-08-29 10:00,2022-08-29 13:15,sell,1722.53,1725.87,1715.86,1725.87,-1.000,sl,3.25
2022-08-29 20:15,2022-08-30 17:15,sell,1736.75,1741.12,1728.01,1728.01,2.000,tp,20.00
2022-08-30 17:15,2022-08-31 11:30,sell,1725.30,1730.74,1714.42,1714.42,2.000,tp,17.25
2022-08-31 11:30,2022-08-31 17:15,sell,1713.98,1718.42,1705.09,1718.42,-1.000,sl,5.75
2022-08-31 19:30,2022-09-01 04:45,sell,1716.03,1722.26,1703.58,1703.58,2.000,tp,8.25
2022-09-01 09:00,2022-09-01 12:30,sell,1705.13,1708.00,1699.40,1708.00,-1.000,sl,3.50
2022-09-01 15:00,2022-09-01 17:15,sell,1699.96,1704.44,1690.99,1690.99,2.000,tp,2.25
2022-09-01 21:00,2022-09-02 08:45,sell,1696.09,1701.65,1684.97,1701.65,-1.000,sl,10.75
2022-09-06 19:45,2022-09-07 17:15,sell,1701.21,1707.78,1688.06,1707.78,-1.000,sl,20.50
2022-09-13 20:30,2022-09-14 21:30,sell,1703.99,1709.09,1693.80,1697.24,1.324,time,24.00
2022-09-14 21:45,2022-09-15 02:15,sell,1694.84,1698.23,1688.06,1698.23,-1.000,sl,3.50
2022-09-15 05:45,2022-09-15 07:45,sell,1693.38,1696.06,1688.02,1688.02,2.000,tp,2.00
2022-09-15 13:30,2022-09-15 15:45,sell,1686.09,1690.23,1677.82,1690.23,-1.000,sl,2.25
2022-09-15 20:30,2022-09-16 17:15,sell,1666.65,1676.28,1647.38,1676.28,-1.000,sl,19.75
2022-09-16 20:45,2022-09-16 21:30,sell,1671.20,1675.88,1661.85,1675.88,-1.000,sl,0.75
2022-09-19 03:45,2022-09-19 05:00,sell,1675.65,1678.74,1669.47,1669.47,2.000,tp,1.25
2022-09-19 10:00,2022-09-19 11:30,sell,1662.48,1665.80,1655.84,1665.80,-1.000,sl,1.50
2022-09-19 16:15,2022-09-19 16:45,sell,1662.82,1667.85,1652.77,1667.85,-1.000,sl,0.50
2022-09-20 08:45,2022-09-20 09:15,sell,1670.45,1673.02,1665.30,1673.02,-1.000,sl,0.50
2022-09-20 15:15,2022-09-21 09:15,sell,1665.87,1670.13,1657.36,1670.13,-1.000,sl,17.00
2022-09-21 19:30,2022-09-21 20:45,sell,1665.85,1670.01,1657.52,1670.01,-1.000,sl,1.25
2022-09-22 03:45,2022-09-22 05:45,sell,1660.28,1664.23,1652.38,1664.23,-1.000,sl,2.00
2022-09-22 13:00,2022-09-22 15:00,sell,1665.39,1674.20,1647.76,1674.20,-1.000,sl,2.00
2022-09-23 12:45,2022-09-23 13:45,sell,1656.94,1663.06,1644.71,1644.71,2.000,tp,1.00
2022-09-23 18:45,2022-09-26 03:45,sell,1646.00,1654.95,1628.09,1628.09,2.000,tp,8.00
2022-09-26 03:45,2022-09-26 04:00,sell,1627.81,1633.89,1615.64,1633.89,-1.000,sl,0.25
2022-09-26 12:45,2022-09-26 20:00,sell,1641.67,1649.14,1626.74,1626.74,2.000,tp,7.25
2022-09-26 20:00,2022-09-27 04:30,sell,1625.69,1632.78,1611.51,1632.78,-1.000,sl,7.50
2022-09-27 06:00,2022-09-27 08:30,sell,1628.89,1632.48,1621.71,1632.48,-1.000,sl,2.50
2022-09-27 12:00,2022-09-27 14:30,sell,1634.48,1639.98,1623.47,1639.98,-1.000,sl,2.50
2022-09-27 18:15,2022-09-28 10:15,sell,1632.03,1639.39,1617.32,1617.32,2.000,tp,15.00
2022-09-28 11:30,2022-09-28 13:00,sell,1619.06,1625.20,1606.77,1625.20,-1.000,sl,1.50
2022-10-11 12:15,2022-10-11 14:15,sell,1664.08,1669.60,1653.05,1669.60,-1.000,sl,2.00
2022-10-11 21:30,2022-10-11 22:00,sell,1675.72,1681.47,1664.23,1664.23,2.000,tp,0.50
2022-10-12 04:30,2022-10-12 07:00,sell,1663.07,1666.70,1655.80,1666.70,-1.000,sl,2.50
2022-10-12 13:15,2022-10-12 21:00,sell,1669.19,1674.63,1658.31,1674.63,-1.000,sl,7.75
2022-10-13 05:00,2022-10-13 11:30,sell,1670.71,1673.12,1665.88,1673.12,-1.000,sl,6.50
2022-10-13 16:15,2022-10-13 18:15,sell,1647.93,1659.10,1625.59,1659.10,-1.000,sl,2.00
2022-10-13 22:15,2022-10-14 09:00,sell,1664.48,1670.65,1652.15,1670.65,-1.000,sl,9.75
2022-10-14 11:00,2022-10-14 12:15,sell,1664.63,1669.41,1655.06,1655.06,2.000,tp,1.25
2022-10-14 18:45,2022-10-17 08:45,sell,1644.51,1653.82,1625.90,1653.82,-1.000,sl,13.00
2022-10-17 19:45,2022-10-17 22:30,sell,1657.17,1661.95,1647.60,1647.60,2.000,tp,2.75
2022-10-18 05:00,2022-10-18 06:30,sell,1649.32,1652.23,1643.49,1652.23,-1.000,sl,1.50
2022-10-18 11:45,2022-10-18 15:00,sell,1649.72,1654.71,1639.75,1654.71,-1.000,sl,3.25
2022-10-18 18:15,2022-10-19 02:00,sell,1647.62,1653.26,1636.34,1653.26,-1.000,sl,6.75
2022-10-19 04:15,2022-10-19 04:30,sell,1650.68,1653.19,1645.65,1653.19,-1.000,sl,0.25
2022-10-19 11:00,2022-10-19 15:30,sell,1641.52,1646.98,1630.61,1630.61,2.000,tp,4.50
2022-10-19 17:45,2022-10-20 17:15,sell,1633.76,1640.69,1619.89,1640.69,-1.000,sl,22.50
2022-10-20 19:45,2022-10-21 06:30,sell,1635.98,1642.15,1623.65,1623.65,2.000,tp,9.75
2022-10-21 06:30,2022-10-21 10:15,sell,1620.97,1624.29,1614.34,1624.29,-1.000,sl,3.75
2022-10-21 14:30,2022-10-21 15:45,sell,1623.38,1628.08,1613.99,1628.08,-1.000,sl,1.25
2022-10-31 04:00,2022-10-31 04:30,sell,1640.80,1643.34,1635.72,1643.34,-1.000,sl,0.50
2022-10-31 10:00,2022-10-31 13:45,sell,1638.52,1642.03,1631.50,1642.03,-1.000,sl,3.75
2022-10-31 17:00,2022-11-01 08:00,sell,1637.53,1642.43,1627.72,1642.43,-1.000,sl,14.00
2022-11-03 00:45,2022-11-04 01:45,sell,1633.86,1643.40,1614.78,1629.75,0.431,time,24.00
2022-11-04 03:15,2022-11-04 03:30,sell,1629.51,1631.62,1625.29,1631.62,-1.000,sl,0.25
2022-11-15 03:15,2022-11-15 09:15,buy,1770.38,1767.68,1775.77,1775.77,2.000,tp,6.00
2022-11-15 09:15,2022-11-15 09:45,buy,1777.09,1773.49,1784.29,1784.29,2.000,tp,0.50
2022-11-15 20:15,2022-11-16 21:15,buy,1774.13,1767.75,1786.89,1774.15,0.003,time,24.00
2022-11-16 22:15,2022-11-17 03:15,buy,1776.14,1772.46,1783.51,1772.46,-1.000,sl,4.00
2022-11-24 01:00,2022-11-25 04:30,buy,1749.97,1745.33,1759.26,1758.62,1.863,time,24.00
2022-11-25 05:30,2022-11-25 07:45,buy,1758.92,1756.03,1764.70,1756.03,-1.000,sl,2.25
2022-11-25 20:15,2022-11-28 01:00,buy,1756.35,1752.64,1763.76,1752.64,-1.000,sl,0.50
2022-11-28 09:00,2022-11-28 09:30,buy,1753.80,1750.78,1759.84,1750.78,-1.000,sl,0.50
2022-11-29 13:30,2022-11-29 15:30,buy,1755.72,1751.80,1763.57,1751.80,-1.000,sl,2.00
2022-11-29 21:00,2022-11-29 22:45,buy,1752.40,1748.15,1760.90,1748.15,-1.000,sl,1.75
2022-11-30 04:45,2022-11-30 10:45,buy,1753.61,1750.57,1759.70,1759.70,2.000,tp,6.00
2022-11-30 10:45,2022-11-30 15:30,buy,1759.81,1756.26,1766.91,1756.26,-1.000,sl,4.75
2022-11-30 20:45,2022-12-01 02:00,buy,1760.72,1753.34,1775.47,1775.47,2.000,tp,4.25
2022-12-01 05:30,2022-12-01 15:00,buy,1776.38,1771.82,1785.50,1785.50,2.000,tp,9.50
2022-12-01 15:15,2022-12-01 16:15,buy,1789.13,1784.83,1797.74,1797.74,2.000,tp,1.00
2022-12-02 07:00,2022-12-02 15:30,buy,1798.63,1795.80,1804.29,1795.80,-1.000,sl,8.50
2022-12-02 18:45,2022-12-05 16:45,buy,1795.90,1785.30,1817.10,1785.30,-1.000,sl,21.00
2022-12-07 21:30,2022-12-08 03:00,buy,1789.46,1785.27,1797.85,1785.27,-1.000,sl,4.50
2022-12-08 05:30,2022-12-08 15:30,buy,1784.32,1781.32,1790.32,1790.32,2.000,tp,10.00
2022-12-08 16:45,2022-12-09 17:45,buy,1792.68,1786.16,1805.72,1796.82,0.635,time,24.00
2022-12-09 17:45,2022-12-12 04:15,buy,1797.07,1788.65,1813.90,1788.65,-1.000,sl,9.50
2022-12-12 09:45,2022-12-12 14:45,buy,1791.55,1788.35,1797.95,1788.35,-1.000,sl,5.00
2022-12-13 16:00,2022-12-13 17:45,buy,1817.81,1809.30,1834.83,1809.30,-1.000,sl,1.75
2022-12-13 23:45,2022-12-14 10:00,buy,1810.76,1807.08,1818.13,1807.08,-1.000,sl,9.25
2022-12-14 15:15,2022-12-14 21:00,buy,1808.76,1804.79,1816.70,1804.79,-1.000,sl,5.75
2022-12-14 22:00,2022-12-15 03:00,buy,1812.42,1803.26,1830.74,1803.26,-1.000,sl,4.00
2022-12-19 05:00,2022-12-19 05:45,buy,1796.08,1792.71,1802.83,1792.71,-1.000,sl,0.75
2022-12-19 14:00,2022-12-19 15:00,buy,1795.86,1792.81,1801.97,1792.81,-1.000,sl,1.00
2022-12-20 09:15,2022-12-20 10:45,buy,1795.35,1791.00,1804.05,1804.05,2.000,tp,1.50
2022-12-20 15:30,2022-12-20 17:00,buy,1804.27,1799.06,1814.69,1814.69,2.000,tp,1.50
2022-12-20 21:45,2022-12-21 05:30,buy,1818.93,1814.98,1826.83,1814.98,-1.000,sl,6.75
2022-12-21 09:15,2022-12-21 12:30,buy,1815.36,1812.32,1821.43,1812.32,-1.000,sl,3.25
2022-12-21 15:15,2022-12-21 16:00,buy,1818.70,1815.66,1824.77,1815.66,-1.000,sl,0.75
2022-12-22 01:15,2022-12-22 06:00,buy,1815.56,1813.24,1820.21,1820.21,2.000,tp,4.75
2022-12-22 10:15,2022-12-22 12:45,buy,1818.01,1814.73,1824.56,1814.73,-1.000,sl,2.50
2022-12-27 10:15,2022-12-27 16:00,buy,1808.11,1805.03,1814.27,1805.03,-1.000,sl,5.75
2022-12-27 16:30,2022-12-27 17:15,buy,1808.46,1804.11,1817.17,1817.17,2.000,tp,0.75
2022-12-28 03:00,2022-12-28 04:00,buy,1813.47,1810.80,1818.82,1810.80,-1.000,sl,1.00
2022-12-29 07:45,2022-12-29 08:30,buy,1809.89,1807.67,1814.33,1807.67,-1.000,sl,0.75
2022-12-29 15:15,2022-12-29 16:30,buy,1808.27,1804.91,1814.99,1814.99,2.000,tp,1.25
2022-12-30 02:00,2022-12-30 08:15,buy,1815.47,1813.51,1819.39,1819.39,2.000,tp,6.25
2022-12-30 08:45,2022-12-30 09:30,buy,1820.36,1818.26,1824.56,1818.26,-1.000,sl,0.75
2022-12-30 15:30,2022-12-30 17:00,buy,1821.76,1817.72,1829.84,1817.72,-1.000,sl,1.50
2022-12-30 21:30,2023-01-03 02:00,buy,1822.43,1817.92,1831.45,1831.45,2.000,tp,3.50
2023-01-03 11:15,2023-01-03 12:30,buy,1841.61,1834.72,1855.39,1834.72,-1.000,sl,1.25
2023-01-03 19:00,2023-01-04 09:30,buy,1836.29,1827.10,1854.68,1854.68,2.000,tp,13.50
2023-01-04 15:15,2023-01-04 17:00,buy,1859.42,1853.93,1870.40,1853.93,-1.000,sl,1.75
2023-01-04 22:15,2023-01-05 09:45,buy,1854.24,1848.53,1865.67,1848.53,-1.000,sl,10.50
2023-01-06 18:45,2023-01-09 19:45,buy,1863.62,1851.75,1887.36,1871.90,0.698,time,24.00
2023-01-09 21:30,2023-01-09 22:30,buy,1874.35,1869.27,1884.50,1869.27,-1.000,sl,1.00
2023-01-10 05:15,2023-01-11 06:15,buy,1873.73,1869.78,1881.62,1877.21,0.882,time,24.00
2023-01-11 06:30,2023-01-11 07:30,buy,1878.16,1875.07,1884.33,1884.33,2.000,tp,1.00
2023-01-11 20:45,2023-01-12 14:15,buy,1878.07,1872.58,1889.04,1889.04,2.000,tp,16.50
2023-01-12 14:15,2023-01-12 15:30,buy,1888.75,1885.44,1895.37,1885.44,-1.000,sl,1.25
2023-01-12 20:45,2023-01-13 07:30,buy,1899.13,1893.44,1910.51,1893.44,-1.000,sl,9.75
2023-01-13 08:30,2023-01-13 10:00,buy,1897.23,1894.45,1902.78,1902.78,2.000,tp,1.50
2023-01-13 16:00,2023-01-13 17:30,buy,1902.36,1896.55,1913.97,1913.97,2.000,tp,1.50
2023-01-16 03:15,2023-01-16 05:00,buy,1921.43,1917.70,1928.89,1928.89,2.000,tp,1.75
2023-01-16 11:30,2023-01-16 15:00,buy,1917.35,1912.42,1927.21,1912.42,-1.000,sl,3.50
2023-01-16 17:45,2023-01-17 04:15,buy,1916.25,1912.73,1923.30,1912.73,-1.000,sl,7.00
2023-01-17 07:00,2023-01-17 08:45,buy,1912.95,1909.05,1920.75,1909.05,-1.000,sl,1.75
2023-01-17 13:45,2023-01-17 14:45,buy,1912.94,1908.70,1921.41,1908.70,-1.000,sl,1.00
2023-01-18 13:45,2023-01-18 15:30,buy,1915.97,1912.01,1923.90,1923.90,2.000,tp,1.75
2023-01-19 16:00,2023-01-19 21:15,buy,1914.71,1908.89,1926.34,1926.34,2.000,tp,5.25
2023-01-20 03:15,2023-01-20 03:30,buy,1934.96,1932.04,1940.79,1932.04,-1.000,sl,0.25
2023-01-20 09:15,2023-01-20 11:00,buy,1930.32,1926.71,1937.55,1926.71,-1.000,sl,1.75
2023-01-20 17:15,2023-01-20 18:45,buy,1930.32,1924.42,1942.13,1924.42,-1.000,sl,1.50
2023-01-23 02:00,2023-01-23 04:00,buy,1929.44,1926.82,1934.68,1934.68,2.000,tp,2.00
2023-01-23 11:45,2023-01-23 15:30,buy,1926.23,1921.10,1936.49,1921.10,-1.000,sl,3.75
2023-01-23 19:45,2023-01-24 08:30,buy,1924.16,1917.01,1938.46,1938.46,2.000,tp,11.75
2023-01-24 08:30,2023-01-24 11:15,buy,1939.23,1936.28,1945.12,1936.28,-1.000,sl,2.75
2023-01-24 17:45,2023-01-25 07:15,buy,1935.27,1927.05,1951.70,1927.05,-1.000,sl,12.50
2023-01-25 08:45,2023-01-25 09:30,buy,1933.62,1929.28,1942.29,1929.28,-1.000,sl,0.75
2023-01-25 18:45,2023-01-26 17:30,buy,1937.03,1928.73,1953.64,1928.73,-1.000,sl,21.75
2023-02-01 05:30,2023-02-01 09:30,buy,1927.16,1924.51,1932.46,1924.51,-1.000,sl,4.00
2023-02-01 12:15,2023-02-01 15:15,buy,1926.14,1923.05,1932.31,1932.31,2.000,tp,3.00
2023-02-01 21:30,2023-02-02 01:00,buy,1939.02,1930.68,1955.71,1955.71,2.000,tp,2.50
2023-02-02 04:30,2023-02-02 15:30,buy,1953.39,1948.40,1963.38,1948.40,-1.000,sl,11.00
2023-03-03 23:45,2023-03-06 01:45,buy,1855.55,1852.33,1861.98,1852.33,-1.000,sl,1.00
2023-03-06 09:00,2023-03-06 10:30,buy,1855.53,1852.82,1860.96,1852.82,-1.000,sl,1.50
2023-03-06 16:00,2023-03-06 19:30,buy,1852.62,1849.26,1859.35,1849.26,-1.000,sl,3.50
2023-03-07 04:00,2023-03-07 05:45,buy,1850.25,1847.66,1855.44,1847.66,-1.000,sl,1.75
2023-03-08 08:15,2023-03-08 08:45,sell,1811.51,1813.67,1807.19,1813.67,-1.000,sl,0.50
2023-03-08 14:30,2023-03-08 16:30,sell,1813.27,1816.17,1807.47,1816.17,-1.000,sl,2.00
2023-03-08 22:00,2023-03-09 10:30,sell,1815.03,1818.71,1807.68,1818.71,-1.000,sl,11.50
2023-03-09 14:30,2023-03-09 15:30,sell,1817.12,1819.72,1811.93,1819.72,-1.000,sl,1.00
2023-03-14 01:15,2023-03-14 03:30,buy,1910.93,1907.43,1917.94,1907.43,-1.000,sl,2.25
2023-03-14 08:00,2023-03-14 08:15,buy,1911.21,1906.90,1919.84,1906.90,-1.000,sl,0.25
2023-03-14 14:00,2023-03-14 14:30,buy,1907.46,1902.67,1917.04,1902.67,-1.000,sl,0.50
2023-03-14 20:00,2023-03-14 21:30,buy,1908.56,1903.72,1918.25,1903.72,-1.000,sl,1.50
2023-03-15 03:00,2023-03-15 06:30,buy,1903.86,1901.45,1908.67,1901.45,-1.000,sl,3.50
2023-03-15 12:00,2023-03-15 14:00,buy,1905.48,1896.96,1922.51,1922.51,2.000,tp,2.00
2023-03-15 18:00,2023-03-15 20:15,buy,1930.31,1917.86,1955.21,1917.86,-1.000,sl,2.25
2023-03-16 01:00,2023-03-16 02:45,buy,1921.36,1915.72,1932.64,1915.72,-1.000,sl,1.75
2023-03-16 07:00,2023-03-16 10:15,buy,1914.36,1910.85,1921.38,1921.38,2.000,tp,3.25
2023-03-16 13:00,2023-03-16 17:15,buy,1924.82,1918.81,1936.83,1918.81,-1.000,sl,4.25
2023-03-17 00:15,2023-03-17 04:30,buy,1920.61,1916.95,1927.93,1927.93,2.000,tp,4.25
2023-03-17 06:45,2023-03-17 10:15,buy,1931.26,1927.53,1938.71,1927.53,-1.000,sl,3.50
2023-03-17 13:00,2023-03-17 14:30,buy,1931.99,1927.25,1941.47,1941.47,2.000,tp,1.50
2023-03-17 19:00,2023-03-17 20:45,buy,1962.72,1952.73,1982.71,1982.71,2.000,tp,1.75
2023-03-20 04:30,2023-03-20 07:45,buy,1974.55,1969.51,1984.64,1984.64,2.000,tp,3.25
2023-03-20 14:15,2023-03-20 14:45,buy,1986.49,1975.78,2007.90,1975.78,-1.000,sl,0.50
2023-03-20 20:15,2023-03-21 08:30,buy,1982.09,1974.91,1996.46,1974.91,-1.000,sl,11.25
2023-03-23 01:45,2023-03-23 08:15,buy,1969.87,1963.14,1983.33,1983.33,2.000,tp,6.50
2023-03-23 08:15,2023-03-23 09:00,buy,1982.50,1977.61,1992.28,1977.61,-1.000,sl,0.75
2023-03-23 15:15,2023-03-23 18:30,buy,1978.96,1971.43,1994.01,1994.01,2.000,tp,3.25
2023-03-24 02:15,2023-03-24 05:00,buy,1993.70,1989.86,2001.38,1989.86,-1.000,sl,2.75
2023-03-24 10:00,2023-03-24 10:15,buy,1992.02,1986.92,2002.21,1986.92,-1.000,sl,0.25
2023-03-30 15:00,2023-03-30 16:15,buy,1969.97,1966.72,1976.47,1966.72,-1.000,sl,1.25
2023-03-30 21:15,2023-03-31 10:30,buy,1981.84,1975.96,1993.60,1975.96,-1.000,sl,12.25
2023-03-31 12:15,2023-03-31 20:15,buy,1979.70,1974.00,1991.09,1974.00,-1.000,sl,8.00
2023-04-03 19:15,2023-04-04 04:00,buy,1990.35,1981.66,2007.72,1981.66,-1.000,sl,7.75
2023-04-04 09:30,2023-04-04 16:30,buy,1981.93,1978.40,1988.98,1988.98,2.000,tp,7.00
2023-04-04 16:30,2023-04-04 17:00,buy,1992.41,1986.63,2003.98,2003.98,2.000,tp,0.50
2023-04-05 04:00,2023-04-05 10:15,buy,2021.36,2018.45,2027.17,2027.17,2.000,tp,6.25
2023-04-05 10:15,2023-04-05 11:45,buy,2027.43,2024.24,2033.81,2024.24,-1.000,sl,1.50
2023-04-05 21:00,2023-04-06 04:00,buy,2021.95,2015.67,2034.51,2015.67,-1.000,sl,6.00
2023-04-06 07:45,2023-04-06 13:30,buy,2013.81,2010.35,2020.73,2020.73,2.000,tp,5.75
2023-04-11 20:45,2023-04-12 05:00,buy,2005.81,2001.18,2015.08,2015.08,2.000,tp,7.25
2023-04-12 06:00,2023-04-12 10:30,buy,2017.87,2013.10,2027.42,2013.10,-1.000,sl,4.50
2023-04-12 15:30,2023-04-12 16:30,buy,2022.59,2016.11,2035.55,2016.11,-1.000,sl,1.00
2023-04-12 23:45,2023-04-13 09:45,buy,2015.02,2010.95,2023.17,2023.17,2.000,tp,9.00
2023-04-13 10:15,2023-04-13 15:30,buy,2023.00,2018.86,2031.27,2031.27,2.000,tp,5.25
2023-04-13 16:45,2023-04-13 17:30,buy,2046.78,2038.95,2062.43,2038.95,-1.000,sl,0.75
2023-04-13 22:45,2023-04-14 10:45,buy,2040.74,2036.90,2048.43,2036.90,-1.000,sl,11.00
2023-04-14 12:45,2023-04-14 14:00,buy,2038.94,2033.80,2049.22,2033.80,-1.000,sl,1.25
2023-05-03 04:00,2023-05-03 08:45,buy,2016.85,2014.90,2020.75,2014.90,-1.000,sl,4.75
2023-05-03 11:15,2023-05-03 15:15,buy,2016.31,2012.88,2023.17,2012.88,-1.000,sl,4.00
2023-05-03 17:30,2023-05-03 21:00,buy,2019.16,2011.65,2034.18,2034.18,2.000,tp,3.50
2023-05-03 23:45,2023-05-04 01:00,buy,2038.77,2026.57,2063.18,2063.18,2.000,tp,0.25
2023-05-04 07:30,2023-05-04 09:15,buy,2045.13,2039.25,2056.89,2039.25,-1.000,sl,1.75
2023-05-04 13:45,2023-05-04 15:30,buy,2040.20,2035.03,2050.54,2035.03,-1.000,sl,1.75
2023-05-04 21:30,2023-05-05 10:15,buy,2050.82,2043.49,2065.48,2043.49,-1.000,sl,11.75
2023-05-09 16:45,2023-05-09 17:15,buy,2030.57,2026.00,2039.70,2026.00,-1.000,sl,0.50
2023-05-10 01:00,2023-05-10 04:45,buy,2035.15,2033.09,2039.26,2033.09,-1.000,sl,3.75
2023-05-10 09:45,2023-05-10 10:00,buy,2032.38,2029.40,2038.35,2029.40,-1.000,sl,0.25
2023-05-10 16:45,2023-05-10 17:45,buy,2038.21,2028.67,2057.30,2028.67,-1.000,sl,1.00
2023-05-10 22:45,2023-05-11 09:45,buy,2031.18,2027.24,2039.05,2027.24,-1.000,sl,10.00
2023-06-02 08:30,2023-06-02 09:15,buy,1981.14,1977.82,1987.78,1977.82,-1.000,sl,0.75
2023-06-08 08:45,2023-06-08 10:45,sell,1945.69,1947.91,1941.25,1947.91,-1.000,sl,2.00
2023-06-12 20:30,2023-06-13 02:00,sell,1955.05,1959.69,1945.78,1959.69,-1.000,sl,4.50
2023-06-13 03:45,2023-06-13 04:15,sell,1957.71,1959.57,1953.98,1959.57,-1.000,sl,0.50
2023-06-13 19:45,2023-06-14 12:15,sell,1944.78,1952.19,1929.96,1952.19,-1.000,sl,15.50
2023-06-14 13:30,2023-06-14 15:30,sell,1948.23,1951.82,1941.04,1951.82,-1.000,sl,2.00
2023-06-14 22:15,2023-06-15 14:30,sell,1943.80,1951.31,1928.78,1928.78,2.000,tp,15.25
2023-06-15 14:30,2023-06-15 15:45,sell,1929.08,1933.71,1919.81,1933.71,-1.000,sl,1.25
2023-06-19 17:00,2023-06-20 01:15,sell,1950.70,1953.64,1944.82,1953.64,-1.000,sl,4.75
2023-06-20 03:15,2023-06-20 04:45,sell,1950.55,1952.87,1945.92,1945.92,2.000,tp,1.50
2023-06-20 13:00,2023-06-20 15:45,sell,1951.49,1955.03,1944.41,1944.41,2.000,tp,2.75
2023-06-20 20:15,2023-06-21 15:30,sell,1936.33,1941.47,1926.04,1926.04,2.000,tp,18.25
2023-06-21 16:00,2023-06-21 17:30,sell,1926.81,1932.29,1915.85,1932.29,-1.000,sl,1.50
2023-06-21 22:30,2023-06-22 11:30,sell,1933.58,1937.15,1926.44,1926.44,2.000,tp,12.00
2023-06-22 11:30,2023-06-22 12:30,sell,1924.86,1929.26,1916.06,1929.26,-1.000,sl,1.00
2023-06-22 17:45,2023-06-23 15:15,sell,1915.15,1923.10,1899.24,1923.10,-1.000,sl,20.50
2023-06-23 19:30,2023-06-26 01:00,sell,1918.40,1924.75,1905.69,1924.75,-1.000,sl,4.50
2023-06-27 17:45,2023-06-28 18:45,sell,1917.00,1925.00,1901.01,1910.83,0.772,time,24.00
2023-06-28 22:00,2023-06-29 05:45,sell,1910.44,1913.31,1904.71,1904.71,2.000,tp,6.75
2023-06-29 05:45,2023-06-29 10:30,sell,1904.31,1907.25,1898.44,1907.25,-1.000,sl,4.75
2023-06-29 12:00,2023-06-29 13:30,sell,1904.74,1908.28,1897.66,1908.28,-1.000,sl,1.50
2023-06-29 20:45,2023-06-30 15:30,sell,1907.76,1912.39,1898.50,1912.39,-1.000,sl,17.75
2023-07-05 23:45,2023-07-06 04:00,sell,1914.96,1917.90,1909.08,1917.90,-1.000,sl,3.25
2023-07-06 06:45,2023-07-06 08:15,sell,1917.86,1919.88,1913.83,1919.88,-1.000,sl,1.50
2023-07-06 12:45,2023-07-06 13:15,sell,1917.09,1919.99,1911.29,1919.99,-1.000,sl,0.50
2023-07-06 19:15,2023-07-07 13:30,sell,1909.24,1917.32,1893.07,1917.32,-1.000,sl,17.25
2023-07-26 05:45,2023-07-26 09:15,buy,1964.31,1961.89,1969.15,1969.15,2.000,tp,3.50
2023-07-26 13:45,2023-07-26 16:15,buy,1971.98,1969.46,1977.02,1969.46,-1.000,sl,2.50
2023-07-26 20:30,2023-07-26 21:00,buy,1970.54,1966.33,1978.95,1966.33,-1.000,sl,0.50
2023-07-27 03:45,2023-07-27 04:45,buy,1972.65,1970.40,1977.16,1977.16,2.000,tp,1.00
2023-07-27 10:00,2023-07-27 12:00,buy,1978.53,1975.10,1985.39,1975.10,-1.000,sl,2.00
2023-08-03 23:45,2023-08-04 01:15,sell,1933.73,1935.54,1930.12,1935.54,-1.000,sl,0.50
2023-08-04 06:45,2023-08-04 15:30,sell,1934.96,1937.99,1928.89,1937.99,-1.000,sl,8.75
2023-08-07 12:30,2023-08-07 15:45,sell,1934.67,1937.77,1928.47,1937.77,-1.000,sl,3.25
2023-08-07 18:45,2023-08-07 22:00,sell,1932.31,1937.20,1922.53,1937.20,-1.000,sl,3.25
2023-08-08 01:45,2023-08-08 02:00,sell,1935.73,1937.56,1932.08,1937.56,-1.000,sl,0.25
2023-08-08 08:15,2023-08-08 12:00,sell,1933.05,1935.51,1928.14,1935.51,-1.000,sl,3.75
2023-08-08 14:30,2023-08-09 15:30,sell,1929.80,1933.67,1922.05,1923.97,1.505,time,24.00
2023-08-09 16:45,2023-08-09 17:00,sell,1922.61,1926.76,1914.30,1926.76,-1.000,sl,0.25
2023-08-09 22:45,2023-08-10 03:45,sell,1915.30,1917.44,1911.02,1917.44,-1.000,sl,4.00
2023-08-10 05:45,2023-08-10 06:45,sell,1916.82,1919.08,1912.31,1919.08,-1.000,sl,1.00
2023-08-10 17:00,2023-08-11 18:00,sell,1917.25,1924.06,1903.63,1917.80,-0.081,time,24.00
2023-08-11 18:15,2023-08-14 16:30,sell,1915.67,1921.25,1904.51,1904.51,2.000,tp,21.25
2023-08-14 20:45,2023-08-15 11:15,sell,1910.05,1913.49,1903.17,1903.17,2.000,tp,13.50
2023-08-15 13:00,2023-08-15 15:30,sell,1903.89,1906.34,1898.99,1898.99,2.000,tp,2.50
2023-08-15 19:15,2023-08-16 20:15,sell,1904.85,1910.96,1892.64,1897.79,1.156,time,24.00
2023-08-16 20:15,2023-08-17 04:15,sell,1897.54,1901.04,1890.54,1890.54,2.000,tp,7.00
2023-08-17 06:00,2023-08-17 09:30,sell,1892.61,1895.11,1887.61,1895.11,-1.000,sl,3.50
2023-08-17 16:45,2023-08-17 20:30,sell,1895.73,1900.97,1885.25,1885.25,2.000,tp,3.75
2023-08-17 23:30,2023-08-18 02:45,sell,1888.29,1890.90,1883.08,1890.90,-1.000,sl,2.25
2023-08-18 07:15,2023-08-18 13:00,sell,1891.91,1894.45,1886.82,1894.45,-1.000,sl,5.75
2023-08-18 15:15,2023-08-18 16:00,sell,1889.75,1892.61,1884.02,1892.61,-1.000,sl,0.75
2023-08-18 22:00,2023-08-21 01:00,sell,1887.47,1890.12,1882.18,1890.12,-1.000,sl,2.00
2023-08-21 08:30,2023-08-21 14:30,sell,1888.86,1892.38,1881.82,1892.38,-1.000,sl,6.00
2023-08-21 16:45,2023-08-21 20:30,sell,1889.83,1894.87,1879.76,1894.87,-1.000,sl,3.75
2023-09-07 07:30,2023-09-07 12:30,sell,1918.19,1920.15,1914.27,1920.15,-1.000,sl,5.00
2023-09-07 15:30,2023-09-07 15:45,sell,1918.31,1921.19,1912.55,1921.19,-1.000,sl,0.25
2023-09-07 22:30,2023-09-08 03:00,sell,1919.17,1920.90,1915.72,1920.90,-1.000,sl,3.50
2023-09-08 15:45,2023-09-08 16:30,sell,1920.21,1923.07,1914.50,1923.07,-1.000,sl,0.75
2023-09-08 21:45,2023-09-11 01:00,sell,1918.37,1920.42,1914.26,1920.42,-1.000,sl,2.25
2023-09-12 07:45,2023-09-12 13:30,sell,1922.03,1924.06,1917.97,1917.97,2.000,tp,5.75
2023-09-12 14:00,2023-09-12 15:15,sell,1914.66,1916.98,1910.02,1910.02,2.000,tp,1.25
2023-09-12 22:30,2023-09-13 06:15,sell,1912.53,1914.59,1908.41,1908.41,2.000,tp,6.75
2023-09-13 06:15,2023-09-13 07:15,sell,1908.28,1910.42,1904.01,1910.42,-1.000,sl,1.00
2023-09-13 15:00,2023-09-13 15:15,sell,1910.52,1912.59,1906.38,1912.59,-1.000,sl,0.25
2023-09-13 21:30,2023-09-14 03:30,sell,1908.94,1911.64,1903.55,1911.64,-1.000,sl,5.00
2023-09-14 05:00,2023-09-14 15:30,sell,1909.47,1911.68,1905.05,1905.05,2.000,tp,10.50
2023-09-14 15:30,2023-09-14 15:45,sell,1902.68,1905.90,1896.24,1905.90,-1.000,sl,0.25
2023-09-14 21:45,2023-09-15 03:45,sell,1908.03,1911.35,1901.40,1911.35,-1.000,sl,5.00
2023-09-26 03:00,2023-09-26 05:00,sell,1915.90,1916.79,1914.12,1914.12,2.000,tp,2.00
2023-09-26 09:00,2023-09-26 10:00,sell,1913.23,1914.68,1910.34,1910.34,2.000,tp,1.00
2023-09-26 15:15,2023-09-26 16:30,sell,1910.50,1913.33,1904.84,1904.84,2.000,tp,1.25
2023-09-26 21:15,2023-09-27 04:30,sell,1899.68,1903.28,1892.47,1903.28,-1.000,sl,6.25
2023-09-27 05:15,2023-09-27 08:00,sell,1900.80,1902.95,1896.51,1896.51,2.000,tp,2.75
2023-09-27 11:15,2023-09-27 15:30,sell,1895.91,1899.01,1889.72,1889.72,2.000,tp,4.25
2023-09-28 02:30,2023-09-28 15:30,sell,1876.16,1878.34,1871.80,1878.34,-1.000,sl,13.00
2023-09-28 15:30,2023-09-28 17:30,sell,1874.37,1877.63,1867.84,1867.84,2.000,tp,2.00
2023-09-28 23:30,2023-09-29 08:45,sell,1864.61,1867.47,1858.89,1867.47,-1.000,sl,8.25
2023-09-29 14:00,2023-09-29 15:30,sell,1868.73,1871.40,1863.39,1871.40,-1.000,sl,1.50
2023-09-29 20:00,2023-10-02 12:00,sell,1851.08,1857.96,1837.32,1837.32,2.000,tp,15.00
2023-10-02 12:00,2023-10-02 17:00,sell,1838.06,1842.77,1828.64,1828.64,2.000,tp,5.00
2023-10-02 19:00,2023-10-03 05:30,sell,1831.02,1838.51,1816.04,1816.04,2.000,tp,9.50
2023-10-03 08:00,2023-10-03 09:15,sell,1819.39,1823.11,1811.95,1823.11,-1.000,sl,1.25
2023-10-03 14:00,2023-10-03 15:15,sell,1824.15,1828.17,1816.12,1828.17,-1.000,sl,1.25
2023-10-03 20:45,2023-10-04 15:15,sell,1823.32,1830.20,1809.55,1830.20,-1.000,sl,17.50
2023-10-04 16:15,2023-10-05 15:30,sell,1824.20,1829.26,1814.08,1814.08,2.000,tp,22.25
2023-10-05 15:30,2023-10-05 16:15,sell,1814.89,1819.13,1806.41,1819.13,-1.000,sl,0.75
2023-10-06 03:15,2023-10-06 03:45,sell,1820.15,1821.83,1816.79,1821.83,-1.000,sl,0.50
2023-10-06 09:15,2023-10-06 10:30,sell,1818.41,1820.13,1814.97,1820.13,-1.000,sl,1.25
2023-10-06 15:15,2023-10-06 15:30,sell,1819.44,1822.46,1813.41,1813.41,2.000,tp,0.25
2023-10-24 03:15,2023-10-24 03:45,buy,1975.27,1973.08,1979.64,1973.08,-1.000,sl,0.50
2023-10-25 04:45,2023-10-25 05:45,buy,1976.27,1973.30,1982.21,1973.30,-1.000,sl,1.00
2023-10-25 14:00,2023-10-25 16:45,buy,1974.12,1970.21,1981.95,1981.95,2.000,tp,2.75
2023-10-25 20:15,2023-10-26 17:15,buy,1984.27,1974.27,2004.28,1974.27,-1.000,sl,20.00
2023-10-26 19:00,2023-10-27 20:00,buy,1983.46,1975.09,2000.19,1984.58,0.134,time,24.00
2023-10-27 20:00,2023-10-27 20:45,buy,1984.83,1979.07,1996.36,1996.36,2.000,tp,0.75
2023-10-30 02:00,2023-10-30 07:45,buy,2004.54,1999.85,2013.91,1999.85,-1.000,sl,5.75
2023-10-30 11:45,2023-10-31 05:45,buy,1996.88,1991.94,2006.77,1991.94,-1.000,sl,17.00
2023-10-31 08:45,2023-10-31 14:15,buy,1995.15,1992.07,2001.31,2001.31,2.000,tp,5.50
2023-10-31 15:45,2023-10-31 17:00,buy,2002.75,1997.46,2013.34,1997.46,-1.000,sl,1.25
2023-11-03 10:45,2023-11-03 14:30,buy,1988.84,1985.44,1995.64,1995.64,2.000,tp,3.75
2023-11-03 17:00,2023-11-06 05:15,buy,1995.61,1985.18,2016.47,1985.18,-1.000,sl,10.25
2023-11-16 20:00,2023-11-17 19:15,buy,1984.94,1978.65,1997.53,1978.65,-1.000,sl,22.25
2023-11-20 03:00,2023-11-20 10:15,buy,1980.85,1977.29,1987.97,1977.29,-1.000,sl,7.25
2023-11-21 01:45,2023-11-21 02:45,buy,1981.46,1979.24,1985.89,1985.89,2.000,tp,1.00
2023-11-21 09:15,2023-11-21 10:45,buy,1992.46,1989.32,1998.75,1989.32,-1.000,sl,1.50
2023-11-21 15:15,2023-11-21 16:30,buy,1995.34,1991.17,2003.68,2003.68,2.000,tp,1.25
2023-11-22 01:15,2023-11-22 03:00,buy,1999.31,1996.81,2004.30,1996.81,-1.000,sl,1.75
2023-11-22 08:00,2023-11-22 10:00,buy,2000.06,1997.35,2005.48,2005.48,2.000,tp,2.00
2023-11-22 16:30,2023-11-22 17:00,buy,2002.10,1997.69,2010.91,1997.69,-1.000,sl,0.50
2023-11-23 03:45,2023-11-23 09:30,buy,1993.73,1991.49,1998.22,1998.22,2.000,tp,5.75
2023-11-24 05:45,2023-11-24 15:30,buy,1993.79,1991.32,1998.73,1998.73,2.000,tp,9.75
2023-11-24 15:30,2023-11-24 17:30,buy,2001.09,1997.57,2008.12,1997.57,-1.000,sl,2.00
2023-11-27 02:00,2023-11-27 03:15,buy,2003.77,2000.26,2010.80,2010.80,2.000,tp,1.25
2023-11-27 09:00,2023-11-27 18:30,buy,2011.04,2007.31,2018.50,2007.31,-1.000,sl,9.50
2023-11-27 20:00,2023-11-28 15:30,buy,2011.07,2005.90,2021.40,2021.40,2.000,tp,18.50
2023-11-28 15:30,2023-11-28 16:15,buy,2020.31,2016.77,2027.39,2027.39,2.000,tp,0.75
2023-11-29 06:45,2023-11-29 09:15,buy,2046.45,2043.01,2053.33,2043.01,-1.000,sl,2.50
2023-11-29 14:45,2023-11-29 15:30,buy,2041.57,2038.00,2048.70,2038.00,-1.000,sl,0.75
2023-11-30 01:00,2023-11-30 04:00,buy,2045.43,2042.95,2050.39,2042.95,-1.000,sl,3.00
2023-11-30 08:30,2023-11-30 10:30,buy,2044.54,2041.76,2050.10,2041.76,-1.000,sl,2.00
2023-11-30 15:00,2023-11-30 15:30,buy,2041.24,2037.44,2048.84,2037.44,-1.000,sl,0.50
2023-12-01 02:00,2023-12-01 05:45,buy,2041.37,2038.78,2046.54,2038.78,-1.000,sl,3.75
2023-12-01 10:15,2023-12-01 10:45,buy,2040.93,2038.51,2045.78,2045.78,2.000,tp,0.50
2023-12-01 16:45,2023-12-01 18:00,buy,2042.66,2037.20,2053.58,2053.58,2.000,tp,1.25
2023-12-04 04:45,2023-12-04 09:30,buy,2088.37,2068.68,2127.75,2068.68,-1.000,sl,4.75
2023-12-08 06:45,2023-12-08 10:00,buy,2031.71,2028.79,2037.56,2028.79,-1.000,sl,3.25
2023-12-14 23:45,2023-12-15 02:15,buy,2036.45,2033.17,2043.01,2033.17,-1.000,sl,1.50
2023-12-15 09:00,2023-12-15 11:00,buy,2037.00,2033.95,2043.09,2043.09,2.000,tp,2.00
2023-12-18 19:45,2023-12-18 20:00,buy,2033.66,2027.81,2045.35,2027.81,-1.000,sl,0.25
2023-12-19 13:00,2023-12-19 16:30,buy,2026.80,2023.63,2033.14,2033.14,2.000,tp,3.50
2023-12-19 20:45,2023-12-20 13:00,buy,2039.37,2034.28,2049.56,2034.28,-1.000,sl,15.25
2023-12-20 15:45,2023-12-20 17:15,buy,2036.73,2031.57,2047.05,2031.57,-1.000,sl,1.50
2023-12-21 03:30,2023-12-21 15:30,buy,2035.18,2032.07,2041.41,2032.07,-1.000,sl,12.00
2023-12-21 15:30,2023-12-21 16:00,buy,2043.39,2037.78,2054.62,2037.78,-1.000,sl,0.50
2023-12-21 21:30,2023-12-22 01:45,buy,2044.89,2040.10,2054.47,2054.47,2.000,tp,3.25
2023-12-22 06:00,2023-12-22 13:00,buy,2049.65,2045.65,2057.65,2057.65,2.000,tp,7.00
2023-12-22 13:00,2023-12-22 14:15,buy,2057.92,2054.66,2064.44,2064.44,2.000,tp,1.25
2023-12-26 02:45,2023-12-26 03:45,buy,2055.21,2052.44,2060.75,2060.75,2.000,tp,1.00
2023-12-26 09:30,2023-12-26 10:45,buy,2064.75,2062.16,2069.94,2062.16,-1.000,sl,1.25
2023-12-26 21:00,2023-12-26 22:30,buy,2059.61,2056.54,2065.74,2065.74,2.000,tp,1.50
2023-12-27 05:15,2023-12-27 12:30,buy,2066.50,2063.49,2072.53,2063.49,-1.000,sl,7.25
2023-12-27 13:15,2023-12-27 17:15,buy,2067.59,2063.90,2074.97,2074.97,2.000,tp,4.00
2023-12-27 19:30,2023-12-28 11:00,buy,2081.80,2075.33,2094.74,2075.33,-1.000,sl,14.50
2023-12-28 16:45,2023-12-28 18:45,buy,2079.27,2073.09,2091.63,2073.09,-1.000,sl,2.00
2023-12-29 07:45,2023-12-29 10:45,buy,2072.37,2069.63,2077.85,2069.63,-1.000,sl,3.00
2024-01-02 12:30,2024-01-02 13:30,buy,2075.99,2071.26,2085.44,2071.26,-1.000,sl,1.00
2024-01-15 15:00,2024-01-15 17:00,buy,2053.82,2051.11,2059.24,2051.11,-1.000,sl,2.00
2024-01-15 21:15,2024-01-16 02:15,buy,2054.84,2052.47,2059.59,2052.47,-1.000,sl,1.75
2024-01-16 08:45,2024-01-16 10:00,buy,2050.75,2047.86,2056.54,2047.86,-1.000,sl,1.25
2024-01-30 08:00,2024-01-30 13:15,buy,2035.41,2032.80,2040.63,2032.80,-1.000,sl,5.25
2024-01-30 14:15,2024-01-30 16:00,buy,2035.70,2032.14,2042.83,2042.83,2.000,tp,1.75
2024-01-30 21:00,2024-01-31 15:30,buy,2034.81,2031.26,2041.92,2041.92,2.000,tp,17.50
2024-01-31 15:30,2024-01-31 16:30,buy,2041.13,2037.46,2048.47,2048.47,2.000,tp,1.00
2024-01-31 21:30,2024-01-31 22:00,buy,2049.14,2042.26,2062.91,2042.26,-1.000,sl,0.50
2024-02-01 06:30,2024-02-01 08:15,buy,2046.50,2042.94,2053.61,2042.94,-1.000,sl,1.75
2024-02-01 16:00,2024-02-01 18:15,buy,2045.96,2038.69,2060.50,2060.50,2.000,tp,2.25
2024-02-01 22:30,2024-02-02 15:30,buy,2055.45,2048.65,2069.05,2048.65,-1.000,sl,16.00
2024-02-07 16:30,2024-02-07 19:00,buy,2040.69,2035.32,2051.43,2035.32,-1.000,sl,2.50
2024-02-08 01:00,2024-02-08 05:15,buy,2036.29,2034.08,2040.72,2034.08,-1.000,sl,4.25
2024-02-08 11:45,2024-02-08 13:15,buy,2035.68,2031.90,2043.24,2031.90,-1.000,sl,1.50
2024-02-21 03:15,2024-02-21 04:45,buy,2025.56,2023.79,2029.11,2029.11,2.000,tp,1.50
2024-02-21 12:15,2024-02-21 17:45,buy,2028.78,2026.06,2034.21,2026.06,-1.000,sl,5.50
2024-02-21 22:30,2024-02-22 10:00,buy,2026.06,2021.86,2034.47,2034.47,2.000,tp,10.50
2024-02-22 10:00,2024-02-22 11:15,buy,2034.14,2031.19,2040.03,2031.19,-1.000,sl,1.25
2024-02-23 06:00,2024-02-23 07:30,buy,2026.58,2023.98,2031.79,2023.98,-1.000,sl,1.50
2024-02-23 17:45,2024-02-26 17:30,buy,2030.51,2025.03,2041.48,2025.03,-1.000,sl,22.75
2024-02-26 21:45,2024-02-27 09:30,buy,2029.93,2026.92,2035.94,2035.94,2.000,tp,10.75
2024-02-27 09:30,2024-02-27 16:00,buy,2036.23,2034.19,2040.31,2034.19,-1.000,sl,6.50
2024-02-27 16:15,2024-02-27 17:30,buy,2036.78,2033.36,2043.63,2033.36,-1.000,sl,1.25
2024-02-28 03:45,2024-02-28 04:30,buy,2033.66,2031.53,2037.92,2031.53,-1.000,sl,0.75
2024-02-28 23:30,2024-02-29 12:15,buy,2034.90,2032.61,2039.48,2032.61,-1.000,sl,11.75
2024-02-29 15:45,2024-03-01 10:15,buy,2047.77,2042.37,2058.57,2042.37,-1.000,sl,17.50
2024-03-01 11:15,2024-03-01 12:30,buy,2044.85,2040.53,2053.48,2053.48,2.000,tp,1.25
2024-03-01 17:15,2024-03-01 18:30,buy,2064.01,2056.75,2078.52,2078.52,2.000,tp,1.25
2024-03-04 04:30,2024-03-04 05:00,buy,2083.51,2080.37,2089.78,2080.37,-1.000,sl,0.50
2024-03-04 11:30,2024-03-04 13:30,buy,2086.10,2082.35,2093.60,2082.35,-1.000,sl,2.00
2024-03-04 17:45,2024-03-05 12:00,buy,2109.43,2101.43,2125.43,2125.43,2.000,tp,17.25
2024-03-05 12:00,2024-03-05 14:15,buy,2126.97,2121.39,2138.13,2121.39,-1.000,sl,2.25
2024-03-05 19:00,2024-03-06 16:45,buy,2128.93,2120.51,2145.78,2145.78,2.000,tp,20.75
2024-03-06 18:00,2024-03-07 19:00,buy,2145.95,2135.76,2166.32,2158.27,1.209,time,24.00
2024-03-07 19:00,2024-03-08 15:30,buy,2158.52,2148.90,2177.77,2177.77,2.000,tp,19.50
2024-03-08 15:30,2024-03-08 15:45,buy,2180.97,2172.66,2197.59,2172.66,-1.000,sl,0.25
2024-03-08 21:30,2024-03-11 21:30,buy,2177.81,2166.71,2200.00,2181.97,0.375,time,24.00
2024-03-11 22:15,2024-03-12 05:00,buy,2182.23,2178.15,2190.39,2178.15,-1.000,sl,5.75
2024-03-12 10:45,2024-03-12 13:00,buy,2177.99,2174.09,2185.80,2174.09,-1.000,sl,2.25
2024-03-14 00:30,2024-03-14 04:45,buy,2175.63,2172.93,2181.02,2172.93,-1.000,sl,4.25
2024-03-14 11:30,2024-03-14 12:00,buy,2171.81,2168.90,2177.64,2168.90,-1.000,sl,0.50
2024-03-20 20:45,2024-03-21 00:15,buy,2182.08,2172.27,2201.70,2201.70,2.000,tp,2.50
2024-03-21 11:15,2024-03-21 15:30,buy,2204.94,2198.42,2217.98,2198.42,-1.000,sl,4.25
2024-03-22 00:00,2024-03-22 03:30,buy,2182.70,2179.84,2188.42,2179.84,-1.000,sl,3.50
2024-03-26 11:00,2024-03-26 11:30,buy,2184.06,2179.64,2192.91,2192.91,2.000,tp,0.50
2024-03-26 22:45,2024-03-27 03:30,buy,2178.88,2175.93,2184.78,2175.93,-1.000,sl,3.75
2024-03-27 06:00,2024-03-27 11:30,buy,2179.35,2174.44,2189.17,2189.17,2.000,tp,5.50
2024-03-27 12:15,2024-03-27 14:00,buy,2193.09,2185.99,2207.28,2185.99,-1.000,sl,1.75
2024-03-27 20:30,2024-03-28 02:00,buy,2191.14,2187.29,2198.85,2187.29,-1.000,sl,4.50
2024-03-28 04:00,2024-03-28 07:45,buy,2191.50,2187.64,2199.23,2199.23,2.000,tp,3.75
2024-03-28 10:30,2024-03-28 12:15,buy,2196.51,2191.42,2206.68,2206.68,2.000,tp,1.75
2024-03-28 16:30,2024-03-28 22:45,buy,2212.11,2201.06,2234.20,2234.20,2.000,tp,6.25
2024-04-01 15:30,2024-04-01 16:45,buy,2252.38,2245.17,2266.80,2245.17,-1.000,sl,1.25
2024-04-01 22:00,2024-04-01 23:45,buy,2241.02,2236.07,2250.91,2250.91,2.000,tp,1.75
2024-04-02 05:30,2024-04-02 11:00,buy,2251.31,2246.37,2261.19,2261.19,2.000,tp,5.50
2024-04-02 12:15,2024-04-02 13:00,buy,2263.27,2258.15,2273.52,2258.15,-1.000,sl,0.75
2024-04-02 20:30,2024-04-03 01:15,buy,2263.04,2252.57,2283.98,2283.98,2.000,tp,3.75
2024-04-03 04:30,2024-04-03 10:15,buy,2282.49,2274.50,2298.47,2274.50,-1.000,sl,5.75
2024-04-03 14:45,2024-04-03 15:15,buy,2273.98,2267.75,2286.44,2267.75,-1.000,sl,0.50
2024-04-03 20:45,2024-04-04 15:00,buy,2295.23,2285.23,2315.24,2285.23,-1.000,sl,17.25
2024-04-04 17:00,2024-04-04 22:45,buy,2292.43,2284.26,2308.78,2284.26,-1.000,sl,5.75
2024-04-05 10:45,2024-04-05 15:30,buy,2289.37,2283.26,2301.59,2283.26,-1.000,sl,4.75
2024-04-05 16:45,2024-04-05 17:30,buy,2300.05,2289.61,2320.93,2320.93,2.000,tp,0.75
2024-04-05 23:15,2024-04-08 01:00,buy,2324.90,2319.44,2335.81,2319.44,-1.000,sl,0.75
2024-04-08 06:45,2024-04-08 15:15,buy,2345.75,2331.07,2375.11,2331.07,-1.000,sl,8.50
2024-04-08 20:15,2024-04-09 10:00,buy,2332.38,2323.64,2349.87,2349.87,2.000,tp,12.75
2024-04-09 10:00,2024-04-09 12:15,buy,2355.01,2349.89,2365.26,2365.26,2.000,tp,2.25
2024-04-09 16:30,2024-04-09 17:30,buy,2354.79,2345.62,2373.14,2345.62,-1.000,sl,1.00
2024-04-09 22:30,2024-04-10 15:30,buy,2349.61,2343.30,2362.23,2343.30,-1.000,sl,16.00
2024-04-11 07:00,2024-04-11 08:45,buy,2346.11,2340.57,2357.19,2340.57,-1.000,sl,1.75
2024-04-11 19:45,2024-04-11 22:30,buy,2350.02,2340.74,2368.58,2368.58,2.000,tp,2.75
2024-04-12 07:15,2024-04-12 16:45,buy,2385.42,2375.72,2404.83,2404.83,2.000,tp,9.50
2024-04-12 17:00,2024-04-12 18:15,buy,2414.32,2403.14,2436.69,2403.14,-1.000,sl,1.25
2024-04-15 22:45,2024-04-16 09:30,buy,2386.58,2373.94,2411.87,2373.94,-1.000,sl,9.75
2024-04-16 13:00,2024-04-16 16:45,buy,2374.74,2367.34,2389.53,2367.34,-1.000,sl,3.75
2024-04-16 19:30,2024-04-17 08:30,buy,2392.55,2376.61,2424.43,2376.61,-1.000,sl,12.00
2024-04-17 09:45,2024-04-17 11:45,buy,2381.30,2375.94,2392.01,2392.01,2.000,tp,2.00
2024-04-17 16:00,2024-04-17 19:15,buy,2387.57,2380.28,2402.15,2380.28,-1.000,sl,3.25
2024-04-18 14:30,2024-04-18 16:30,buy,2382.78,2377.95,2392.45,2377.95,-1.000,sl,2.00
2024-04-18 20:45,2024-04-19 03:00,buy,2385.04,2375.70,2403.72,2375.70,-1.000,sl,5.25
2024-04-19 03:45,2024-04-19 04:00,buy,2379.69,2375.97,2387.12,2387.12,2.000,tp,0.25
2024-04-19 09:45,2024-04-19 11:00,buy,2390.19,2379.83,2410.91,2379.83,-1.000,sl,1.25
2024-04-19 17:45,2024-04-22 04:15,buy,2391.38,2380.14,2413.87,2380.14,-1.000,sl,9.50
2024-05-10 05:45,2024-05-10 09:00,buy,2349.72,2344.35,2360.46,2360.46,2.000,tp,3.25
2024-05-10 19:45,2024-05-13 04:00,buy,2368.48,2358.76,2387.92,2358.76,-1.000,sl,7.25
2024-05-14 19:30,2024-05-15 11:30,buy,2352.42,2343.97,2369.32,2369.32,2.000,tp,15.00
2024-05-15 11:30,2024-05-15 13:30,buy,2372.50,2367.54,2382.43,2367.54,-1.000,sl,2.00
2024-05-15 17:30,2024-05-16 18:30,buy,2370.45,2356.92,2397.51,2381.99,0.853,time,24.00
2024-05-16 18:30,2024-05-17 16:00,buy,2382.24,2372.13,2402.46,2402.46,2.000,tp,20.50
2024-05-17 16:00,2024-05-17 16:30,buy,2403.13,2396.74,2415.91,2396.74,-1.000,sl,0.50
2024-05-20 03:30,2024-05-20 08:15,buy,2424.26,2416.09,2440.61,2440.61,2.000,tp,4.75
2024-05-20 10:00,2024-05-20 14:15,buy,2441.92,2432.63,2460.50,2432.63,-1.000,sl,4.25
2024-05-20 18:00,2024-05-21 06:15,buy,2424.99,2410.42,2454.12,2410.42,-1.000,sl,11.25
2024-05-21 11:45,2024-05-22 11:15,buy,2419.07,2411.17,2434.87,2411.17,-1.000,sl,22.50
2024-06-06 21:30,2024-06-07 07:30,buy,2373.06,2366.20,2386.78,2386.78,2.000,tp,9.00
2024-06-07 07:30,2024-06-07 08:30,buy,2385.99,2379.77,2398.43,2379.77,-1.000,sl,1.00
2024-06-20 03:45,2024-06-20 04:30,buy,2330.01,2327.56,2334.92,2334.92,2.000,tp,0.75
2024-06-20 13:15,2024-06-20 16:45,buy,2337.62,2332.58,2347.70,2347.70,2.000,tp,3.50
2024-06-20 20:45,2024-06-21 16:30,buy,2357.67,2349.53,2373.96,2349.53,-1.000,sl,18.75
2024-07-02 04:30,2024-07-02 06:00,buy,2332.90,2330.60,2337.50,2330.60,-1.000,sl,1.50
2024-07-02 10:45,2024-07-02 12:45,buy,2331.04,2326.49,2340.14,2326.49,-1.000,sl,2.00
2024-07-02 16:45,2024-07-02 17:00,buy,2334.60,2327.79,2348.21,2327.79,-1.000,sl,0.25
2024-07-03 01:00,2024-07-03 05:45,buy,2330.82,2327.90,2336.67,2327.90,-1.000,sl,4.75
2024-07-03 07:00,2024-07-03 09:45,buy,2332.96,2329.48,2339.93,2339.93,2.000,tp,2.75
2024-07-03 13:30,2024-07-03 17:00,buy,2348.30,2342.47,2359.97,2359.97,2.000,tp,3.50
2024-07-03 20:15,2024-07-04 09:30,buy,2360.74,2352.77,2376.69,2352.77,-1.000,sl,12.25
2024-07-04 10:30,2024-07-05 09:00,buy,2357.39,2353.15,2365.87,2365.87,2.000,tp,19.25
2024-07-05 09:00,2024-07-05 10:15,buy,2365.86,2362.62,2372.34,2362.62,-1.000,sl,1.25
2024-07-05 15:00,2024-07-05 15:30,buy,2367.26,2363.15,2375.47,2363.15,-1.000,sl,0.50
2024-07-05 21:00,2024-07-08 06:45,buy,2387.76,2381.24,2400.80,2381.24,-1.000,sl,8.75
2024-07-08 07:45,2024-07-08 09:00,buy,2385.22,2381.21,2393.24,2381.21,-1.000,sl,1.25
2024-07-08 14:45,2024-07-08 15:30,buy,2375.64,2370.61,2385.69,2370.61,-1.000,sl,0.75
2024-07-10 09:45,2024-07-10 15:00,buy,2372.17,2368.82,2378.87,2378.87,2.000,tp,5.25
2024-07-10 16:15,2024-07-10 17:30,buy,2380.80,2376.31,2389.78,2376.31,-1.000,sl,1.25
2024-07-11 02:45,2024-07-11 05:30,buy,2373.10,2371.25,2376.80,2376.80,2.000,tp,2.75
2024-07-11 09:45,2024-07-11 15:30,buy,2382.11,2378.70,2388.93,2388.93,2.000,tp,5.75
2024-07-11 17:00,2024-07-12 15:30,buy,2410.80,2397.50,2437.40,2397.50,-1.000,sl,21.50
2024-07-12 16:00,2024-07-15 14:15,buy,2404.13,2396.55,2419.29,2419.29,2.000,tp,21.25
2024-07-15 15:00,2024-07-15 15:30,buy,2420.33,2415.09,2430.82,2415.09,-1.000,sl,0.50
2024-07-16 02:45,2024-07-16 03:00,buy,2422.83,2420.73,2427.03,2420.73,-1.000,sl,0.25
2024-07-16 09:30,2024-07-16 12:30,buy,2432.71,2427.88,2442.37,2442.37,2.000,tp,3.00
2024-07-16 16:15,2024-07-16 17:45,buy,2438.40,2430.66,2453.88,2453.88,2.000,tp,1.50
2024-07-16 22:30,2024-07-17 04:30,buy,2467.02,2461.21,2478.64,2478.64,2.000,tp,5.00
2024-07-17 10:30,2024-07-17 17:00,buy,2471.12,2464.41,2484.55,2464.41,-1.000,sl,6.50
2024-07-18 02:00,2024-07-18 03:00,buy,2460.99,2458.04,2466.89,2458.04,-1.000,sl,1.00
2024-07-18 08:00,2024-07-18 13:00,buy,2469.05,2464.07,2479.01,2464.07,-1.000,sl,5.00
2024-07-18 16:45,2024-07-18 19:00,buy,2465.24,2458.17,2479.39,2458.17,-1.000,sl,2.25
2024-07-31 16:30,2024-07-31 22:15,buy,2424.82,2418.67,2437.13,2437.13,2.000,tp,5.75
2024-07-31 22:30,2024-08-01 05:45,buy,2447.63,2438.27,2466.34,2438.27,-1.000,sl,6.25
2024-08-01 07:15,2024-08-01 11:15,buy,2445.92,2437.28,2463.21,2437.28,-1.000,sl,4.00
2024-08-01 14:15,2024-08-01 15:30,buy,2438.89,2432.96,2450.74,2450.74,2.000,tp,1.25
2024-08-01 22:15,2024-08-02 04:15,buy,2443.38,2435.63,2458.88,2435.63,-1.000,sl,5.00
2024-08-02 05:45,2024-08-02 15:30,buy,2455.74,2446.04,2475.15,2475.15,2.000,tp,9.75
2024-08-02 15:30,2024-08-02 16:00,buy,2471.05,2462.49,2488.17,2462.49,-1.000,sl,0.50
2024-08-05 05:45,2024-08-05 09:15,buy,2442.98,2426.04,2476.85,2426.04,-1.000,sl,3.50
2024-08-09 15:45,2024-08-09 16:30,buy,2429.81,2424.26,2440.91,2424.26,-1.000,sl,0.75
2024-08-09 23:00,2024-08-12 04:45,buy,2430.50,2426.09,2439.31,2426.09,-1.000,sl,4.75
2024-08-12 06:45,2024-08-12 10:00,buy,2428.74,2424.33,2437.56,2437.56,2.000,tp,3.25
2024-08-12 13:30,2024-08-12 14:30,buy,2444.71,2439.83,2454.47,2439.83,-1.000,sl,1.00
2024-08-12 20:30,2024-08-13 08:00,buy,2467.98,2459.60,2484.75,2459.60,-1.000,sl,10.50
2024-08-13 09:30,2024-08-13 16:45,buy,2463.66,2458.64,2473.69,2473.69,2.000,tp,7.25
2024-08-13 17:45,2024-08-14 05:00,buy,2471.53,2461.85,2490.88,2461.85,-1.000,sl,10.25
2024-08-14 09:15,2024-08-14 11:30,buy,2466.38,2462.09,2474.97,2474.97,2.000,tp,2.25
2024-08-16 10:45,2024-08-16 14:45,buy,2462.11,2457.11,2472.10,2472.10,2.000,tp,4.00
2024-08-16 17:45,2024-08-19 18:45,buy,2487.36,2472.24,2517.61,2503.88,1.092,time,24.00
2024-08-19 19:00,2024-08-20 12:15,buy,2505.34,2495.72,2524.58,2524.58,2.000,tp,16.25
2024-08-20 12:15,2024-08-20 18:00,buy,2524.80,2515.71,2542.97,2515.71,-1.000,sl,5.75
2024-08-20 21:15,2024-08-21 16:30,buy,2514.37,2504.02,2535.07,2504.02,-1.000,sl,18.25
2024-08-21 21:00,2024-08-22 04:30,buy,2516.00,2508.38,2531.23,2508.38,-1.000,sl,6.50
2024-08-23 20:00,2024-08-26 21:00,buy,2511.59,2496.61,2541.55,2518.56,0.465,time,24.00
2024-08-26 21:00,2024-08-27 03:45,buy,2518.81,2512.95,2530.53,2512.95,-1.000,sl,5.75
2024-08-27 08:45,2024-08-27 10:30,buy,2513.72,2509.47,2522.22,2509.47,-1.000,sl,1.75
2024-08-27 15:00,2024-08-27 15:30,buy,2513.19,2508.07,2523.43,2508.07,-1.000,sl,0.50
2024-08-27 21:00,2024-08-28 05:30,buy,2521.15,2515.42,2532.61,2515.42,-1.000,sl,7.50
2024-08-29 08:45,2024-08-29 15:15,buy,2518.96,2514.84,2527.21,2514.84,-1.000,sl,6.50
2024-08-29 16:45,2024-08-30 17:30,buy,2516.96,2508.62,2533.65,2508.62,-1.000,sl,23.75
2024-09-05 23:45,2024-09-06 04:30,buy,2516.88,2514.17,2522.29,2514.17,-1.000,sl,3.75
2024-09-06 06:45,2024-09-06 14:45,buy,2518.39,2515.25,2524.67,2515.25,-1.000,sl,8.00
2024-09-06 15:30,2024-09-06 16:00,buy,2524.97,2517.50,2539.91,2517.50,-1.000,sl,0.50
2024-09-10 15:45,2024-09-10 16:30,buy,2513.96,2509.17,2523.55,2509.17,-1.000,sl,0.75
2024-09-10 22:00,2024-09-11 09:00,buy,2517.20,2513.10,2525.41,2525.41,2.000,tp,10.00
2024-09-11 09:00,2024-09-11 10:45,buy,2525.11,2521.55,2532.22,2521.55,-1.000,sl,1.75
2024-09-11 19:00,2024-09-12 16:00,buy,2515.74,2505.37,2536.47,2536.47,2.000,tp,20.00
2024-09-12 16:00,2024-09-12 21:45,buy,2538.26,2528.24,2558.31,2558.31,2.000,tp,5.75
2024-09-13 09:15,2024-09-13 16:00,buy,2567.81,2563.24,2576.95,2576.95,2.000,tp,6.75
2024-09-13 16:00,2024-09-16 06:00,buy,2576.63,2570.58,2588.73,2588.73,2.000,tp,13.00
2024-09-16 08:15,2024-09-16 10:00,buy,2587.68,2584.08,2594.88,2584.08,-1.000,sl,1.75
2024-09-16 15:45,2024-09-16 17:30,buy,2583.59,2577.39,2595.98,2577.39,-1.000,sl,1.75
2024-09-16 22:30,2024-09-17 04:15,buy,2581.87,2578.53,2588.55,2578.53,-1.000,sl,4.75
2024-09-17 08:45,2024-09-17 12:15,buy,2579.52,2574.96,2588.63,2574.96,-1.000,sl,3.50
2024-09-17 14:45,2024-09-17 15:30,buy,2579.93,2573.42,2592.94,2573.42,-1.000,sl,0.75
2024-09-18 06:15,2024-09-18 07:30,buy,2575.78,2571.18,2584.97,2571.18,-1.000,sl,1.25
2024-09-18 15:45,2024-09-18 16:45,buy,2576.39,2571.13,2586.91,2571.13,-1.000,sl,1.00
2024-09-19 17:30,2024-09-20 09:45,buy,2583.32,2572.49,2604.99,2604.99,2.000,tp,15.25
2024-09-20 09:45,2024-09-20 14:30,buy,2605.60,2600.81,2615.18,2615.18,2.000,tp,4.75
2024-09-20 17:15,2024-09-23 16:45,buy,2613.60,2604.42,2631.95,2631.95,2.000,tp,22.50
2024-09-23 16:45,2024-09-24 03:00,buy,2632.06,2625.01,2646.16,2625.01,-1.000,sl,9.25
2024-09-24 04:00,2024-09-24 06:30,buy,2629.19,2626.40,2634.77,2634.77,2.000,tp,2.50
2024-09-24 11:30,2024-09-24 17:45,buy,2629.53,2622.17,2644.26,2644.26,2.000,tp,6.25
2024-09-24 17:45,2024-09-24 22:30,buy,2643.69,2633.45,2664.16,2664.16,2.000,tp,4.75
2024-09-25 02:30,2024-09-25 05:45,buy,2658.77,2654.24,2667.84,2667.84,2.000,tp,3.25
2024-09-25 12:30,2024-09-25 17:00,buy,2656.51,2651.18,2667.16,2667.16,2.000,tp,4.50
2024-09-25 20:15,2024-09-26 14:00,buy,2660.64,2651.94,2678.04,2678.04,2.000,tp,16.75
2024-09-26 14:00,2024-09-26 15:30,buy,2678.48,2672.30,2690.85,2672.30,-1.000,sl,1.50
2024-09-26 20:00,2024-09-27 10:30,buy,2671.41,2661.04,2692.15,2661.04,-1.000,sl,13.50
2024-09-27 14:00,2024-09-27 17:15,buy,2666.74,2661.72,2676.78,2661.72,-1.000,sl,3.25
2024-10-01 19:00,2024-10-02 08:15,buy,2664.87,2651.45,2691.71,2651.45,-1.000,sl,12.25
2024-10-02 10:45,2024-10-02 11:00,buy,2655.58,2649.56,2667.62,2649.56,-1.000,sl,0.25
2024-10-02 22:00,2024-10-03 08:30,buy,2656.75,2652.02,2666.21,2652.02,-1.000,sl,9.50
2024-10-04 02:00,2024-10-04 05:15,buy,2656.41,2654.05,2661.14,2661.14,2.000,tp,3.25
2024-10-04 08:00,2024-10-04 09:45,buy,2665.40,2661.69,2672.83,2661.69,-1.000,sl,1.75
2024-10-04 14:30,2024-10-04 15:00,buy,2661.39,2657.50,2669.17,2657.50,-1.000,sl,0.50
2024-10-14 05:30,2024-10-14 09:15,buy,2652.76,2647.29,2663.70,2663.70,2.000,tp,3.75
2024-10-14 12:00,2024-10-14 14:00,buy,2661.70,2655.41,2674.28,2655.41,-1.000,sl,2.00
2024-10-14 21:15,2024-10-14 23:45,buy,2650.59,2646.26,2659.24,2646.26,-1.000,sl,2.50
2024-10-15 04:15,2024-10-15 06:15,buy,2650.44,2647.38,2656.56,2647.38,-1.000,sl,2.00
2024-10-15 10:15,2024-10-15 14:45,buy,2652.32,2646.85,2663.27,2646.85,-1.000,sl,4.50
2024-10-15 16:15,2024-10-15 19:00,buy,2652.08,2645.48,2665.29,2665.29,2.000,tp,2.75
2024-10-15 22:15,2024-10-15 22:45,buy,2666.33,2661.31,2676.37,2661.31,-1.000,sl,0.50
2024-10-16 08:30,2024-10-16 09:15,buy,2668.59,2664.58,2676.62,2676.62,2.000,tp,0.75
2024-10-16 14:30,2024-10-16 16:45,buy,2679.65,2674.63,2689.68,2674.63,-1.000,sl,2.25
2024-10-16 22:45,2024-10-17 04:45,buy,2675.09,2671.14,2682.99,2682.99,2.000,tp,5.00
2024-10-17 07:45,2024-10-17 15:30,buy,2679.30,2673.64,2690.61,2673.64,-1.000,sl,7.75
2024-10-17 16:00,2024-10-18 04:00,buy,2682.56,2675.11,2697.46,2697.46,2.000,tp,11.00
2024-10-18 04:00,2024-10-18 04:30,buy,2697.61,2694.43,2703.98,2703.98,2.000,tp,0.50
2024-10-18 10:00,2024-10-18 10:30,buy,2709.36,2703.31,2721.45,2703.31,-1.000,sl,0.50
2024-10-18 16:30,2024-10-21 04:00,buy,2712.77,2704.89,2728.54,2728.54,2.000,tp,10.50
2024-10-21 04:00,2024-10-21 15:30,buy,2728.55,2723.32,2739.01,2739.01,2.000,tp,11.50
2024-10-21 16:30,2024-10-21 17:15,buy,2740.14,2733.12,2754.17,2733.12,-1.000,sl,0.75
2024-10-22 02:15,2024-10-22 04:30,buy,2722.30,2718.72,2729.45,2729.45,2.000,tp,2.25
2024-10-22 09:15,2024-10-22 12:45,buy,2735.79,2730.58,2746.21,2730.58,-1.000,sl,3.50
2024-10-22 15:15,2024-10-22 22:45,buy,2736.36,2730.25,2748.57,2748.57,2.000,tp,7.50
2024-10-22 22:45,2024-10-23 04:15,buy,2748.63,2743.74,2758.41,2743.74,-1.000,sl,4.50
2024-10-23 06:30,2024-10-23 10:30,buy,2744.10,2739.37,2753.56,2753.56,2.000,tp,4.00
2024-10-24 16:15,2024-10-24 16:45,buy,2742.79,2737.23,2753.92,2737.23,-1.000,sl,0.50
2024-10-24 22:30,2024-10-25 04:45,buy,2735.56,2730.44,2745.81,2730.44,-1.000,sl,5.25
2024-10-25 20:45,2024-10-28 00:00,buy,2744.54,2738.13,2757.36,2738.13,-1.000,sl,3.25
2024-10-28 06:45,2024-10-28 08:15,buy,2733.25,2728.05,2743.65,2743.65,2.000,tp,1.50
2024-10-28 15:00,2024-10-29 03:00,buy,2737.60,2731.48,2749.85,2749.85,2.000,tp,11.00
2024-10-29 03:00,2024-10-29 04:00,buy,2748.73,2745.25,2755.70,2755.70,2.000,tp,1.00
2024-10-29 10:45,2024-10-29 12:15,buy,2754.84,2749.07,2766.39,2749.07,-1.000,sl,1.50
2024-10-29 18:00,2024-10-30 08:45,buy,2768.44,2758.06,2789.21,2789.21,2.000,tp,13.75
2024-10-30 10:15,2024-10-30 13:45,buy,2784.20,2778.63,2795.34,2778.63,-1.000,sl,3.50
2024-10-30 17:30,2024-10-31 14:45,buy,2784.29,2772.66,2807.55,2772.66,-1.000,sl,20.25
2024-11-21 08:00,2024-11-21 10:30,buy,2659.74,2655.44,2668.34,2668.34,2.000,tp,2.50
2024-11-21 15:00,2024-11-22 04:30,buy,2667.23,2659.69,2682.31,2682.31,2.000,tp,12.50
2024-11-22 04:30,2024-11-22 09:45,buy,2686.45,2681.22,2696.92,2696.92,2.000,tp,5.25
2024-11-22 11:30,2024-11-22 15:15,buy,2705.15,2696.72,2722.02,2696.72,-1.000,sl,3.75
2024-11-22 17:30,2024-11-25 01:00,buy,2705.11,2693.15,2729.03,2693.15,-1.000,sl,6.50
2024-11-25 01:15,2024-11-25 03:00,buy,2718.24,2709.28,2736.16,2709.28,-1.000,sl,1.75
2024-11-25 15:00,2024-11-25 16:00,buy,2684.51,2676.23,2701.06,2676.23,-1.000,sl,1.00
2024-12-04 15:45,2024-12-05 16:45,buy,2648.71,2639.79,2666.54,2639.79,-1.000,sl,24.00
2024-12-10 02:30,2024-12-10 04:00,buy,2661.59,2658.06,2668.65,2668.65,2.000,tp,1.50
2024-12-10 08:45,2024-12-10 09:45,buy,2670.29,2664.61,2681.65,2664.61,-1.000,sl,1.00
2024-12-10 15:30,2024-12-10 19:15,buy,2677.79,2669.84,2693.69,2693.69,2.000,tp,3.75
2024-12-11 10:00,2024-12-11 18:15,buy,2692.32,2680.22,2716.53,2716.53,2.000,tp,8.25
2024-12-11 19:00,2024-12-12 03:30,buy,2719.11,2709.04,2739.25,2709.04,-1.000,sl,7.50
2024-12-12 06:15,2024-12-12 15:00,buy,2713.03,2704.37,2730.34,2704.37,-1.000,sl,8.75
2024-12-24 11:45,2024-12-24 12:15,sell,2613.29,2617.27,2605.32,2617.27,-1.000,sl,0.50
2024-12-27 21:00,2024-12-30 01:00,sell,2617.37,2622.38,2607.35,2622.38,-1.000,sl,3.00
2024-12-30 07:30,2024-12-30 10:45,sell,2621.94,2626.28,2613.26,2613.26,2.000,tp,3.25
2024-12-30 15:30,2024-12-30 18:15,sell,2612.99,2620.54,2597.89,2597.89,2.000,tp,2.75
2024-12-30 23:45,2024-12-31 03:15,sell,2605.71,2609.53,2598.08,2609.53,-1.000,sl,2.50
2024-12-31 07:30,2024-12-31 09:00,sell,2605.88,2608.80,2600.05,2608.80,-1.000,sl,1.50
2024-12-31 15:00,2024-12-31 15:15,sell,2607.54,2612.26,2598.09,2612.26,-1.000,sl,0.25
2025-01-09 23:45,2025-01-10 08:30,buy,2670.59,2667.45,2676.87,2676.87,2.000,tp,7.75
2025-01-10 08:30,2025-01-10 09:45,buy,2676.51,2673.54,2682.46,2673.54,-1.000,sl,1.25
2025-01-10 15:00,2025-01-10 15:30,buy,2680.23,2674.61,2691.46,2674.61,-1.000,sl,0.50
2025-01-10 22:15,2025-01-13 03:00,buy,2689.97,2683.32,2703.26,2683.32,-1.000,sl,3.75
2025-01-13 05:45,2025-01-13 12:00,buy,2688.34,2681.45,2702.12,2681.45,-1.000,sl,6.25
2025-01-15 05:45,2025-01-15 10:00,buy,2676.36,2672.23,2684.62,2684.62,2.000,tp,4.25
2025-01-15 12:30,2025-01-15 16:30,buy,2686.95,2681.94,2696.97,2681.94,-1.000,sl,4.00
2025-01-15 18:30,2025-01-16 12:00,buy,2686.72,2676.19,2707.77,2707.77,2.000,tp,16.50
2025-01-16 12:00,2025-01-16 14:30,buy,2708.37,2701.79,2721.53,2701.79,-1.000,sl,2.50
2025-01-16 18:00,2025-01-17 09:45,buy,2718.90,2709.30,2738.09,2709.30,-1.000,sl,14.75
2025-01-17 13:45,2025-01-17 16:30,buy,2708.31,2703.08,2718.76,2703.08,-1.000,sl,2.75
2025-01-20 05:45,2025-01-21 03:30,buy,2703.86,2698.33,2714.91,2714.91,2.000,tp,18.25
2025-01-21 03:45,2025-01-21 16:30,buy,2718.32,2710.66,2733.64,2733.64,2.000,tp,12.75
2025-01-21 16:30,2025-01-22 02:45,buy,2734.37,2727.48,2748.16,2748.16,2.000,tp,9.25
2025-01-22 02:45,2025-01-22 07:45,buy,2748.48,2744.27,2756.91,2756.91,2.000,tp,5.00
2025-01-22 09:15,2025-01-22 12:30,buy,2751.17,2745.30,2762.91,2762.91,2.000,tp,3.25
2025-01-22 15:45,2025-01-22 16:30,buy,2757.88,2751.07,2771.50,2751.07,-1.000,sl,0.75
2025-01-22 22:45,2025-01-23 01:30,buy,2756.86,2753.68,2763.23,2753.68,-1.000,sl,1.75
2025-01-23 06:15,2025-01-23 11:15,buy,2753.35,2749.55,2760.95,2749.55,-1.000,sl,5.00
2025-01-23 12:45,2025-01-23 14:15,buy,2751.59,2745.72,2763.32,2745.72,-1.000,sl,1.50
2025-01-23 19:30,2025-01-24 05:00,buy,2758.83,2750.05,2776.38,2776.38,2.000,tp,8.50
2025-01-24 07:00,2025-01-27 01:00,buy,2773.96,2767.20,2787.48,2767.20,-1.000,sl,17.00
2025-01-27 12:15,2025-01-27 15:00,buy,2767.89,2759.24,2785.19,2759.24,-1.000,sl,2.75
2025-01-29 02:15,2025-01-29 07:30,buy,2763.43,2760.80,2768.69,2760.80,-1.000,sl,5.25
2025-01-29 10:00,2025-01-29 12:30,buy,2761.70,2757.89,2769.31,2757.89,-1.000,sl,2.50
2025-01-29 23:45,2025-01-30 10:45,buy,2759.93,2751.83,2776.13,2776.13,2.000,tp,10.00
2025-01-30 10:45,2025-01-30 16:15,buy,2776.46,2771.08,2787.23,2787.23,2.000,tp,5.50
2025-01-30 21:45,2025-01-31 14:15,buy,2793.65,2787.70,2805.54,2805.54,2.000,tp,15.50
2025-01-31 14:15,2025-01-31 17:00,buy,2805.60,2799.92,2816.96,2816.96,2.000,tp,2.75
2025-02-03 01:00,2025-02-03 01:15,buy,2802.76,2794.58,2819.12,2794.58,-1.000,sl,0.25
2025-02-03 10:00,2025-02-03 14:30,buy,2793.46,2787.12,2806.15,2806.15,2.000,tp,4.50
2025-02-03 20:45,2025-02-04 01:30,buy,2821.28,2810.69,2842.47,2810.69,-1.000,sl,3.75
2025-02-04 03:45,2025-02-04 04:15,buy,2823.60,2818.04,2834.73,2818.04,-1.000,sl,0.50
2025-02-04 10:15,2025-02-04 15:15,buy,2817.33,2809.95,2832.09,2832.09,2.000,tp,5.00
2025-02-04 16:15,2025-02-05 05:30,buy,2837.57,2829.21,2854.30,2854.30,2.000,tp,12.25
2025-02-05 06:00,2025-02-05 12:30,buy,2857.85,2849.63,2874.29,2874.29,2.000,tp,6.50
2025-02-05 16:30,2025-02-05 17:45,buy,2866.75,2859.32,2881.61,2881.61,2.000,tp,1.25
2025-02-05 23:45,2025-02-06 08:45,buy,2867.27,2860.93,2879.95,2860.93,-1.000,sl,8.00
2025-02-06 12:15,2025-02-06 16:45,buy,2860.64,2852.41,2877.10,2852.41,-1.000,sl,4.50
2025-02-06 21:45,2025-02-07 03:30,buy,2854.06,2848.69,2864.80,2864.80,2.000,tp,4.75
2025-02-07 09:00,2025-02-07 15:30,buy,2864.43,2859.21,2874.88,2859.21,-1.000,sl,6.50
2025-02-07 16:15,2025-02-07 18:30,buy,2873.86,2863.63,2894.32,2863.63,-1.000,sl,2.25
2025-02-10 01:00,2025-02-10 03:00,buy,2863.36,2857.49,2875.11,2875.11,2.000,tp,2.00
2025-02-10 07:45,2025-02-10 08:45,buy,2879.52,2874.97,2888.62,2888.62,2.000,tp,1.00
2025-02-10 16:15,2025-02-11 02:45,buy,2904.51,2895.87,2921.80,2921.80,2.000,tp,9.50
2025-02-11 02:45,2025-02-11 04:00,buy,2922.86,2916.22,2936.13,2936.13,2.000,tp,1.25
2025-02-11 16:30,2025-02-11 17:00,buy,2902.98,2891.09,2926.77,2891.09,-1.000,sl,0.50
2025-02-12 01:30,2025-02-12 02:00,buy,2900.70,2896.07,2909.96,2896.07,-1.000,sl,0.50
2025-02-12 21:45,2025-02-13 05:15,buy,2898.22,2890.05,2914.57,2914.57,2.000,tp,6.50
2025-02-13 05:15,2025-02-13 15:30,buy,2915.34,2908.76,2928.49,2908.76,-1.000,sl,10.25
2025-02-13 16:30,2025-02-14 03:00,buy,2914.75,2905.41,2933.44,2933.44,2.000,tp,9.50
2025-02-14 03:00,2025-02-14 04:00,buy,2931.94,2927.34,2941.14,2927.34,-1.000,sl,1.00
2025-02-14 10:00,2025-02-14 13:45,buy,2936.43,2930.44,2948.40,2930.44,-1.000,sl,3.75
2025-02-18 12:45,2025-02-18 15:45,buy,2911.49,2906.67,2921.13,2921.13,2.000,tp,3.00
2025-02-18 18:45,2025-02-19 04:45,buy,2933.04,2925.10,2948.91,2925.10,-1.000,sl,9.00
2025-02-19 07:30,2025-02-19 11:15,buy,2931.53,2925.55,2943.49,2943.49,2.000,tp,3.75
2025-02-19 15:00,2025-02-19 15:45,buy,2940.42,2932.78,2955.71,2932.78,-1.000,sl,0.75
2025-02-19 21:15,2025-02-20 07:45,buy,2929.79,2921.57,2946.23,2946.23,2.000,tp,9.50
2025-02-20 07:45,2025-02-20 14:15,buy,2947.06,2941.86,2957.47,2941.86,-1.000,sl,6.50
2025-02-20 18:15,2025-02-21 03:45,buy,2943.16,2930.41,2968.67,2930.41,-1.000,sl,8.50
2025-02-21 23:15,2025-02-24 02:45,buy,2936.50,2930.63,2948.25,2930.63,-1.000,sl,2.50
2025-02-24 06:15,2025-02-24 17:00,buy,2942.30,2933.20,2960.49,2933.20,-1.000,sl,10.75
2025-02-24 18:45,2025-02-25 09:45,buy,2943.62,2932.73,2965.39,2932.73,-1.000,sl,14.00
2025-02-25 10:45,2025-02-25 14:15,buy,2941.87,2934.68,2956.24,2934.68,-1.000,sl,3.50
2025-03-06 02:00,2025-03-06 07:00,buy,2919.53,2915.79,2927.01,2915.79,-1.000,sl,5.00
2025-03-06 08:00,2025-03-06 09:15,buy,2922.41,2916.99,2933.25,2916.99,-1.000,sl,1.25
2025-03-06 16:45,2025-03-07 02:00,buy,2915.28,2904.83,2936.19,2904.83,-1.000,sl,8.25
2025-03-07 09:00,2025-03-07 15:30,buy,2914.10,2908.90,2924.51,2924.51,2.000,tp,6.50
2025-03-07 15:30,2025-03-07 15:45,buy,2923.10,2914.52,2940.26,2914.52,-1.000,sl,0.25
2025-03-07 23:45,2025-03-10 09:45,buy,2912.19,2906.79,2923.00,2906.79,-1.000,sl,10.00
2025-03-11 17:00,2025-03-12 09:15,buy,2919.74,2910.15,2938.93,2910.15,-1.000,sl,15.25
2025-03-12 10:00,2025-03-12 15:15,buy,2916.48,2910.13,2929.18,2910.13,-1.000,sl,5.25
2025-03-12 16:30,2025-03-12 18:00,buy,2919.60,2911.06,2936.69,2936.69,2.000,tp,1.50
2025-03-12 22:30,2025-03-13 04:45,buy,2933.61,2928.69,2943.44,2943.44,2.000,tp,5.25
2025-03-13 05:45,2025-03-13 07:15,buy,2945.88,2940.55,2956.54,2940.55,-1.000,sl,1.50
2025-03-13 13:00,2025-03-13 15:00,buy,2946.06,2939.58,2959.01,2939.58,-1.000,sl,2.00
2025-03-13 19:30,2025-03-14 12:15,buy,2981.55,2969.96,3004.73,3004.73,2.000,tp,15.75
2025-03-14 12:15,2025-03-14 12:30,buy,3002.74,2996.18,3015.85,2996.18,-1.000,sl,0.25
2025-03-14 18:45,2025-03-17 19:45,buy,2990.00,2978.58,3012.85,2997.76,0.679,time,24.00
2025-03-17 20:15,2025-03-18 04:45,buy,2999.96,2994.59,3010.71,3010.71,2.000,tp,7.50
2025-03-18 04:45,2025-03-18 10:15,buy,3011.17,3005.21,3023.09,3023.09,2.000,tp,5.50
2025-03-18 12:00,2025-03-19 07:30,buy,3025.34,3017.89,3040.24,3040.24,2.000,tp,18.50
2025-03-19 07:30,2025-03-19 08:15,buy,3041.76,3036.62,3052.05,3036.62,-1.000,sl,0.75
2025-03-19 13:30,2025-03-19 15:30,buy,3039.95,3032.74,3054.38,3032.74,-1.000,sl,2.00
2025-03-19 20:00,2025-03-20 02:15,buy,3038.84,3031.04,3054.43,3054.43,2.000,tp,5.25
2025-03-20 03:00,2025-03-20 03:45,buy,3054.95,3049.71,3065.43,3049.71,-1.000,sl,0.75
2025-03-20 14:30,2025-03-20 15:00,buy,3040.93,3031.97,3058.84,3031.97,-1.000,sl,0.50
2025-03-20 21:15,2025-03-21 03:45,buy,3045.32,3038.36,3059.25,3038.36,-1.000,sl,5.50
2025-03-26 08:45,2025-03-26 11:00,buy,3026.39,3021.65,3035.87,3021.65,-1.000,sl,2.25
2025-03-27 05:30,2025-03-27 08:15,buy,3032.83,3027.60,3043.28,3027.60,-1.000,sl,2.75
2025-03-27 11:45,2025-03-27 12:15,buy,3040.19,3033.73,3053.12,3053.12,2.000,tp,0.50
2025-03-27 19:45,2025-03-28 03:45,buy,3053.12,3043.77,3071.81,3071.81,2.000,tp,7.00
2025-03-28 03:45,2025-03-28 09:00,buy,3074.11,3068.23,3085.87,3085.87,2.000,tp,5.25
2025-03-28 11:30,2025-03-31 01:00,buy,3075.31,3066.94,3092.06,3092.06,2.000,tp,11.50
2025-03-31 01:00,2025-03-31 03:15,buy,3090.91,3084.00,3104.74,3084.00,-1.000,sl,2.25
2025-03-31 07:00,2025-04-01 04:30,buy,3109.48,3096.38,3135.68,3135.68,2.000,tp,20.50
2025-04-01 04:30,2025-04-01 09:00,buy,3135.99,3129.45,3149.08,3129.45,-1.000,sl,4.50
2025-04-01 13:00,2025-04-01 17:00,buy,3135.52,3126.27,3154.02,3126.27,-1.000,sl,4.00
2025-04-01 22:15,2025-04-02 01:15,buy,3117.33,3108.82,3134.34,3108.82,-1.000,sl,2.00
2025-04-02 10:30,2025-04-02 13:45,buy,3119.84,3110.75,3138.03,3110.75,-1.000,sl,3.25
2025-04-02 16:30,2025-04-02 23:00,buy,3127.77,3116.15,3151.00,3116.15,-1.000,sl,6.50
2025-04-02 23:15,2025-04-03 02:45,buy,3134.95,3120.59,3163.67,3163.67,2.000,tp,2.50
2025-04-10 16:15,2025-04-10 16:45,buy,3132.90,3117.87,3162.95,3117.87,-1.000,sl,0.50
2025-04-11 08:15,2025-04-11 08:30,buy,3217.25,3205.46,3240.83,3205.46,-1.000,sl,0.25
2025-04-11 15:00,2025-04-14 15:30,buy,3219.03,3201.07,3254.95,3201.07,-1.000,sl,23.50
2025-04-14 20:00,2025-04-15 21:00,buy,3210.71,3199.11,3233.91,3226.81,1.388,time,24.00
2025-04-15 22:00,2025-04-16 02:30,buy,3232.02,3225.83,3244.41,3244.41,2.000,tp,3.50
2025-04-16 06:00,2025-04-16 10:45,buy,3272.17,3258.05,3300.40,3300.40,2.000,tp,4.75
2025-04-16 13:30,2025-04-16 21:15,buy,3304.98,3289.33,3336.27,3336.27,2.000,tp,7.75
2025-04-16 21:15,2025-04-17 04:45,buy,3338.62,3325.38,3365.10,3325.38,-1.000,sl,6.50
2025-04-17 06:00,2025-04-17 10:00,buy,3341.07,3321.37,3380.46,3321.37,-1.000,sl,4.00
2025-04-17 14:00,2025-04-17 16:45,buy,3330.09,3320.03,3350.22,3320.03,-1.000,sl,2.75
2025-04-17 20:00,2025-04-21 03:30,buy,3319.57,3299.94,3358.83,3358.83,2.000,tp,6.50
2025-04-21 03:30,2025-04-21 14:30,buy,3370.07,3355.51,3399.18,3399.18,2.000,tp,11.00
2025-04-21 14:30,2025-04-21 16:00,buy,3403.69,3393.49,3424.09,3424.09,2.000,tp,1.50
2025-04-21 20:30,2025-04-22 04:30,buy,3418.15,3402.51,3449.42,3449.42,2.000,tp,7.00
2025-04-22 04:30,2025-04-22 06:30,buy,3450.71,3431.42,3489.29,3489.29,2.000,tp,2.00
2025-04-22 13:00,2025-04-22 15:30,buy,3465.79,3444.89,3507.60,3444.89,-1.000,sl,2.50
2025-04-28 22:45,2025-04-29 01:00,buy,3352.31,3342.28,3372.37,3342.28,-1.000,sl,1.25
2025-04-29 10:45,2025-04-29 12:15,buy,3323.19,3310.68,3348.21,3310.68,-1.000,sl,1.50
2025-04-29 19:45,2025-04-29 21:00,buy,3328.91,3313.35,3360.03,3313.35,-1.000,sl,1.25
2025-04-30 03:00,2025-04-30 03:30,buy,3324.45,3314.51,3344.32,3314.51,-1.000,sl,0.50
2025-05-06 07:45,2025-05-06 19:15,buy,3363.42,3343.38,3403.51,3403.51,2.000,tp,11.50
2025-05-06 19:15,2025-05-06 23:45,buy,3404.40,3390.08,3433.03,3433.03,2.000,tp,4.50
2025-05-07 09:00,2025-05-07 11:45,buy,3393.24,3379.41,3420.91,3379.41,-1.000,sl,2.75
2025-05-07 15:00,2025-05-07 17:15,buy,3393.50,3378.46,3423.59,3378.46,-1.000,sl,2.25
2025-05-07 21:00,2025-05-07 21:30,buy,3395.54,3385.03,3416.56,3385.03,-1.000,sl,0.50
2025-05-08 04:00,2025-05-08 08:00,buy,3392.38,3380.56,3416.02,3380.56,-1.000,sl,4.00
2025-05-21 12:45,2025-05-21 15:15,buy,3313.75,3302.91,3335.43,3302.91,-1.000,sl,2.50
2025-05-21 20:00,2025-05-22 04:15,buy,3311.47,3298.79,3336.82,3336.82,2.000,tp,7.25
2025-05-22 04:15,2025-05-22 08:45,buy,3338.63,3327.89,3360.11,3327.89,-1.000,sl,4.50
2025-05-22 14:45,2025-05-22 16:45,buy,3314.81,3299.19,3346.05,3299.19,-1.000,sl,2.00
2025-05-23 03:15,2025-05-23 03:45,buy,3303.50,3296.60,3317.30,3296.60,-1.000,sl,0.50
2025-05-23 09:45,2025-05-23 15:00,buy,3331.19,3321.45,3350.68,3350.68,2.000,tp,5.25
2025-05-23 17:15,2025-05-26 12:15,buy,3351.64,3329.83,3395.26,3329.83,-1.000,sl,18.00
2025-05-26 15:45,2025-05-27 01:30,buy,3334.64,3327.60,3348.72,3348.72,2.000,tp,5.25
2025-05-27 05:45,2025-05-27 07:45,buy,3343.24,3334.13,3361.46,3334.13,-1.000,sl,2.00
2025-05-30 04:00,2025-05-30 04:45,buy,3316.45,3309.29,3330.77,3309.29,-1.000,sl,0.75
2025-06-02 06:45,2025-06-02 09:00,buy,3308.98,3299.68,3327.59,3327.59,2.000,tp,2.25
2025-06-02 12:45,2025-06-02 16:45,buy,3348.54,3337.67,3370.29,3370.29,2.000,tp,4.00
2025-06-02 20:00,2025-06-03 04:15,buy,3375.14,3363.65,3398.11,3363.65,-1.000,sl,7.25
2025-06-03 11:00,2025-06-03 15:00,buy,3363.85,3351.84,3387.87,3351.84,-1.000,sl,4.00
2025-06-03 20:15,2025-06-04 17:30,buy,3353.76,3343.70,3373.87,3373.87,2.000,tp,20.25
2025-06-04 17:30,2025-06-05 07:15,buy,3383.03,3367.67,3413.75,3367.67,-1.000,sl,12.75
2025-06-05 10:00,2025-06-05 12:30,buy,3371.34,3362.49,3389.05,3389.05,2.000,tp,2.50
2025-06-06 06:15,2025-06-06 09:45,buy,3366.93,3358.06,3384.67,3358.06,-1.000,sl,3.50
2025-06-11 18:00,2025-06-11 20:00,buy,3341.32,3325.33,3373.29,3325.33,-1.000,sl,2.00
2025-06-12 01:00,2025-06-12 10:30,buy,3361.27,3350.18,3383.45,3350.18,-1.000,sl,9.50
2025-06-12 12:45,2025-06-12 16:30,buy,3365.67,3351.02,3394.98,3394.98,2.000,tp,3.75
2025-06-12 19:15,2025-06-13 04:00,buy,3389.55,3373.42,3421.82,3421.82,2.000,tp,7.75
2025-06-13 04:00,2025-06-13 09:45,buy,3425.83,3410.83,3455.83,3410.83,-1.000,sl,5.75
2025-06-13 11:00,2025-06-16 01:00,buy,3422.82,3409.36,3449.75,3449.75,2.000,tp,13.00
2025-06-16 01:00,2025-06-16 01:30,buy,3450.27,3440.61,3469.60,3440.61,-1.000,sl,0.50
2025-06-16 13:30,2025-06-16 16:15,buy,3419.51,3410.07,3438.40,3410.07,-1.000,sl,2.75
2025-07-11 15:45,2025-07-14 02:15,buy,3355.37,3346.33,3373.45,3373.45,2.000,tp,9.50
2025-07-14 03:15,2025-07-14 04:00,buy,3370.81,3361.62,3389.20,3361.62,-1.000,sl,0.75
2025-07-14 09:30,2025-07-14 15:30,buy,3362.97,3356.34,3376.23,3356.34,-1.000,sl,6.00
2025-07-15 05:45,2025-07-15 08:00,buy,3351.14,3345.88,3361.66,3361.66,2.000,tp,2.25
2025-07-15 12:45,2025-07-15 14:30,buy,3363.65,3356.34,3378.27,3356.34,-1.000,sl,1.75
2025-07-18 12:00,2025-07-21 01:15,buy,3352.42,3345.28,3366.70,3345.28,-1.000,sl,12.25
2025-07-21 02:45,2025-07-21 08:00,buy,3349.40,3344.76,3358.68,3358.68,2.000,tp,5.25
2025-07-21 09:15,2025-07-21 11:00,buy,3370.14,3363.49,3383.44,3363.49,-1.000,sl,1.75
2025-07-21 15:15,2025-07-21 16:45,buy,3381.85,3375.73,3394.09,3394.09,2.000,tp,1.50
2025-07-21 21:45,2025-07-22 03:00,buy,3395.62,3390.89,3405.09,3390.89,-1.000,sl,4.25
2025-07-22 06:30,2025-07-22 08:45,buy,3393.18,3385.88,3407.79,3385.88,-1.000,sl,2.25
2025-07-22 14:30,2025-07-22 15:15,buy,3389.60,3385.00,3398.81,3398.81,2.000,tp,0.75
2025-07-23 02:00,2025-07-23 02:15,buy,3432.13,3427.86,3440.67,3427.86,-1.000,sl,0.25
2025-07-23 09:15,2025-07-23 16:00,buy,3423.79,3417.26,3436.85,3417.26,-1.000,sl,6.75
2025-08-05 01:00,2025-08-05 04:00,buy,3374.99,3371.44,3382.09,3382.09,2.000,tp,3.00
2025-08-05 08:45,2025-08-05 09:15,buy,3374.32,3369.51,3383.93,3369.51,-1.000,sl,0.50
2025-08-05 15:45,2025-08-05 17:30,buy,3366.33,3357.62,3383.75,3383.75,2.000,tp,1.75
2025-08-05 23:45,2025-08-06 04:15,buy,3380.72,3376.88,3388.40,3376.88,-1.000,sl,3.50
2025-08-06 09:00,2025-08-06 10:15,buy,3375.73,3370.55,3386.09,3370.55,-1.000,sl,1.25
2025-08-06 15:45,2025-08-07 05:00,buy,3367.84,3360.30,3382.92,3382.92,2.000,tp,12.25
2025-08-07 06:45,2025-08-07 08:30,buy,3379.93,3373.33,3393.14,3373.33,-1.000,sl,1.75
2025-08-07 14:00,2025-08-07 22:30,buy,3380.33,3371.08,3398.83,3398.83,2.000,tp,8.50
2025-08-07 22:30,2025-08-07 23:45,buy,3399.91,3393.38,3412.97,3393.38,-1.000,sl,1.25
2025-08-08 06:30,2025-08-08 13:45,buy,3396.00,3385.78,3416.44,3385.78,-1.000,sl,7.25
2025-08-08 15:15,2025-08-08 17:15,buy,3394.73,3384.27,3415.65,3384.27,-1.000,sl,2.00
2025-08-08 22:45,2025-08-11 03:30,buy,3398.90,3383.96,3428.78,3383.96,-1.000,sl,3.75
2025-08-25 09:00,2025-08-25 11:15,buy,3367.95,3364.05,3375.76,3364.05,-1.000,sl,2.25
2025-08-25 16:30,2025-08-26 02:00,buy,3368.33,3363.01,3378.98,3363.01,-1.000,sl,8.50
2025-08-26 03:45,2025-08-26 04:15,buy,3383.51,3373.88,3402.78,3373.88,-1.000,sl,0.50
2025-08-26 10:30,2025-08-26 12:45,buy,3377.92,3370.24,3393.27,3370.24,-1.000,sl,2.25
2025-08-26 16:30,2025-08-26 23:45,buy,3377.72,3370.05,3393.05,3393.05,2.000,tp,7.25
2025-08-26 23:45,2025-08-27 01:00,buy,3393.21,3389.53,3400.58,3389.53,-1.000,sl,0.25
2025-08-27 09:15,2025-08-27 09:45,buy,3381.26,3376.45,3390.88,3376.45,-1.000,sl,0.50
2025-08-27 15:15,2025-08-27 16:45,buy,3381.93,3376.08,3393.62,3376.08,-1.000,sl,1.50
2025-08-27 21:15,2025-08-28 04:00,buy,3395.60,3389.55,3407.70,3389.55,-1.000,sl,5.75
2025-08-28 06:00,2025-08-28 14:30,buy,3392.07,3385.52,3405.16,3405.16,2.000,tp,8.50
2025-08-28 14:30,2025-08-28 15:45,buy,3405.01,3398.93,3417.18,3398.93,-1.000,sl,1.25
2025-08-28 20:45,2025-08-29 04:00,buy,3418.26,3412.17,3430.43,3412.17,-1.000,sl,6.25
2025-08-29 09:00,2025-08-29 10:15,buy,3411.73,3407.53,3420.12,3407.53,-1.000,sl,1.25
2025-08-29 15:30,2025-08-29 16:30,buy,3412.92,3407.56,3423.64,3423.64,2.000,tp,1.00
2025-09-01 01:15,2025-09-01 04:00,buy,3448.26,3441.13,3462.52,3441.13,-1.000,sl,2.75
2025-09-01 08:15,2025-09-02 04:45,buy,3478.47,3464.10,3507.20,3507.20,2.000,tp,17.00
2025-09-02 05:30,2025-09-02 09:15,buy,3498.09,3485.24,3523.80,3485.24,-1.000,sl,3.75
2025-09-02 13:30,2025-09-02 17:15,buy,3483.58,3473.25,3504.23,3504.23,2.000,tp,3.75
2025-09-02 20:15,2025-09-03 16:00,buy,3528.40,3515.50,3554.20,3554.20,2.000,tp,18.75
2025-09-03 16:00,2025-09-03 21:00,buy,3557.05,3546.81,3577.54,3577.54,2.000,tp,5.00
2025-09-04 03:45,2025-09-04 04:15,buy,3561.83,3553.09,3579.30,3553.09,-1.000,sl,0.50
2025-09-04 10:30,2025-09-05 08:00,buy,3539.89,3530.15,3559.37,3559.37,2.000,tp,20.50
2025-09-05 12:30,2025-09-05 15:30,buy,3551.75,3544.85,3565.55,3565.55,2.000,tp,3.00
2025-09-05 18:30,2025-09-08 17:45,buy,3594.00,3571.38,3639.24,3639.24,2.000,tp,22.25
2025-09-08 21:30,2025-09-09 05:00,buy,3635.03,3626.88,3651.32,3651.32,2.000,tp,6.50
2025-09-09 05:00,2025-09-09 09:00,buy,3650.83,3642.45,3667.59,3642.45,-1.000,sl,4.00
2025-09-09 11:30,2025-09-09 17:30,buy,3650.59,3637.49,3676.79,3637.49,-1.000,sl,6.00
2025-09-09 19:00,2025-09-09 23:45,buy,3649.25,3628.15,3691.44,3628.15,-1.000,sl,4.75
2025-09-10 02:00,2025-09-10 03:00,buy,3639.32,3630.00,3657.96,3630.00,-1.000,sl,1.00
2025-09-10 09:00,2025-09-10 18:15,buy,3646.50,3640.02,3659.45,3640.02,-1.000,sl,9.25
2025-09-10 20:30,2025-09-10 22:30,buy,3646.02,3637.98,3662.10,3637.98,-1.000,sl,2.00
2025-09-11 04:00,2025-09-11 04:45,buy,3646.55,3640.64,3658.36,3640.64,-1.000,sl,0.75
2025-09-12 05:15,2025-09-12 11:15,buy,3650.06,3643.05,3664.08,3643.05,-1.000,sl,6.00
2025-09-12 13:00,2025-09-12 15:30,buy,3648.28,3639.79,3665.27,3639.79,-1.000,sl,2.50
2025-09-12 19:30,2025-10-15 07:45,buy,3647.46,3640.03,3662.32,3662.32,2.000,tp,4.50
2025-10-15 09:30,2025-10-16 10:30,buy,4194.11,4107.15,4368.04,4230.37,0.417,time,24.00
2025-10-16 11:00,2025-10-16 18:00,buy,4232.20,4214.00,4268.59,4268.59,2.000,tp,7.00
2025-10-16 18:00,2025-10-16 23:00,buy,4269.56,4246.11,4316.45,4316.45,2.000,tp,5.00
2025-10-17 01:00,2025-10-17 04:15,buy,4349.91,4325.91,4397.91,4325.91,-1.000,sl,3.25
2025-10-17 07:00,2025-10-17 10:15,buy,4371.13,4332.68,4448.02,4332.68,-1.000,sl,3.25
2025-10-17 23:15,2025-10-20 15:30,buy,4245.91,4214.18,4309.38,4309.38,2.000,tp,15.25
2025-10-20 15:30,2025-10-20 17:00,buy,4320.28,4298.20,4364.45,4298.20,-1.000,sl,1.50
2025-10-21 01:00,2025-10-21 04:30,buy,4361.98,4341.96,4402.02,4341.96,-1.000,sl,3.50
2025-10-21 09:45,2025-10-21 10:15,buy,4343.43,4326.62,4377.05,4326.62,-1.000,sl,0.50
2025-11-10 17:00,2025-11-11 01:00,buy,4087.66,4072.48,4118.02,4118.02,2.000,tp,7.00
2025-11-11 01:00,2025-11-11 03:15,buy,4119.54,4110.56,4137.51,4137.51,2.000,tp,2.25
2025-11-11 08:15,2025-11-11 09:45,buy,4137.62,4125.48,4161.90,4125.48,-1.000,sl,1.50
2025-11-11 14:30,2025-11-11 16:15,buy,4141.37,4132.60,4158.91,4132.60,-1.000,sl,1.75
2025-11-11 21:00,2025-11-12 01:30,buy,4117.49,4105.16,4142.15,4142.15,2.000,tp,3.50
2025-11-12 08:30,2025-11-12 17:00,buy,4117.11,4103.78,4143.77,4143.77,2.000,tp,8.50
2025-11-12 17:00,2025-11-12 19:00,buy,4161.76,4143.38,4198.51,4198.51,2.000,tp,2.00
2025-11-13 02:15,2025-11-13 02:45,buy,4192.99,4185.31,4208.35,4208.35,2.000,tp,0.50
2025-11-13 08:45,2025-11-13 14:45,buy,4210.52,4195.23,4241.11,4241.11,2.000,tp,6.00
2025-11-13 14:45,2025-11-13 15:00,buy,4242.69,4226.75,4274.56,4226.75,-1.000,sl,0.25
2025-11-14 01:45,2025-11-14 08:45,buy,4186.18,4169.04,4220.46,4169.04,-1.000,sl,7.00
2025-11-19 16:45,2025-11-19 17:45,buy,4127.91,4108.35,4167.04,4108.35,-1.000,sl,1.00
2025-11-25 04:15,2025-11-25 10:30,buy,4144.91,4127.84,4179.05,4127.84,-1.000,sl,6.25
2025-11-25 12:00,2025-11-25 14:30,buy,4137.43,4118.79,4174.71,4118.79,-1.000,sl,2.50
2025-11-25 18:15,2025-11-26 19:15,buy,4140.69,4119.01,4184.05,4167.69,1.245,time,24.00
2025-11-26 20:00,2025-11-26 20:30,buy,4171.32,4158.68,4196.59,4158.68,-1.000,sl,0.50
2025-11-27 08:00,2025-11-28 02:30,buy,4153.52,4143.58,4173.39,4173.39,2.000,tp,15.00
2025-11-28 02:30,2025-11-28 07:00,buy,4179.18,4171.81,4193.93,4171.81,-1.000,sl,4.50
2025-11-28 08:30,2025-11-28 09:45,buy,4187.78,4173.59,4216.15,4173.59,-1.000,sl,1.25
2025-11-28 14:45,2025-11-28 16:30,buy,4176.33,4162.09,4204.80,4204.80,2.000,tp,1.75
2025-12-01 02:15,2025-12-01 12:00,buy,4227.37,4212.02,4258.08,4258.08,2.000,tp,9.75
2025-12-01 12:00,2025-12-01 14:45,buy,4259.03,4244.97,4287.15,4244.97,-1.000,sl,2.75
2025-12-01 19:30,2025-12-02 03:00,buy,4239.14,4217.92,4281.57,4217.92,-1.000,sl,6.50
2025-12-02 07:15,2025-12-02 08:15,buy,4221.62,4211.53,4241.81,4211.53,-1.000,sl,1.00
2025-12-03 06:15,2025-12-03 07:30,buy,4222.82,4210.97,4246.51,4210.97,-1.000,sl,1.25
2025-12-03 15:45,2025-12-03 16:00,buy,4237.22,4223.68,4264.29,4223.68,-1.000,sl,0.25
2025-12-05 06:45,2025-12-05 15:30,buy,4217.01,4206.74,4237.54,4237.54,2.000,tp,8.75
2025-12-05 16:45,2025-12-05 18:00,buy,4241.71,4227.76,4269.62,4227.76,-1.000,sl,1.25
2025-12-08 07:45,2025-12-08 09:45,buy,4217.26,4207.46,4236.85,4207.46,-1.000,sl,2.00
2025-12-09 21:45,2025-12-10 10:00,buy,4212.76,4201.46,4235.36,4201.46,-1.000,sl,11.25
2025-12-11 01:30,2025-12-11 18:45,buy,4228.42,4203.39,4278.48,4278.48,2.000,tp,17.25
2025-12-11 18:45,2025-12-12 11:45,buy,4273.71,4251.16,4318.80,4318.80,2.000,tp,16.00
2025-12-12 11:45,2025-12-12 15:30,buy,4318.53,4305.58,4344.43,4344.43,2.000,tp,3.75
2025-12-12 22:00,2025-12-15 07:30,buy,4300.06,4281.48,4337.23,4337.23,2.000,tp,8.50
2025-12-15 07:30,2025-12-15 16:00,buy,4339.18,4329.45,4358.65,4329.45,-1.000,sl,8.50
2025-12-15 20:45,2025-12-16 04:45,buy,4313.29,4294.73,4350.41,4294.73,-1.000,sl,7.00
2025-12-16 20:30,2025-12-17 17:30,buy,4309.01,4289.82,4347.39,4347.39,2.000,tp,20.00
2025-12-17 18:30,2025-12-18 16:45,buy,4333.69,4309.62,4381.83,4309.62,-1.000,sl,21.25
2025-12-18 17:00,2025-12-18 18:15,buy,4330.91,4310.51,4371.71,4371.71,2.000,tp,1.25
2025-12-19 01:00,2025-12-19 03:00,buy,4334.99,4323.07,4358.83,4323.07,-1.000,sl,2.00
2025-12-19 09:00,2025-12-19 17:00,buy,4327.62,4319.14,4344.58,4344.58,2.000,tp,8.00
2025-12-19 17:00,2025-12-22 03:00,buy,4341.85,4326.66,4372.23,4372.23,2.000,tp,9.00
2025-12-22 03:30,2025-12-22 07:30,buy,4381.91,4368.81,4408.11,4408.11,2.000,tp,4.00
2025-12-22 14:45,2025-12-22 17:45,buy,4415.81,4407.66,4432.10,4432.10,2.000,tp,3.00
2025-12-22 22:00,2025-12-23 01:15,buy,4438.79,4428.54,4459.29,4459.29,2.000,tp,2.25
2025-12-23 08:45,2025-12-23 16:00,buy,4481.69,4471.13,4502.82,4471.13,-1.000,sl,7.25
2025-12-23 18:45,2025-12-24 19:45,buy,4474.39,4447.40,4528.37,4480.49,0.226,time,24.00
2025-12-26 01:00,2025-12-26 03:00,buy,4489.06,4468.81,4529.55,4529.55,2.000,tp,2.00
2025-12-26 07:30,2025-12-26 17:30,buy,4512.37,4497.48,4542.15,4542.15,2.000,tp,10.00
2025-12-26 17:30,2025-12-26 19:15,buy,4538.08,4519.83,4574.57,4519.83,-1.000,sl,1.75
2025-12-29 07:30,2025-12-29 08:00,buy,4516.68,4503.49,4543.05,4503.49,-1.000,sl,0.50
2026-01-06 01:00,2026-01-06 01:30,buy,4451.79,4438.71,4477.95,4438.71,-1.000,sl,0.50
2026-01-06 08:15,2026-01-06 11:45,buy,4461.11,4447.84,4487.66,4447.84,-1.000,sl,3.50
2026-01-06 15:00,2026-01-06 20:00,buy,4465.77,4452.89,4491.53,4491.53,2.000,tp,5.00
2026-01-06 22:00,2026-01-07 03:00,buy,4485.59,4472.71,4511.35,4472.71,-1.000,sl,4.00
2026-01-07 10:00,2026-01-07 13:45,buy,4466.04,4448.89,4500.33,4448.89,-1.000,sl,3.75
2026-01-07 21:30,2026-01-08 04:30,buy,4453.56,4437.41,4485.85,4437.41,-1.000,sl,6.00
2026-01-08 23:00,2026-01-09 02:15,buy,4478.11,4464.38,4505.56,4464.38,-1.000,sl,2.25
2026-01-09 07:30,2026-01-09 15:30,buy,4467.60,4456.81,4489.19,4489.19,2.000,tp,8.00
2026-01-09 15:30,2026-01-12 01:00,buy,4487.31,4470.41,4521.11,4521.11,2.000,tp,8.50
2026-01-12 01:00,2026-01-12 02:15,buy,4530.51,4517.72,4556.08,4556.08,2.000,tp,1.25
2026-01-12 07:15,2026-01-12 15:00,buy,4572.66,4557.92,4602.15,4602.15,2.000,tp,7.75
2026-01-12 15:00,2026-01-12 16:15,buy,4606.71,4590.75,4638.64,4590.75,-1.000,sl,1.25
2026-01-12 21:00,2026-01-12 22:30,buy,4613.99,4596.86,4648.24,4596.86,-1.000,sl,1.50
2026-01-13 04:45,2026-01-13 08:30,buy,4594.48,4575.99,4631.46,4575.99,-1.000,sl,3.75
2026-01-13 13:30,2026-01-22 18:45,buy,4590.06,4578.36,4613.46,4613.46,2.000,tp,1.00
2026-01-23 01:00,2026-01-23 10:15,buy,4943.28,4922.85,4984.15,4922.85,-1.000,sl,9.25
2026-01-23 14:00,2026-01-23 18:00,buy,4934.04,4913.07,4975.97,4975.97,2.000,tp,4.00
2026-01-23 21:00,2026-01-26 01:00,buy,4974.26,4949.47,5023.84,5023.84,2.000,tp,3.00
2026-01-26 04:15,2026-01-26 07:15,buy,5088.12,5052.28,5159.79,5052.28,-1.000,sl,3.00
2026-01-26 10:15,2026-01-26 15:00,buy,5096.97,5068.89,5153.13,5068.89,-1.000,sl,4.75
2026-01-26 16:45,2026-01-26 18:15,buy,5096.67,5071.27,5147.46,5071.27,-1.000,sl,1.50
2026-01-27 01:30,2026-01-27 22:45,buy,5056.84,5009.34,5151.84,5151.84,2.000,tp,21.25
2026-01-27 22:45,2026-01-28 05:00,buy,5176.86,5146.76,5237.05,5237.05,2.000,tp,5.25
2026-01-28 12:00,2026-01-28 13:00,buy,5282.50,5253.25,5341.01,5253.25,-1.000,sl,1.00
2026-01-28 18:00,2026-01-28 22:30,buy,5284.54,5239.56,5374.50,5374.50,2.000,tp,4.50
2026-01-29 01:00,2026-01-29 01:30,buy,5475.18,5421.83,5581.88,5581.88,2.000,tp,0.50
2026-01-29 07:45,2026-01-29 10:30,buy,5562.64,5519.18,5649.55,5519.18,-1.000,sl,2.75
2026-01-29 13:45,2026-01-29 17:00,buy,5522.79,5476.33,5615.70,5476.33,-1.000,sl,3.25
2026-01-29 22:45,2026-01-30 03:00,buy,5394.26,5316.89,5549.00,5316.89,-1.000,sl,3.25
